ingredient_name,rating,benefits,categories,functional_group,info,source
Alcohol,Average,[],['Emollient' 'Cleansing Agent' 'Irritant'],['Support' 'Utility' 'Risks'],[],Paula's Choice
Alcloxa,Average,[],['Irritant' 'Exfoliant' 'Cleansing Agent'],['Actives' 'Utility' 'Risks'],"['Combination of sodium salt of aluminum + allantoin'
 'Used for wound healing and burn treatment'
 'Has antimicrobial properties' 'Can be an astringent'
 'Also known as aluminum chlorohydroxy allantoinate']",Paula's Choice
Albumen,Average,[],['Film-Forming Agent'],['Sensory'],"['Another name for egg white' 'Used as food and as a food additive'
 'Has skin tightening properties that can cause irritation'
 'Extracted peptides could have anti-aging benefits']",Paula's Choice
Acid,Average,[],['Exfoliant' 'pH Adjuster/Stabilizer'],['Actives' 'Utility'],[],Paula's Choice
Acetyl Tributyl Citrate,Average,[],['Film-Forming Agent'],['Sensory'],[],Paula's Choice
Acacia Farnesiana Extract,Average,[],"['Fragrance: Synthetic and Natural' 'Plant Extracts' 'Antioxidant'
 'Irritant']",['Actives' 'Support' 'Sensory' 'Risks'],"['Also known as “sweet acacia”Flowers + oil are highly fragrant and potentially irritating'
 'Has astringent capabilities'
 'Pods have anti-inflammatory and antioxidant properties']",Paula's Choice
Sorbitan Palmitate,Good,[],['Emulsifier' 'Cleansing Agent'],['Utility'],"['Primarily used in skin care as an emulsifier'
 'Considered a nonionic surfactant (mild cleansing agent)Capable of improving spreadability and dispersing ingredients'
 'May be plant- or animal-derived or synthetic']",Paula's Choice
Ziziphus Jujuba Fruit Extract,Good,['Anti-Aging'],['Plant Extracts' 'Antioxidant'],['Actives' 'Support'],[],Paula's Choice
Zingiber Aromaticus Extract,Good,['Anti-Aging'],['Antioxidant' 'Plant Extracts'],['Actives' 'Support'],"['Has antioxidant properties'
 'Name can be synonymous with Zingiber zerumbet'
 'Also called fragrant ginger' 'Source of antioxidant compound zerumbone']",Paula's Choice
Zinc Sulfate,Good,[],['Preservative'],['Utility'],"['Created through the reaction of sulfuric acid and zinc oxide'
 'Has stabilizing and preservative properties'
 'Conflicting research surrounds its anti-acne capabilities'
 'Ruled safe as used in cosmetics']",Paula's Choice
Zinc Stearate,Good,[],['Texture Enhancer' 'Coloring Agent/Pigment'],['Sensory'],[],Paula's Choice
Zinc Pyrithione,Good,[],['Preservative'],['Utility'],"['Cosmetic preservative that is effective against many pathogens'
 'Most popular in anti-dandruff shampoos'
 'May be suitable for “fungal acne”Comes in the form of white to slightly yellow crystals as a raw material']",Paula's Choice
Zinc Gluconate,Good,['Hydration'],['Humectant' 'Preservative'],['Support' 'Utility'],[],Paula's Choice
Zea Mays Corn Starch,Good,['Oil Control'],['Absorbent' 'Film-Forming Agent' 'Texture Enhancer'],['Sensory'],['Starch obtained from corn that can be formulated to serve different roles\xa0Most famously used as an absorbent that tempers shine on oily skin\xa0Also functions as a viscosity increasing ingredient and film-forming agent\xa0OTC monographed as a skin protectant when formulated under particular conditions\xa0Can also be used as an abrasive agent (not recommended in this capacity for the safety of skin)'],Paula's Choice
Zanthoxylum Bungeanum Fruit Extract,Good,['Anti-Aging' 'Soothing'],['Antioxidant' 'Plant Extracts'],['Actives' 'Support'],"['Fruit from a plant also called prickly ash'
 'Major component of Sichuanese cuisine'
 'Has natural analgesic properties'
 'Component of an ingredient blend called Zanthalene ®']",Paula's Choice
Yeast,Good,['Anti-Aging' 'Hydration' 'Soothing'],['Antioxidant' 'Humectant'],['Actives' 'Support'],[],Paula's Choice
Xymenynic Acid,Good,['Hydration'],['Humectant'],['Support'],['A synthetic fatty acid' 'Functions as a skin-softening agent'],Paula's Choice
Xylose,Good,['Hydration' 'Soothing'],['Humectant'],['Support'],[],Paula's Choice
Xylitylglucoside,Good,['Hydration' 'Soothing'],['Humectant'],['Support'],[],Paula's Choice
Ximenia Americana Oil,Good,['Anti-Aging' 'Hydration'],['Plant Extracts' 'Antioxidant'],['Actives' 'Support'],[],Paula's Choice
Xanthan Gum,Good,[],['Texture Enhancer' 'Cleansing Agent' 'Emulsifier'],['Utility' 'Sensory'],"['Is a polysaccharide, which is a type of carbohydrate'
 'Used as an aqueous thickening agent, texture enhancer, and emulsion stabilizer'
 'Is named for the bacteria Xanthomonas campestris'
 'Can also be used as a food additive, especially in sauces and salad dressings']",Paula's Choice
White Willow,Good,['Soothing'],['Plant Extracts' 'Antioxidant'],['Actives' 'Support'],"['Plant extract with proven skin-soothing, antioxidant benefits'
 'Contains beneficial compounds of salicin, polyphenols, and flavonoids'
 'Also goes by the name willow bark'
 'Often touted as a natural alternative to salicylic acid, however research shows the exfoliation association is questionable']",Paula's Choice
Whey Protein,Good,['Hydration'],['Humectant'],['Support'],[],Paula's Choice
Wheat Protein,Good,['Hydration'],['Humectant' 'Film-Forming Agent'],['Support' 'Sensory'],[],Paula's Choice
Wheat Germ Oil,Good,['Hydration' 'Anti-Aging'],['Emollient' 'Plant Extracts' 'Antioxidant'],['Actives' 'Support'],[],Paula's Choice
Wheat Germ Glycerides,Good,['Hydration' 'Anti-Aging'],['Emollient' 'Antioxidant'],['Actives' 'Support'],[],Paula's Choice
Wheat Amino Acids,Good,['Hydration' 'Anti-Aging'],['Humectant' 'Antioxidant'],['Actives' 'Support'],[],Paula's Choice
Watercress Extract,Good,['Anti-Aging'],['Plant Extracts' 'Antioxidant'],['Actives' 'Support'],[],Paula's Choice
Water,Good,['Hydration'],['Solvent'],['Utility'],"['The most widely used cosmetic ingredient'
 'Typically appears as the first ingredient in skin care products'
 'Only a 10% concentration is needed in skin’s outer layers for softness and pliability'
 'Studies show dry skin and oily skin do not have a significant difference in moisture levels']",Paula's Choice
Walnut Oil,Good,['Hydration'],['Emollient' 'Plant Extracts'],['Support'],[],Paula's Choice
VP/VA Copolymer,Good,[],['Film-Forming Agent' 'Polymer' 'Suspending/Dispersing Agent'],['Sensory'],"['A polymer, or large molecule, used in skin and hair care'
 'Film-forming agent that can hinder moisture loss'
 'Often used in hair care to keep hair in place'
 'CIR Expert Panel deemed safe for use']",Paula's Choice
VP/Hexadecene Copolymer,Good,[],['Polymer' 'Film-Forming Agent'],['Sensory'],[],Paula's Choice
VP/Eicosene Copolymer,Good,[],['Film-Forming Agent' 'Polymer'],['Sensory'],"['Film-forming agent often used in water-resistant sunscreens to improve adherence to skin'
 'Also works as a viscosity-increasing agent to enhance texture'
 'Sometimes included in lipstick formulations to add luster/shine'
 'Deemed safe by the Cosmetic Ingredient Review Expert Panel']",Paula's Choice
Vitis Vinifera Fruit Water,Good,['Hydration'],['Plant Extracts'],['Support'],"['Aqueous solution obtained from grapes'
 'Recognized as a skin-conditioning agent'
 'May be used to partially or completely replace the water content in skin care formulations'
 'Seed extract and oil forms of Vitis vinifera have more research backing their benefits for skin']",Paula's Choice
Vitamin K,Good,['Anti-Aging' 'Evens Skin Tone'],['Antioxidant'],['Actives'],[],Paula's Choice
Vitamin D,Good,['Anti-Aging'],['Antioxidant'],['Actives'],[],Paula's Choice
Vinyl Dimethicone/Methicone Silsesquioxane Crosspolymer,Good,[],['Silicone' 'Polymer' 'Texture Enhancer'],['Sensory'],"['Blend of silicone polymers'
 'Functions as a thickening agent and texture enhancer'
 'Typically used in amounts between 0.1-20%Deemed safe as used in cosmetics']",Paula's Choice
Vanillin,Good,['Anti-Aging'],['Antioxidant' 'Plant Extracts'],['Actives' 'Support'],"['Sweetly aromatic flavoring agent derived from vanilla beans'
 'Can also be produced synthetically or bio-fermented'
 'Antioxidant properties help sustain youthful skin'
 'Popular in lip products but also found in other personal care formulations']",Paula's Choice
Vanilla Planifolia Fruit Extract,Good,['Anti-Aging' 'Soothing'],['Plant Extracts' 'Antioxidant' 'Fragrance: Synthetic and Natural'],['Actives' 'Support' 'Sensory'],"['Known for its antioxidant benefits'
 'Serves as a skin-soothing ingredient'
 'Used as a flavoring agent in some lip products'
 'Its aromatic component (vanillin) is considered non-sensitizing']",Paula's Choice
Valine,Good,['Hydration' 'Soothing'],['Humectant'],['Support'],"['An essential amino acid that provides hydrating benefits'
 'One part of a soothing peptide also made of lysine and proline'
 'Works in the body with leucine and isoleucine to synthesize collagens'
 'May be animal-derived or synthetic']",Paula's Choice
VA/Crotonates Copolymer,Good,[],['Film-Forming Agent'],['Sensory'],[],Paula's Choice
Undecane,Good,[],['Emollient' 'Texture Enhancer'],['Support' 'Sensory'],"['Emollient that is known for offering a lightweight, smooth glide to formulations'
 'Touted for its quick absorbency and non-greasy finish'
 'Found naturally in coconut, palm, prickly pear, gooseberries, algae, and fungi'
 'Often used in tandem with tridecane (another emollient)']",Paula's Choice
Uncaria Tomentosa Extract,Good,['Soothing'],['Plant Extracts' 'Antioxidant'],['Actives' 'Support'],[],Paula's Choice
Ulmus Davidiana Root Extract,Good,['Anti-Aging' 'Hydration' 'Soothing'],['Antioxidant' 'Humectant' 'Plant Extracts'],['Actives' 'Support'],"['Plant extract derived from the Ulmus davidiana tree'
 'Hydrates and soothes skin due to its polysaccharide content'
 'Contains bakuchiol and catechin, antioxidants that help protect skin'
 'Reduces the look of fine lines and wrinkles']",Paula's Choice
Tryptophan,Good,['Hydration'],['Antioxidant' 'Humectant'],['Actives' 'Support'],[],Paula's Choice
Tropolone,Good,[],['Antioxidant' 'Preservative'],['Actives' 'Utility'],"['Organic compound that can be derived from plants'
 'Has antioxidant properties'
 'Used as a preservative due to its antimicrobial abilities'
 'Pale-yellow solid in its raw form']",Paula's Choice
Tropaeolum Majus Extract,Good,['Anti-Aging'],['Antioxidant' 'Plant Extracts'],['Actives' 'Support'],"['From the garden nasturtium plant'
 'Source of antioxidants vitamin C and lutein'
 'Also a skin conditioning ingredient']",Paula's Choice
Triticum Vulgare Germ Oil,Good,['Hydration' 'Anti-Aging'],['Emollient' 'Plant Extracts' 'Antioxidant'],['Actives' 'Support'],[],Paula's Choice
Triticum Vulgare (Wheat) Protein,Good,['Hydration'],['Humectant' 'Film-Forming Agent'],['Support' 'Sensory'],[],Paula's Choice
Triticum Vulgare (Wheat) Germ Extract,Good,['Hydration' 'Anti-Aging'],['Plant Extracts' 'Humectant' 'Antioxidant'],['Actives' 'Support'],[],Paula's Choice
Triticum Aestivum Leaf Powder,Good,['Anti-Aging'],['Antioxidant' 'Plant Extracts'],['Actives' 'Support'],"['Also known as wheatgrass powder'
 'Helps skin maintain a youthful appearance'
 'Assists in shielding skin from damage associated with external agents'
 'Contains vitamin C and other antioxidant-rich compounds']",Paula's Choice
Trisodium Ethylenediamine Disuccinate,Good,[],['Chelating Agent'],['Utility'],"['Chelating agent which binds with metal ions or metallic compounds'
 'Plays a pivotal role in the overall stability, aesthetics, and efficacy of the formulation'
 'Commonly used in body washes, cleansers, and shampoos'
 'Comes in either solid or granular form as a raw material']",Paula's Choice
Trisodium EDTA,Good,[],['Chelating Agent'],['Utility'],[],Paula's Choice
Trisiloxane,Good,['Hydration'],['Emollient' 'Silicone' 'Texture Enhancer'],['Support' 'Sensory'],"['A colorless, odorless siloxane fluid' 'Imparts a soft feel to skin'
 'Allows for seamless product spreadability'
 'Leaves a non-greasy feel on skin']",Paula's Choice
Tripleurospermum Maritimum Extract,Good,['Anti-Aging' 'Soothing' 'Hydration'],['Plant Extracts' 'Antioxidant'],['Actives' 'Support'],[],Paula's Choice
Tripeptide-32,Good,['Anti-Aging'],['Peptides'],['Actives'],"['Also called Spec'
 'Ped® TR32PAdditionally referred to as Chronolux™Has hydrating benefits'
 'Is claimed to regulate skin’s biological clock']",Paula's Choice
Trioctyldodecyl Citrate,Good,['Hydration'],['Humectant' 'Occlusive/Opacifying Agent'],['Support'],[],Paula's Choice
Trioctanoin,Good,['Hydration'],['Emollient' 'Texture Enhancer'],['Support' 'Sensory'],[],Paula's Choice
Trioclanolin,Good,['Hydration'],['Emollient' 'Texture Enhancer'],['Support' 'Sensory'],[],Paula's Choice
Trimethylsiloxysilicate,Good,['Hydration'],['Silicone' 'Occlusive/Opacifying Agent' 'Humectant'],['Support' 'Sensory'],[],Paula's Choice
Trilaurin,Good,['Hydration'],['Humectant' 'Occlusive/Opacifying Agent'],['Support'],[],Paula's Choice
Triisostearin,Good,[],['Emollient' 'Texture Enhancer'],['Support' 'Sensory'],"['A blend of glycerin and fatty acid stearic acid'
 'Is a triester, meaning it has three ester groups, such as triglyceride'
 'Adds spreadability and enhances texture by adding a cushiony feel'
 'Also known as glyceryl triisostearate']",Paula's Choice
Triisocetyl Citrate,Good,['Hydration'],['Humectant' 'Occlusive/Opacifying Agent'],['Support'],[],Paula's Choice
Trihydroxystearin,Good,['Hydration'],['Emollient' 'Texture Enhancer' 'Occlusive/Opacifying Agent'],['Support' 'Sensory'],"['Mix of glycerin and fatty acid hydroxystearic acid (which is derived from castor oil)Used in amounts between 1-7% as an occlusive or thickener in cosmetics'
 'Ruled safe as used in skin care, hair care, and makeup products'
 'Also used as a direct and indirect food additive']",Paula's Choice
Triheptanoin,Good,['Hydration'],['Emollient'],['Support'],"['Made from glycerin and an oily liquid known as heptanoic acid'
 'Sometimes used as a replacement for siloxane-type silicones'
 'Provides elegant, non-greasy emollient aesthetics'
 'Also used as a dispersing agent for UV filters']",Paula's Choice
Trigonella Foenum-Graecum Seed Extract,Good,['Hydration' 'Anti-Aging'],['Plant Extracts' 'Humectant' 'Antioxidant' 'Antibacterial'],['Actives' 'Support'],"['From a plant known as fenugreek'
 'Has antioxidant + anti-inflammatory benefits'
 'Also has antibacterial properties'
 'Can trigger allergic reactions in those with peanut allergies']",Paula's Choice
Triglyceride,Good,['Hydration'],['Texture Enhancer' 'Emollient'],['Support' 'Sensory'],[],Paula's Choice
Triethylhexanoin,Good,['Hydration'],['Solvent' 'Occlusive/Opacifying Agent' 'Humectant'],['Support' 'Utility'],"['Synthetic mixture of glycerin and 2-ethylhexanoic acid'
 'Functions as a solvent and occlusive agent'
 'Also works as a skin-conditioning emollient and hair conditioner'
 'Considered safe as used in cosmetics']",Paula's Choice
Triethoxysilylethyl Polydimethylsiloxyethyl Hexyl Dimethicone,Good,['Hydration'],['Silicone' 'Polymer' 'Occlusive/Opacifying Agent'],['Support' 'Sensory'],[],Paula's Choice
Triethoxycaprylylsilane Crosspolymer,Good,[],['Silicone' 'Film-Forming Agent' 'Polymer'],['Sensory'],[],Paula's Choice
Triethoxycaprylylsilane,Good,[],['Silicone' 'Texture Enhancer'],['Sensory'],"['Silicone that functions as a binding agent and emulsion stabilizer'
 'Used to coat mineral sunscreen actives and pigments, creating more pleasant aesthetics'
 'Can also help reduce oxidative stress'
 'Proven track record of safety in cosmetic use']",Paula's Choice
Tridecyl Trimellitate,Good,['Hydration'],['Emollient' 'Texture Enhancer' 'Film-Forming Agent'],['Support' 'Sensory'],"['Used as a skin-softening emollient, film-forming agent, and texture-enhancing ingredient'
 'Also touted as an excellent pigment dispersant in cosmetic formulas'
 'Described as a high-viscosity liquid in raw material form'
 'Deemed safe by the Cosmetic Ingredient Review Expert Panel']",Paula's Choice
Tridecyl Stearate,Good,['Hydration'],['Emollient' 'Texture Enhancer'],['Support' 'Sensory'],"['The ester obtained from the reaction of tridecyl alcohol combined with stearic acid'
 'Works as a texture-enhancer/thickening agent and skin-softening emollient'
 'Touted for its quick absorption and velvety after feel'
 'Described as a clear oily liquid in raw material form']",Paula's Choice
Tridecyl Salicylate,Good,['Hydration'],['Humectant'],['Support'],[],Paula's Choice
Trideceth-6,Good,[],['Emulsifier' 'Cleansing Agent'],['Utility'],[],Paula's Choice
Trideceth-12,Good,[],['Cleansing Agent' 'Emulsifier'],['Utility'],[],Paula's Choice
Tridecane,Good,[],['Emollient' 'Solvent' 'Texture Enhancer'],['Support' 'Utility' 'Sensory'],"['Emollient that is known for offering a lightweight, smooth glide to skin care formulations\u202fTouted for prolonging wear of makeup formulations\u202fFound in okra and other natural sources\u202fOften used as an alternative to silicones (for those who prefer such)']",Paula's Choice
Tricaprylin,Good,['Hydration'],['Emollient'],['Support'],[],Paula's Choice
Tribehenin PEG-20 Esters,Good,['Hydration'],['Emollient' 'Emulsifier' 'Cleansing Agent'],['Support' 'Utility'],[],Paula's Choice
Tribehenin,Good,['Hydration'],['Humectant' 'Occlusive/Opacifying Agent'],['Support'],"['Mixture of glycerin + behenic acid that helps prevent moisture loss and conditions skin/hair'
 'May also be used as an occlusive agent and “gloss aid for cosmetics”Can be plant-derived or synthetic'
 'Deemed safe as a cosmetic ingredient']",Paula's Choice
Triacetin,Good,[],['Solvent' 'Texture Enhancer' 'Preservative'],['Utility' 'Sensory'],"['Triglyceride is used in cosmetics as a solvent to help form solutions'
 'Can also serve as a cosmetic preservative'
 'Improves texture as a plasticizer'
 'Characterized as a colorless and odorless liquid']",Paula's Choice
Trehalose,Good,['Hydration'],['Humectant'],['Support'],"['Water-binding plant sugar that delivers hydrating properties for skin'
 'Offers antioxidant properties to preserve skin’s youthfulness'
 'Can also be used to thicken cosmetic formulas'
 'White, odorless powder in its raw material form']",Paula's Choice
Tragacanth,Good,[],['Texture Enhancer'],['Sensory'],[],Paula's Choice
Tocopheryl Nicotinate,Good,['Anti-Aging'],['Antioxidant'],['Actives'],"['Ester of vitamin E + vitamin B3Has antioxidant properties'
 'Also a skin soothing ingredient' 'Ruled safe as used in cosmetics']",Paula's Choice
Tin Oxide,Good,[],['Occlusive/Opacifying Agent'],['Support'],"['Mineral-derived cosmetic ingredient that is most often used to lend opacity to a formula'
 'May also function as a bulking agent, increasing the volume of the formula'
 'White-to-grayish powder in raw material form'
 'Also goes by the name “tin(IV) oxide” in research literature']",Paula's Choice
Thymol,Good,['Anti-Aging' 'Soothing'],['Antioxidant' 'Fragrance: Synthetic and Natural' 'Plant Extracts'],['Actives' 'Support' 'Sensory'],"['Found in thyme oil' 'Has antioxidant and soothing properties'
 'Can be sensitizing in large amounts']",Paula's Choice
Threonine,Good,['Anti-Aging' 'Hydration'],['Antioxidant' 'Humectant'],['Actives' 'Support'],"['An essential amino acid that provides hydrating benefits'
 'Most often found in blends with other skin care ingredients'
 'Part of peptides that contribute to visibly firmer skin'
 'In the body, threonine plays a signaling role to maintain health']",Paula's Choice
Thiotaurine,Good,['Anti-Aging' 'Hydration'],['Antioxidant' 'Humectant'],['Actives' 'Support'],[],Paula's Choice
Thickening Agent,Good,[],['Texture Enhancer' 'Emulsifier'],['Utility' 'Sensory'],[],Paula's Choice
Tetrasodium Glutamate Diacetate,Good,[],['Chelating Agent'],['Utility'],[],Paula's Choice
Tetrasodium Etidronate,Good,[],['Chelating Agent'],['Utility'],[],Paula's Choice
Tetrasodium EDTA,Good,[],['Chelating Agent'],['Utility'],"['Prevents minerals and metals in water from bonding to other ingredients'
 'Helps prevent unwanted changes to a product’s texture, smell, or consistency'
 'A salt form of EDTA (ethylenediamine tetraacetic acid)Is related to disodium and trisodium EDTAs']",Paula's Choice
Tetrapeptide-21,Good,['Anti-Aging'],['Peptides'],['Actives'],"['Synthetic peptide' 'Composed of glutamic acid, glycine, and lysine'
 'Part of a blend known by the trade name Spec'
 'Ped® SC-Tetra21Claimed to boost proteins in skin’s extracellular matrix']",Paula's Choice
Tetrahydroxypropyl Ethylenediamine,Good,[],['Chelating Agent'],['Utility'],"['Chelating agent' 'Binds with metal ions or metallic compounds'
 'Prevents metal ions from adhering to a surface (such as skin)Also helps prevent contamination']",Paula's Choice
Tetradibutyl Pentaerithrityl Hydroxyhydrocinnamate,Good,[],['Antioxidant' 'pH Adjuster/Stabilizer' 'Preservative'],['Actives' 'Utility'],[],Paula's Choice
Terpineol,Good,['Anti-Aging' 'Soothing'],['Antioxidant' 'Fragrance: Synthetic and Natural' 'Plant Extracts'],['Actives' 'Support' 'Sensory'],"['Found in cardamom and essential oils' 'Has anti-inflammatory properties'
 'Is an antioxidant that may improve skin’s healthy longevity'
 'Promotes an anti-acne environment on skin'
 'Can be sensitizing in large quantities']",Paula's Choice
Terminalia Arjuna Extract,Good,['Anti-Aging' 'Dark Spot Fading'],['Antioxidant' 'Plant Extracts'],['Actives' 'Support'],"['From the arjuna plant' 'Has skin conditioning properties'
 'Also an antioxidant and anti-inflammatory ingredient']",Paula's Choice
Tasmannia Lanceolata Fruit/Leaf Extract,Good,['Anti-Aging'],['Antioxidant'],['Actives'],"['Comes from a shrub native to Australia commonly known as the Tasmannia Pepper or Mountain Pepper'
 'This plant’s fruit and leaves are rich in antioxidants, which have soothing/anti-aging benefits'
 'Linked to improving the appearance of stretch marks but more independent studies are needed'
 'Although this plant contains fragrance chemicals, it’s not overly concerning in this extract form']",Paula's Choice
Tapioca Starch,Good,['Oil Control'],['Texture Enhancer' 'Absorbent'],['Sensory'],[],Paula's Choice
Tamarindus Indica Seed Gum,Good,['Hydration'],['Emulsifier' 'Texture Enhancer' 'Humectant'],['Support' 'Utility' 'Sensory'],"['Natural polysaccharide extracted from cluster bean seeds of the tamarind tree'
 'Adds thickening and gelling properties to create smooth textures'
 'Other functions include emulsion stabilizer, skin-conditioning agent, and humectant“Upcycled” skin care ingredient when it is salvaged as a byproduct of tamarind fruit pulp waste']",Paula's Choice
Tamanu Oil,Good,['Hydration' 'Anti-Aging'],['Emollient' 'Plant Extracts' 'Antioxidant'],['Actives' 'Support'],[],Paula's Choice
Tagetes Erecta Flower Extract,Good,['Anti-Aging' 'Dark Spot Fading'],['Antioxidant' 'Plant Extracts'],['Actives' 'Support'],"['From the Aztec or Mexican marigold' 'Has skin conditioning properties'
 'Also an antioxidant and anti-inflammatory ingredient'
 'Could potentially fade dark spots']",Paula's Choice
Synthetic Wax,Good,[],['Texture Enhancer' 'pH Adjuster/Stabilizer'],['Utility' 'Sensory'],[],Paula's Choice
Synthetic Fluorphlogopite,Good,[],['Texture Enhancer'],['Sensory'],[],Paula's Choice
Synthetic Fluorophlogopite,Good,[],['Texture Enhancer'],['Sensory'],[],Paula's Choice
Synthetic Beeswax,Good,[],['Texture Enhancer'],['Sensory'],"['Vegan material designed to mimic beeswax'
 'Made of esters and fatty alcohols'
 'Emollient, skin protectant, and texture enhancer'
 'Ruled safe as used in cosmetics']",Paula's Choice
Symphytum Officinale Callus Culture Extract,Good,['Anti-Aging'],['Antioxidant' 'Plant Extracts'],['Actives' 'Support'],"['Stem cell extract from the comfrey plant'
 'Has antioxidant and soothing properties'
 'Helps improve some visible signs of aging'
 'Does not present the same problems for skin as pure comfrey']",Paula's Choice
Sweet Almond,Good,['Anti-Aging' 'Hydration'],['Plant Extracts' 'Antioxidant'],['Actives' 'Support'],[],Paula's Choice
Surfactant,Good,[],['Cleansing Agent' 'Emulsifier'],['Utility'],[],Paula's Choice
Sulfur,Good,['Anti-Acne'],['Irritant' 'Antibacterial' 'Exfoliant'],['Actives' 'Risks'],"['Non-metal chemical element'
 'Antimicrobial, exfoliating & anti-inflammatory properties'
 'Used to treat several skin issues, including acne'
 'Typically used in amounts from 3-10%Can cause dryness & irritation in high concentrations']",Paula's Choice
Sulfates,Good,[],['Cleansing Agent' 'Emulsifier'],['Utility'],[],Paula's Choice
Sucrose Stearate,Good,['Hydration'],['Cleansing Agent' 'Emollient'],['Support' 'Utility'],[],Paula's Choice
Sucrose Laurate,Good,['Hydration'],['Cleansing Agent' 'Emollient' 'Emulsifier'],['Support' 'Utility'],"['Created from a combination of sugar and lauric acid'
 'Functions as an emollient/skin-conditioning agent and emulsifier/surfactant'
 'Often touted as a gentle cleansing agent'
 'P&G study suggests blending this ingredient with dilaurate to mitigate skin dulling/yellowing']",Paula's Choice
Sucrose Cocoate,Good,[],['Emollient' 'Emulsifier' 'Texture Enhancer'],['Support' 'Utility' 'Sensory'],"['Made from coconut acid but may also be synthetic'
 'Used as a gentle surfactant, emulsifier, and emollient'
 'Improves foaming aesthetic when added to cleansers'
 'Improves texture and spreadability of creams and lotions']",Paula's Choice
Sucrose,Good,['Hydration'],['Humectant'],['Support'],[],Paula's Choice
Succinic Acid,Good,['Soothing' 'Anti-Acne'],['pH Adjuster/Stabilizer' 'Chelating Agent'],['Utility'],"['Used in cosmetics to adjust p' 'H and mask unpleasant odors'
 'Produced naturally on skin where it controls the population of C. acnes'
 'Products with succinic acid may play an indirect role in improving breakouts'
 'May be synthetic or obtained via fermentation']",Paula's Choice
Styrene/Isoprene Copolymer,Good,[],['Occlusive/Opacifying Agent' 'Polymer' 'Texture Enhancer'],['Support' 'Sensory'],"['Synthetic polymer' 'Film-forming agent and opacifier'
 'Sometimes used to make hydrocolloid bandages'
 'Ruled safe as used in cosmetics']",Paula's Choice
Styrene/Butadiene Copolymer,Good,[],['Occlusive/Opacifying Agent' 'Polymer' 'Texture Enhancer'],['Support' 'Sensory'],"['Synthetic polymer' 'Has elastic and viscous properties'
 'Can be used in making hydrocolloid bandages'
 'Ruled safe as used in cosmetics']",Paula's Choice
Styrene/Acrylates Copolymer,Good,[],[],[],[],Paula's Choice
Stearyl Stearate,Good,[],['Texture Enhancer' 'Occlusive/Opacifying Agent'],['Support' 'Sensory'],[],Paula's Choice
Stearyl Methicone,Good,['Hydration'],['Silicone' 'Polymer' 'Texture Enhancer'],['Sensory'],[],Paula's Choice
Stearyl Dimethicone,Good,[],['Silicone' 'Polymer' 'Texture Enhancer'],['Sensory'],[],Paula's Choice
Stearyl Alcohol,Good,[],['Texture Enhancer' 'Emulsifier' 'Cleansing Agent'],['Utility' 'Sensory'],"['Fatty alcohol used as a moisturizer and cleansing agent'
 'Ruled safe as a food additive and as used in cosmetics'
 'Is a white, waxy substance in its raw form'
 'Also known as 1-octadecanol']",Paula's Choice
Stearic Acid,Good,['Hydration'],['Emollient' 'Emulsifier' 'Texture Enhancer'],['Support' 'Utility' 'Sensory'],"['Functions as an emollient, emulsifier, cleansing and texture-enhancing ingredient in skin care formulas'
 ""Protects skin's surface against water loss and helps shore up skin's protective barrier""
 'May be synthetic or animal-derived'
 'Described as white to faintly yellow crystals/powder in its raw material form.']",Paula's Choice
Steareth-21,Good,[],['Emulsifier'],['Utility'],['Waxy compound that is a derivative of the fatty alcohol stearyl alcohol\u202fFunctions as a surfactant and solubilizing agent\u202fHelps keep ingredients together in an emulsion\u202fDeemed safe by the independent Cosmetic Ingredient Review panel'],Paula's Choice
Steareth-20,Good,[],['Cleansing Agent' 'pH Adjuster/Stabilizer'],['Utility'],"['Derivative of fatty alcohol stearyl alcohol'
 'Functions as a surfactant and stabilizer'
 'Helps keep ingredients together in an emulsion'
 'Deemed safe as used in cosmetics']",Paula's Choice
Steareth-2,Good,[],['Emulsifier'],['Utility'],"['Waxy compound that is a derivative of stearyl alcohol (which is a non-irritating fatty alcohol)Primarily functions as an emulsifier to help water and oil-based ingredients stay blended'
 'Often combined with steareth-21 to improve a product’s sensory attributes'
 'Deemed safe by the independent Cosmetic Ingredient Review panel']",Paula's Choice
Stearates,Good,['Hydration'],['Texture Enhancer' 'Emollient' 'Emulsifier'],['Support' 'Utility' 'Sensory'],[],Paula's Choice
Stearamidopropyl Dimethylamine,Good,[],['Cleansing Agent' 'Emulsifier' 'Texture Enhancer'],['Utility' 'Sensory'],"['Used as an emulsifier and surfactant (cleansing agent) in cosmetic formulations'
 'Popular in hair care, where it is praised for delivering antistatic/conditioning properties'
 'Can help build viscosity within a formulation'
 'Typical usage levels range from of 0.01-5% (deemed safe by the Cosmetic Ingredient Review)']",Paula's Choice
Stearalkonium Hectorite,Good,[],['Suspending/Dispersing Agent'],['Sensory'],"['Hectorite clay-derived fine power'
 'Used as a suspending/dispersing agent in cosmetics'
 'Helps prevent particle settling in formulas'
 'Deemed safe for use in cosmetics']",Paula's Choice
Stearalkonium Chloride,Good,[],['Texture Enhancer' 'Emulsifier'],['Utility' 'Sensory'],[],Paula's Choice
Steapyrium Chloride,Good,[],['Texture Enhancer' 'Emulsifier'],['Utility' 'Sensory'],[],Paula's Choice
Spirulina Maxima Extract,Good,['Anti-Aging' 'Soothing'],['Plant Extracts' 'Antioxidant'],['Actives' 'Support'],[],Paula's Choice
Spirulina,Good,['Anti-Aging' 'Soothing'],['Plant Extracts' 'Antioxidant'],['Actives' 'Support'],[],Paula's Choice
Spilanthes Acmella Flower Extract,Good,['Anti-Aging' 'Dark Spot Fading'],['Antioxidant' 'Plant Extracts'],['Actives' 'Support'],"['Also known as Acmella oleracea flower extract'
 'Has potent antioxidant properties'
 'Also could improve the look of hyperpigmentation'
 'Has a potential “freezing” effect on wrinkles']",Paula's Choice
Spermidine,Good,['Anti-Aging' 'Evens Skin Tone' 'Soothing'],['Antioxidant' 'Plant Extracts'],['Actives' 'Support'],"['Natural compound in plants, fungi and animals'
 'Has potential to regulate aspects of aging skin'
 'Proven to deliver skin-soothing benefits'
 'May mitigate the appearance of hypopigmentation'
 'More research related to topical application is needed']",Paula's Choice
Sorbitan Tristearate,Good,[],['Emulsifier'],['Utility'],"['Surfactant and emulsifier' 'Derived from natural sugar sorbitol'
 'Ruled safe as used in cosmetics'
 'In its raw form, has a waxy consistency and light cream to tan color']",Paula's Choice
Sorbitan Stearate,Good,[],['Emulsifier' 'Texture Enhancer'],['Utility' 'Sensory'],"['Primarily used as an emulsifier to enhance the texture of skin care and makeup products'
 'Helps thicken and stabilize the formulation'
 'May also act as a dispersing agent.Light cream to tan in color and can take the form of beads, flakes or a hard waxy solid'
 'Deemed safe by the Cosmetic Ingredient Review Expert Panel (most recently in 2019)']",Paula's Choice
Sorbitan Sesquioleate,Good,[],['Texture Enhancer' 'Emulsifier'],['Utility' 'Sensory'],[],Paula's Choice
Sorbitan Olivate,Good,[],['Cleansing Agent' 'Emulsifier'],['Utility'],[],Paula's Choice
Sorbitan Oleate,Good,[],['Cleansing Agent' 'Emulsifier'],['Utility'],"['Emulsifier and cleansing agent' 'Also used in food preparations'
 'Ruled safe as used in cosmetics'
 'Yellow to brown liquid in its raw form']",Paula's Choice
Sorbitan Laurate,Good,[],['Cleansing Agent' 'Emulsifier'],['Utility'],"['Works as a cleansing agent and emulsifier'
 'Also used to enhance the overall texture of skin care products'
 'May be naturally derived or synthetic'
 'Deemed safe in the low amounts used in cosmetics']",Paula's Choice
Sorbitan Isostearate,Good,[],['Cleansing Agent' 'Emulsifier'],['Utility'],"['Similar to the liquid fatty acid isostearic acid'
 'Works as a mild cleansing agent and emulsifier'
 'Helps stabilize water-in-oil formulas'
 'Not prone to breaking down when exposed to air']",Paula's Choice
Sorbic Acid,Good,[],['Preservative'],['Utility'],"['Preservative naturally derived from mountain ash berries'
 'Used to prevent the growth of bacteria, mold, and fungi'
 'In addition to cosmetics, it is also used to preserve foods'
 'Ruled safe as used in cosmetics']",Paula's Choice
Sorbeth-30 Tetraoleate,Good,[],['Emulsifier'],['Utility'],"['Emulsifying agent and surfactant' 'Used often in oil-based cleansers'
 'Ruled safe as used in cosmetics'
 'Typical usage in rinse-off products is 0.11-10.8%']",Paula's Choice
Sorbeth-230 Tetraoleate,Good,[],['Cleansing Agent' 'Texture Enhancer' 'Emulsifier'],['Utility' 'Sensory'],['--Synthetic surfactant (cleansing agent)--Has helpful emulsifying properties--Aids cleanser stability and helps maintain clarity--Made from sorbitol and oleic acid derivatives'],Paula's Choice
Sophora Angustifolia Root Extract,Good,['Anti-Aging' 'Dark Spot Fading'],['Antioxidant' 'Plant Extracts'],['Actives' 'Support'],"['Root extract of a plant known as Chinese sophora and ku shen'
 'Good source of antioxidants'
 'Research shows it can fight dark spots + discolorations'
 'May work on skin in a manner similar to hydroquinone']",Paula's Choice
Sonojell,Good,['Hydration' 'Soothing'],['Emollient' 'Occlusive/Opacifying Agent'],['Support'],[],Paula's Choice
Solvent,Good,[],['Solvent'],['Utility'],[],Paula's Choice
Soluble Collagen,Good,['Hydration'],['Humectant'],['Support'],"['Humectant ingredient that promotes hydration'
 'Traps moisture and reduces transepidermal water loss'
 'Derived from bovine or fish connective tissues and skin'
 'Does not have strong anti-aging benefits'
 'Cosmetic Ingredient Review Expert Panel deemed safe for skin']",Paula's Choice
Solidago Virgaurea (Goldenrod) Extract,Good,['Anti-Aging'],['Antioxidant' 'Plant Extracts'],['Actives' 'Support'],"['Used in traditional European medicinal practices'
 'Rich in antioxidant compounds such as epigallocatechin and quercetin'
 'Exhibits anti-aging benefits when applied topically'
 'May have antimicrobial properties']",Paula's Choice
Solanum Tuberosum Extract,Good,['Hydration' 'Anti-Aging'],['Humectant' 'Antioxidant' 'Plant Extracts'],['Actives' 'Support'],"['Derived from potatoes' 'Has antioxidant properties'
 'Also has soothing benefits' 'Could help fade dark spots']",Paula's Choice
Solanum Melongena Fruit Extract,Good,['Anti-Aging'],['Antioxidant' 'Plant Extracts'],['Actives' 'Support'],"['Plant extract derived from the solanum melongena berry'
 'Contains antioxidant rich polyphenols Helps to reduce the appearance of signs of aging due to environmental stress'
 'Also known as eggplant or aubergine']",Paula's Choice
Sodium Trideceth Sulfate,Good,[],['Cleansing Agent'],['Utility'],[],Paula's Choice
Sodium Sulfacetamide,Good,['Anti-Acne' 'Soothing'],['Antibacterial'],['Actives'],"['Used in clinical settings' 'Antibacterial agent tackles acne + rosacea'
 'Contains one sulfur atom' 'Used alongside sulfur against acne'
 'Usages range from 5-15%']",Paula's Choice
Sodium Succinate,Good,[],['pH Adjuster/Stabilizer'],['Utility'],"['Sodium salt of succinic acid' 'Works as a p'
 'H adjuster and buffering agent'
 'May be synthetic or made via fermentation'
 'Ruled safe in its current usages']",Paula's Choice
Sodium Stearoyl Lactylate,Good,[],['Emulsifier' 'Texture Enhancer'],['Utility' 'Sensory'],"['Stabilizes the water phase of formulas that contain hydrating ingredients'
 'Works via its interaction with proteins and starches, where it can also help modify a product’s texture'
 'Often classified as a surfactant/emulsifying agent'
 'Described as a white to pale yellow waxy substance in its raw material form']",Paula's Choice
Sodium Stearoyl Glutamate,Good,['Hydration'],['Cleansing Agent' 'Emulsifier'],['Utility'],"['Gentle cleansing agent with emulsifying properties'
 'Made from amino acid glutamic acid' 'May be synthetic or animal-derived'
 'Considered safe as use in cosmetics']",Paula's Choice
Sodium RNA,Good,['Anti-Aging'],['Antioxidant'],['Actives'],"['Derivative of ribonucleic acid, an acid present in all living cells'
 'Primarily used as a skin conditioning ingredient'
 'Could have antioxidant and soothing properties\\Usually derived from yeast']",Paula's Choice
Sodium Polyacrylate Starch,Good,['Oil Control'],['Absorbent' 'Texture Enhancer'],['Sensory'],[],Paula's Choice
Sodium Polyacrylate,Good,['Oil Control'],['Film-Forming Agent' 'Polymer' 'Absorbent'],['Sensory'],"['Used as a film-forming agent, stabilizer, thickener, and absorbent in cosmetics'
 'Can absorb 100-1000 times its mass in water'
 'Also used as a food additive'
 'Is a white granular powder in its raw form']",Paula's Choice
Sodium Phytate,Good,[],['Chelating Agent'],['Utility'],"['Synthetic salt form of the antioxidant phytic acid'
 'Works as a chelating agent, keeping metals from binding to water in cosmetics'
 'Also helps stabilize the formula'
 'A hygroscopic powder (meaning it attracts moisture from its surroundings)']",Paula's Choice
Sodium PEG-7 Olive Oil Carboxylate,Good,['Hydration'],['Cleansing Agent' 'Emollient'],['Support' 'Utility'],[],Paula's Choice
Sodium Palmitoyl Sarcosinate,Good,['Hydration'],['Cleansing Agent'],['Utility'],[],Paula's Choice
Sodium Myristoyl Sarcosinate,Good,[],['Cleansing Agent' 'Emollient'],['Support' 'Utility'],"['Sodium salt of myristoyl sarcosine'
 'Functions as a hair conditioning agent, emollient, and cleansing agent'
 'Helps create a fine, stable foam for an elevated cleansing experience Ruled safe as currently used in cosmetics']",Paula's Choice
Sodium Myreth Sulfate,Good,[],['Cleansing Agent'],['Utility'],[],Paula's Choice
Sodium Methyl Taurate,Good,[],['Cleansing Agent'],['Utility'],[],Paula's Choice
Sodium Methyl Oleoyl Taurate,Good,[],['Cleansing Agent' 'Texture Enhancer'],['Utility' 'Sensory'],"['Cleansing agent commonly found in shampoos, facial cleansers, and body washes'
 'Helps build viscosity and boosts foaming properties of the formula'
 'Noted for its gentleness'
 'Can be derived formal plant, animal, or synthetic sources']",Paula's Choice
Sodium Methyl Cocoyl Taurate,Good,[],[],[],[],Paula's Choice
Sodium Levulinate,Good,['Hydration'],['Humectant'],['Support'],"['Salt of levulinic acid' 'Levulinic acid helps condition and soften skin'
 'Also exhibits antimicrobial action'
 'Safety in cosmetics is under review']",Paula's Choice
Sodium Laurylglucosides Hydroxypropylsulfonate,Good,[],['Cleansing Agent' 'Emulsifier'],['Utility'],"['Mild cleansing agent derived from corn and coconut'
 'Used to adjust the foaming and lathering properties of cleansers'
 'Considered non-irritating to eyes'
 'Interesting fusion of natural and synthetic technologies']",Paula's Choice
Sodium Lauryl Glucose Carboxylate,Good,[],['Cleansing Agent'],['Utility'],[],Paula's Choice
Sodium Lauroyl Sarcosinate,Good,[],['Cleansing Agent' 'Emulsifier'],['Utility'],"['Used as a surfactant (cleansing agent)Can be plant-derived or created synthetically'
 'Offers excellent stability + is gentle on skin'
 'Most popular in cleansers/shampoos but can also be used as an emulsifier in leave-on formulas'
 'Proven track record of safety (up to 15% for rinse-off products; 5% for leave-on)']",Paula's Choice
Sodium Lauroyl Methyl Isethionate,Good,[],['Cleansing Agent'],['Utility'],"['Cleansing agent that is noted in research for its gentleness on skin'
 'Praised for delivering a “dense, luxurious foam and elegant after-feel”Can be naturally derived from coconuts'
 'Deemed safe by the Cosmetic Ingredient Review Expert Panel']",Paula's Choice
Sodium Lauroyl Lactylate,Good,[],['Texture Enhancer' 'Emulsifier'],['Utility' 'Sensory'],"['Naturally derived ingredient'
 'Used as an emulsifier and mild thickening agent'
 'In higher concentrations, works as a cleanser'
 'Deemed safe as used in cosmetics']",Paula's Choice
Sodium Lauroyl Glutamate,Good,[],['Cleansing Agent'],['Utility'],"['Mild cleansing agent and surfactant'
 'Imparts softening benefits to skin'
 'Appears in cosmetics in amounts between 0.003% and 40%CIR Expert Panel deemed safe for use']",Paula's Choice
Sodium Lauroamphoacetate,Good,[],['Cleansing Agent'],['Utility'],"['Considered one of the gentlest cleansing agents'
 'Also used to boost foaming properties'
 'Often used in formulating cleansers for babies'
 'Helps stabilize and works well with other cleansing agents']",Paula's Choice
Sodium Laureth Sulfate,Good,[],['Cleansing Agent'],['Utility'],"['Cleansing agent that produces a foaming/lathering effect'
 'Commonly found in facial cleansers, body washes, and shampoos'
 'Can be derived from coconut or produced synthetically'
 'Recognized as gentle and safe by numerous industry experts/organizations'
 'Appears as a slightly hazy or clear solution in its raw state']",Paula's Choice
Sodium Laureth-13 Carboxylate,Good,[],['Cleansing Agent'],['Utility'],[],Paula's Choice
Sodium Lactate,Good,['Hydration'],['pH Adjuster/Stabilizer' 'Humectant'],['Support' 'Utility'],"['The sodium salt of lactic acid'
 'Works as a hydration-enhancing ingredient due to its hygroscopic nature'
 'Also functions as a buffering agent (to adjust a product’s p'
 'H value)Is an antioxidant, while higher amounts can exfoliate'
 'Proven track record of safety']",Paula's Choice
Sodium Isethionate,Good,[],['Cleansing Agent'],['Utility'],"['Used as a surfactant' 'Becomes a detergent when it contacts oleic acid'
 'Ruled safe as used in cosmetics']",Paula's Choice
Sodium Hyaluronate Dimethylsilanol,Good,['Hydration'],['Humectant' 'Texture Enhancer'],['Support' 'Sensory'],"['Ester of sodium hyaluronate'
 'Functions as a humectant and skin conditioner'
 'Sold in a blend known as Recelderm']",Paula's Choice
Sodium Hexametaphosphate,Good,[],['Cleansing Agent' 'Emulsifier' 'Texture Enhancer'],['Utility' 'Sensory'],[],Paula's Choice
Sodium Glycolate,Good,[],['pH Adjuster/Stabilizer'],['Utility'],"['Buffering agent used in skin care' 'Helps to adjust and stabilize the p'
 'H of a skin care formula' 'Comprised of sodium and glycolate ions'
 'Related to AHAs (alpha hydroxy acids), though it does not exfoliate']",Paula's Choice
Sodium Gluconate,Good,['Hydration'],['Chelating Agent' 'Humectant'],['Support' 'Utility'],"['The synthetic salt form of gluconic acid'
 'Helps improve the stability of skin care formulas'
 'Can function as a humectant, helping skin retain water'
 'The human body can produce gluconates on its own']",Paula's Choice
Sodium Dilauramidoglutamide Lysine,Good,['Hydration'],['Humectant'],['Support'],[],Paula's Choice
Sodium Dextran Sulfate,Good,[],['Suspending/Dispersing Agent'],['Sensory'],"['Suspending agent' 'Ruled safe as used in makeup and skin care'
 'Maximum usage concentration is 0.5% in leave-on products'
 'White powder in its raw form']",Paula's Choice
Sodium Dehydroacetate,Good,[],['Preservative'],['Utility'],[],Paula's Choice
Sodium Cocoyl Isethionate,Good,[],['Cleansing Agent'],['Utility'],"['Coconut-derived cleansing agent regarded as compatible with sensitive skin'
 'Known to mitigate disruption of skin’s barrier'
 'Produces gentle foaming action'
 'Deemed safe by the Cosmetic Ingredient Review Expert Panel']",Paula's Choice
Sodium Cocoyl Glycinate,Good,[],['Cleansing Agent'],['Utility'],"['Amino acid-derived cleansing agent' 'Also used in hair care products'
 'May be animal- or plant-derived'
 'Considered mild, non-drying, and non-irritating']",Paula's Choice
Sodium Cocoyl Glutamate,Good,[],['Cleansing Agent'],['Utility'],"['Mild cleansing agent made from glutamic acid and coconut oil'
 'Considered non-irritating to skin'
 'Produces a rich lather that also helps stabilize cleansers'
 'May be animal- or plant-derived or made synthetically']",Paula's Choice
Sodium Cocoyl Amino Acids,Good,[],['Cleansing Agent'],['Utility'],"['Made from amino acids derived from coconut.Works as a gentle cleansing and skin-replenishing ingredient'
 'Considered safe as used in cosmetics'
 'Often used as part of a blend with skin-conditioning ingredients']",Paula's Choice
Sodium Cocoamphoacetate,Good,[],['Cleansing Agent'],['Utility'],[],Paula's Choice
Sodium Citrate,Good,[],['pH Adjuster/Stabilizer' 'Chelating Agent' 'Antioxidant' 'Preservative'],['Actives' 'Utility'],"['Is a salt of citric acid, which can be derived from citrus'
 'Is primarily used to control the p' 'H level of a product'
 'Has antioxidant and preservative properties'
 'Is also used in food and medical applications']",Paula's Choice
Sodium Cetearyl Sulfate,Good,[],['Cleansing Agent'],['Utility'],[],Paula's Choice
Sodium Carboxymethyl Beta-Glucan,Good,['Hydration'],['Texture Enhancer' 'Humectant'],['Support' 'Sensory'],[],Paula's Choice
Sodium Carbomer,Good,[],['Film-Forming Agent' 'pH Adjuster/Stabilizer'],['Utility' 'Sensory'],"['A blend of sodium (salt) and the gelling agent carbomer'
 'Used as a stabilizer and film-forming agent'
 'Does not require an alkaline catalyst to thicken it, as some other carbomers do'
 'Deemed safe as used in cosmetics']",Paula's Choice
Sodium Caproyl Methyltaurate,Good,[],['Cleansing Agent'],['Utility'],"['Mild surfactant and cleansing agent'
 'Not one of the more commonly used surfactants'
 'Helps boost and stabilize foam and silken skin'
 'Presumed safe as used in cosmetics']",Paula's Choice
Sodium Benzotriazolyl Butylphenol Sulfonate,Good,[],['UV Filters'],['Actives'],"['Also known as SBBSServes as a light stabilizer in cosmetics'
 'Protects ingredients from photodegradation'
 'Deemed safe for use in cosmetics by the CIR Expert Panel']",Paula's Choice
Sodium Benzoate,Good,[],['Preservative'],['Utility'],"['Salt of benzoic acid, which is found naturally in foods like cranberries'
 'Used as a preservative in both cosmetics and food products'
 'Deemed safe as used in cosmetics'
 'Is a white, crystalline solid in its raw form']",Paula's Choice
Sodium Acrylates Copolymer,Good,[],['Polymer' 'Film-Forming Agent' 'Texture Enhancer'],['Sensory'],"['Synthetic polymer with multiple uses in cosmetics'
 'Help stabilize, suspend and bind key ingredients'
 'Higher amounts have film-forming and binding properties'
 'Highly purified forms considered safe as used in cosmetics']",Paula's Choice
Sodium Acrylate/Sodium Acryloyldimethyl Taurate Copolymer,Good,[],"['Polymer' 'Texture Enhancer' 'Suspending/Dispersing Agent'
 'Occlusive/Opacifying Agent']",['Support' 'Sensory'],"['Versatile synthetic copolymer used as a dispersing agent and thickener'
 'Helps form stable emulsions'
 'Can also be used to lend opacity to a formula'
 'Deemed safe by the independent Cosmetic Ingredient Review panel']",Paula's Choice
Sodium Acetate,Good,[],['pH Adjuster/Stabilizer'],['Utility'],[],Paula's Choice
Soapwort,Good,[],['Plant Extracts' 'Cleansing Agent'],['Support' 'Utility'],[],Paula's Choice
Soapberry Extract,Good,['Soothing'],['Plant Extracts' 'Antioxidant' 'Cleansing Agent'],['Actives' 'Support' 'Utility'],"['Plant extract with cleansing properties'
 'Known to have a skin-soothing effect'
 'Rich in youth-preserving antioxidants'
 'Also known as soapnut or washnut']",Paula's Choice
Slip Agent,Good,['Hydration'],['Humectant' 'Texture Enhancer'],['Support' 'Sensory'],[],Paula's Choice
Skullcap Extract,Good,['Soothing' 'Anti-Aging'],['Plant Extracts' 'Antioxidant'],['Actives' 'Support'],[],Paula's Choice
Skeletonema Costatum Extract,Good,['Anti-Acne' 'Anti-Aging'],['Antioxidant'],['Actives'],"['From a type of brown micro algae' 'Has antioxidant properties'
 'Also soothes skin' 'Could inhibit sebum overproduction']",Paula's Choice
Simethicone,Good,[],['Silicone'],['Sensory'],[],Paula's Choice
Siloxane,Good,[],['Silicone' 'Texture Enhancer' 'Film-Forming Agent'],['Sensory'],"['Refers to a class of silicones'
 'Derived from silica (sand is a silica)Provides slip and emollience']",Paula's Choice
Silk Protein,Good,['Anti-Aging'],['Antioxidant' 'Peptides'],['Actives'],[],Paula's Choice
Silk Powder,Good,['Oil Control'],['Texture Enhancer' 'Absorbent'],['Sensory'],[],Paula's Choice
Silk,Good,[],['Texture Enhancer'],['Sensory'],[],Paula's Choice
Silicone,Good,['Hydration' 'Oil Control' 'Pore Minimizer'],['Silicone'],['Sensory'],"['Substance derived from silica' 'Enhances formulary texture'
 'Serves as a water-binding agent' 'Safe for consumer use']",Paula's Choice
Silicate,Good,['Oil Control'],['Texture Enhancer' 'Absorbent'],['Sensory'],[],Paula's Choice
Silica Silylate,Good,[],['Texture Enhancer' 'Silicone' 'Suspending/Dispersing Agent'],['Sensory'],[],Paula's Choice
Silica Dimethyl Silylate,Good,[],['Texture Enhancer' 'Silicone' 'Suspending/Dispersing Agent'],['Sensory'],[],Paula's Choice
Silica,Good,['Oil Control'],['Texture Enhancer' 'Absorbent' 'Occlusive/Opacifying Agent'],['Support' 'Sensory'],"['Natural ingredient found in clays as well as in parts of plants and animals'
 'Used as an absorbent powder and thickener in cosmetics'
 'Can enhance the absorption of ingredients and serve as a drug delivery system'
 'Is also FDA-approved as a food additive']",Paula's Choice
Silanetriol,Good,['Hydration'],['Silicone' 'Humectant'],['Support' 'Sensory'],"['Silicone-derived synthetic ingredient'
 'Helps improve skin hydration and may be used to enhance a formula’s aesthetics'
 'Popular in hair care formulations, where it contributes to a smooth, soft feel'
 'Can be combined with wheat protein to help improve the tensile strength of hair']",Paula's Choice
Sh-Polypeptide-47,Good,['Anti-Aging'],['Peptides'],['Actives'],"['Synthetic peptide'
 'Derived from collagen type 1Skin conditioning ingredient'
 'Supplied as a water-based blend']",Paula's Choice
Sh-Polypeptide-123,Good,['Anti-Aging' 'Hydration'],['Peptides'],['Actives'],"['An anti-aging, bioengineered recombinant human peptide'
 'Helps promote healthy collagen production'
 'Decreases the look of wrinkles and promotes skin firmness'
 'Created through a unique mix of bioengineering and fermentation']",Paula's Choice
Sesquioleate,Good,['Hydration'],['Emulsifier' 'Texture Enhancer' 'Emollient'],['Support' 'Utility' 'Sensory'],[],Paula's Choice
Serine,Good,['Hydration' 'Anti-Aging'],['Humectant' 'Antioxidant'],['Actives' 'Support'],"['Amino acid used in the body’s synthesis of proteins'
 'Produced naturally by the body' 'Helps skin retain moisture'
 'Supports structures that give skin a more youthful appearance']",Paula's Choice
Sericin,Good,['Hydration'],['Humectant'],['Support'],[],Paula's Choice
Sebacic Acid,Good,[],['pH Adjuster/Stabilizer'],['Utility'],[],Paula's Choice
Seaweed,Good,['Anti-Aging' 'Hydration' 'Soothing'],['Plant Extracts' 'Antioxidant' 'Texture Enhancer'],['Actives' 'Support' 'Sensory'],[],Paula's Choice
Sea Water,Good,['Hydration' 'Soothing'],['Humectant' 'Solvent'],['Support' 'Utility'],"['Water obtained from a saltwater body, most often inland'
 'Contains varying amounts of mineral and trace elements'
 'Has humectant and potential soothing properties for skin'
 'Purified prior to use in cosmetics (sea water isn’t contaminant-free)No restrictions on use level']",Paula's Choice
Seamollient,Good,['Anti-Aging'],['Plant Extracts' 'Antioxidant' 'Texture Enhancer'],['Actives' 'Support' 'Sensory'],[],Paula's Choice
Sea Fennel,Good,['Anti-Aging'],['Antioxidant'],['Actives'],"['Also called Crithmum maritimum' 'Type of edible flowering plant'
 'Rich in antioxidants' 'Has been shown to protect skin’s barrier'
 'Considered a sustainable ingredient']",Paula's Choice
Scutellaria Galericulata Extract,Good,['Soothing' 'Anti-Aging'],['Plant Extracts' 'Antioxidant'],['Actives' 'Support'],[],Paula's Choice
Scutellaria Baicalensis Root Extract,Good,['Anti-Aging' 'Evens Skin Tone' 'Soothing'],['Plant Extracts' 'Antioxidant'],['Actives' 'Support'],[],Paula's Choice
Sclerotium Gum,Good,[],['Texture Enhancer' 'pH Adjuster/Stabilizer'],['Utility' 'Sensory'],"['A naturally derived, sugar-based ingredient'
 'Produced by the fermentation of the Sclerotium rolfsii fungus'
 'Functions as a thickener and stabilizer in cosmetics'
 'Is similar to xanthan gum and pullulan']",Paula's Choice
Scenedesmus Deserticola Ferment Extract,Good,['Anti-Aging' 'Hydration' 'Soothing'],['Antioxidant' 'Humectant' 'Plant Extracts'],['Actives' 'Support'],"['Fermented extract derived from microalgae'
 'Boosts skin’s moisture and barrier strength'
 'Potential anti-aging and skin longevity benefits'
 'Greenish liquid in raw material form']",Paula's Choice
Sargassum Filipendula Extract,Good,['Anti-Aging'],['Plant Extracts' 'Antioxidant'],['Actives' 'Support'],[],Paula's Choice
Saponin,Good,[],['Cleansing Agent' 'Emulsifier'],['Utility'],[],Paula's Choice
Saponaria Officinalis Extract,Good,['Hydration'],['Plant Extracts' 'Humectant'],['Support'],[],Paula's Choice
Sapindus Mukorossi Peel Extract,Good,['Hydration'],['Plant Extracts'],['Support'],[],Paula's Choice
Sambucus Cerulea,Good,[],['Plant Extracts'],['Support'],[],Paula's Choice
Sambucus Canadensis Extract,Good,['Anti-Aging'],['Plant Extracts' 'Antioxidant'],['Actives' 'Support'],[],Paula's Choice
Sambucus Canadensis,Good,['Anti-Aging'],['Plant Extracts' 'Antioxidant'],['Actives' 'Support'],[],Paula's Choice
Salix Alba (Willow) Bark Powder,Good,['Soothing'],['Plant Extracts' 'Antioxidant'],['Actives' 'Support'],[],Paula's Choice
Salicornia Herbacea Extract,Good,['Anti-Aging' 'Dark Spot Fading' 'Evens Skin Tone' 'Hydration'],['Antioxidant' 'Plant Extracts'],['Actives' 'Support'],"['Saltwater-growing plant native to South Korea'
 'Helps fade the look of dark spots' 'Powerful antioxidant'
 'Helps support a strong barrier'
 'Good source of minerals skin needs to be healthy']",Paula's Choice
Salicin,Good,['Soothing'],['Plant Extracts'],['Support'],[],Paula's Choice
Saccharomyces Zinc Ferment,Good,['Hydration'],['Humectant' 'Antioxidant'],['Actives' 'Support'],[],Paula's Choice
Saccharomyces Silicon Ferment,Good,['Hydration'],['Humectant' 'Antioxidant'],['Actives' 'Support'],[],Paula's Choice
Saccharomyces Selenium Ferment,Good,['Hydration'],['Humectant' 'Antioxidant'],['Actives' 'Support'],[],Paula's Choice
Saccharomyces Potassium Ferment,Good,['Hydration'],['Humectant' 'Antioxidant'],['Actives' 'Support'],[],Paula's Choice
Saccharomyces Officinarum Ferment,Good,['Hydration'],['Plant Extracts' 'Humectant' 'Antioxidant'],['Actives' 'Support'],[],Paula's Choice
Saccharomyces Manganese Ferment,Good,['Hydration'],['Humectant' 'Antioxidant'],['Actives' 'Support'],[],Paula's Choice
Saccharomyces Magnesium Ferment,Good,['Hydration'],['Humectant' 'Antioxidant'],['Actives' 'Support'],[],Paula's Choice
Saccharomyces Iron Ferment,Good,['Hydration'],['Peptides'],['Actives'],[],Paula's Choice
Saccharomyces Ferment Filtrate,Good,['Anti-Aging' 'Hydration' 'Soothing'],['Antioxidant' 'Plant Extracts' 'Humectant'],['Actives' 'Support'],"['Natural ingredient obtained by the fermentation and filtration of saccharomyces (yeasts)Functions a skin-soothing agent and antioxidant'
 'Also enhances hydration and moisturization'
 'Noted as a rich source of beta-glucan']",Paula's Choice
Saccharomyces Copper Ferment,Good,['Hydration'],['Peptides'],['Actives'],[],Paula's Choice
Saccharomyces Cerevisiae,Good,['Hydration'],['Humectant'],['Support'],[],Paula's Choice
Saccharomyces Calcium Ferment,Good,['Hydration'],['Peptides'],['Actives'],[],Paula's Choice
Saccharomyces/Camellia Sinensis Leaf/Cladosiphon Okamuranus/Rice Ferment Filtrate,Good,['Anti-Aging' 'Soothing'],['Antioxidant'],['Actives'],"['Blend of three fermented filtrates from green tea, algae, and rice'
 'Also known as TATCHA-trademarked Hadasei-3™Softens + soothes skin while providing antioxidant benefits']",Paula's Choice
Saccharide Hydrolysate,Good,['Hydration'],['Humectant'],['Support'],"['A hydrolyzed sugar skin care ingredient' 'Exhibits humectant properties'
 'Helps skin attract and bind moisture'
 'Cosmetic Ingredient Review Expert Panel deemed safe for use']",Paula's Choice
Rumex Occidentalis Extract,Good,['Anti-Aging' 'Dark Spot Fading' 'Evens Skin Tone'],['Antioxidant' 'Plant Extracts'],['Actives' 'Support'],"['Flowering plant found throughout western North America'
 'Shows promising efficacy on fading the look of dark spots and patchy discoloration'
 'Very good source of antioxidants' 'Offers soothing benefits']",Paula's Choice
Rosmarinus Officinalis (Rosemary) Leaf Extract,Good,['Anti-Aging' 'Soothing'],['Plant Extracts' 'Antioxidant'],['Actives' 'Support'],"['Potent source of natural antioxidants for skin'
 'The leaf extract is typically “de-oiled”, removing the volatile component'
 'Can have a soothing effect on skin'
 'Aids the preservative system of some cosmetic formulas']",Paula's Choice
Rosemary Extract,Good,['Anti-Aging' 'Soothing'],['Plant Extracts' 'Antioxidant'],['Actives' 'Support'],[],Paula's Choice
Rosa Eglanteria,Good,[],[],[],[],Paula's Choice
Rosa Eglantaria Flower/Leaf/Stem Extract,Good,[],[],[],[],Paula's Choice
Ricinoleate,Good,[],['Texture Enhancer'],['Sensory'],[],Paula's Choice
Rice Starch,Good,['Oil Control'],['Absorbent' 'Plant Extracts'],['Support' 'Sensory'],[],Paula's Choice
Rhizobian Gum,Good,[],['Film-Forming Agent' 'Suspending/Dispersing Agent'],['Sensory'],"['Polysaccharide gum produced by the fermentation of Rhizobium bacterium'
 'Components include glucose, glucuronic acid, and galactose'
 'Used as a film-forming and suspending agent'
 'Ruled safe as used in cosmetics']",Paula's Choice
Retinyl Linoleate,Good,['Anti-Aging' 'Evens Skin Tone'],['Antioxidant' 'Retinoids'],['Actives'],"['A member of the retinoid family' 'Ester of retinol and linoleic acid'
 'Helps encourage cell turnover'
 'Works to decrease visible signs of aging'
 'Safeguards skin from pro-aging external agents']",Paula's Choice
Retinyl Acetate,Good,['Anti-Aging'],['Antioxidant' 'Retinoids'],['Actives'],"['Synthetic derivative of vitamin A, made from retinol and acetic acid'
 'Converts to retinoic acid more slowly in skin'
 'May offer some of the same benefits as retinol, but more research is needed'
 'Seems to work well combined with other retinoids']",Paula's Choice
Rehmannia Chinensis Root Extract,Good,['Anti-Aging'],['Antioxidant' 'Plant Extracts'],['Actives' 'Support'],"['Limited research indicates anti-aging benefits'
 'May help diminish the appearance of dark spots'
 'Also known as Chinese foxglove, dihuang, or gan dihuang']",Paula's Choice
Reducing Agent,Good,[],['Cleansing Agent' 'Emulsifier' 'Solvent'],['Utility'],[],Paula's Choice
Red Clover,Good,['Anti-Aging'],['Plant Extracts' 'Antioxidant'],['Actives' 'Support'],[],Paula's Choice
Red 7,Good,[],['Coloring Agent/Pigment'],['Sensory'],"['Pigment used to add color to makeup and skin care'
 'Ruled safe in its current use']",Paula's Choice
Red 6,Good,[],['Coloring Agent/Pigment'],['Sensory'],"['Pigment used to add color to makeup and skin care'
 'Ruled safe in its current use' 'Also known as D&C Red No. 6']",Paula's Choice
Red 40 Lake,Good,[],['Coloring Agent/Pigment'],['Sensory'],"['Pigment used to add color to makeup, food products, and skin care'
 'Ruled safe in its current use'
 'Also known as FD&C Red No. 40 or FD&C Red No. 40 Aluminum Lake']",Paula's Choice
Red 40,Good,[],['Coloring Agent/Pigment'],['Sensory'],"['Pigment used to add color to makeup and skin care'
 'Ruled safe in its current use' 'Also known as FD&C Red 40']",Paula's Choice
Red 36,Good,[],['Coloring Agent/Pigment'],['Sensory'],"['Synthetic pigment used to add color to makeup, skin care, and drugs'
 'Ruled safe in its current use' 'Also known as D&C Red 36']",Paula's Choice
Red 33 Lake,Good,[],['Coloring Agent/Pigment'],['Sensory'],"['Pigment used to add color to makeup, food products, and skin care'
 'Also known as D&C Red No. 33 Aluminum Lake'
 'Ruled safe in its current use']",Paula's Choice
Red 30 Lake,Good,[],['Coloring Agent/Pigment'],['Sensory'],"['Pigment used to add color to makeup skin care and drugs'
 'Also known as D&C Red No. 30 Lake' 'Ruled safe in its current use']",Paula's Choice
Red 30,Good,[],['Coloring Agent/Pigment'],['Sensory'],"['Pigment used to add color to makeup, skin care and drugs'
 'Also known as D&C Red No. 30Ruled safe in its current use']",Paula's Choice
Red 28 Lake,Good,[],['Coloring Agent/Pigment'],['Sensory'],"['Pigment used to add color to makeup, food products, and skin care'
 'Also known as D&C Red No. 28 Aluminum Lake'
 'Ruled safe in its current use']",Paula's Choice
Red 22 Lake,Good,[],['Coloring Agent/Pigment'],['Sensory'],"['Pigment used to add color to makeup, food products, and skin care'
 'Ruled safe in its current use' 'Also known as D&C Red 22 Aluminum Lake']",Paula's Choice
Red 22,Good,[],['Coloring Agent/Pigment'],['Sensory'],"['Used to add color to makeup, skin care, and food products'
 'Also known as D&C Red No. 22Ruled safe as used in its current applications']",Paula's Choice
Red 21,Good,[],['Coloring Agent/Pigment'],['Sensory'],"['Synthetic pigment' 'Ruled safe as used in cosmetics and food products'
 'Also known as D&C Red No. 21']",Paula's Choice
Raspberry Seed Extract,Good,['Anti-Aging'],['Plant Extracts' 'Antioxidant'],['Actives' 'Support'],[],Paula's Choice
Raphanus Sativus Root Extract,Good,['Anti-Aging' 'Evens Skin Tone'],['Antioxidant' 'Plant Extracts'],['Actives' 'Support'],"['Derived from radishes' 'High in antioxidant-rich phenolic compounds'
 'Might also inhibit tyrosinase production'
 'Ruled safe as used in cosmetics']",Paula's Choice
Raffinose,Good,['Hydration'],['Humectant'],['Support'],"['Trisaccharide composed of galactose, glucose, and fructose'
 'Found in plants and vegetables like cabbage, beans and broccoli'
 'Attracts and binds moisture to skin'
 'Hydrates and balances, giving skin a plump, healthy look']",Paula's Choice
Quinoa Oil,Good,['Hydration'],['Emollient' 'Plant Extracts' 'Preservative'],['Support' 'Utility'],[],Paula's Choice
Quillaja Extract,Good,['Hydration'],['Cleansing Agent' 'Plant Extracts' 'Humectant'],['Support' 'Utility'],[],Paula's Choice
Quaternium Ammonium Compounds,Good,[],['Cleansing Agent'],['Utility'],[],Paula's Choice
Quaternium-18 Hectorite,Good,[],['Suspending/Dispersing Agent'],['Sensory'],[],Paula's Choice
Quaternary Ammonium Compounds,Good,[],['Cleansing Agent'],['Utility'],[],Paula's Choice
Pyrus Communis (Pear) Fruit Extract,Good,['Anti-Aging' 'Dark Spot Fading'],['Antioxidant' 'Plant Extracts'],['Actives' 'Support'],"['Fruit from the common pear tree' 'Has antioxidant properties'
 'Also contains skin-brightening arbutin'
 'Used in a blend to replace regular water']",Paula's Choice
Pyridoxine Hydrochloride (HCL),Good,['Anti-Acne'],['Antioxidant'],['Actives'],['Scientific name for vitamin B6May have antioxidant properties for skin'],Paula's Choice
PVP Copolymer,Good,[],['Film-Forming Agent' 'Suspending/Dispersing Agent'],['Sensory'],[],Paula's Choice
PVP/Dimethylaminoethylmethacrylate,Good,[],['Film-Forming Agent' 'Polymer'],['Sensory'],[],Paula's Choice
PVP,Good,[],['Film-Forming Agent' 'Polymer'],['Sensory'],['AKA polyvinylpyrrolidone' 'Used in hairstyling' 'Can aggravate skin'],Paula's Choice
PVM/MA Decadiene Crosspolymer,Good,[],['Polymer' 'Film-Forming Agent' 'Texture Enhancer'],['Sensory'],"['Film-forming agent in the waterless phase of a cosmetic formula'
 'Helps create gel textures that spread easily'
 'High amounts used to provide hold to hairstyling products'
 'Comes as a white powder in its raw material form']",Paula's Choice
PVM/MA Copolymer,Good,[],['Film-Forming Agent' 'Suspending/Dispersing Agent' 'Texture Enhancer'],['Sensory'],"['Synthetic ingredient that plays a variety of roles in skin care & other beauty products'
 'Works as a binder and dispersing agent' 'Helps stabilize emulsions'
 'Popular in hairsprays and other hair care as a film forming agent and shine enhancer'
 'Comes in two forms: a free-flowing powder or slightly hazy, viscous liquid']",Paula's Choice
Purified Water,Good,['Hydration'],['Solvent'],['Utility'],[],Paula's Choice
Pullulan,Good,[],['Antioxidant' 'Texture Enhancer'],['Actives' 'Sensory'],"['Versatile skin care ingredient known for its hydration and antioxidant properties'
 'Works well as a “carrier” to deliver active ingredients where they need to go'
 'Has potential to help strengthen skin’s microbiome'
 'Can provide temporary mechanical support for skin’s underlying structures'
 'Continually being studied for its many therapeutic, film-forming benefits for skin']",Paula's Choice
Ptychopetalum Olacoides Bark/Stem Extract,Good,['Anti-Aging'],['Antioxidant' 'Plant Extracts'],['Actives' 'Support'],"['From a plant known as muira puama' 'Native to the Amazon rainforest'
 'Has antioxidant properties' 'Skin conditioning ingredient']",Paula's Choice
Pseudoalteromonas Ferment Extract,Good,['Hydration' 'Oil Control' 'Soothing'],['Antioxidant' 'Humectant'],['Actives' 'Support'],"['Derived from a marine bacterium'
 'Best known for its hydrating and skin-protecting properties'
 'Might offer additional anti-aging benefits for its collagen-supporting ability'
 'Contains a compound that\u202fcan help minimize dark spots']",Paula's Choice
Prunus Serotina (Wild Cherry) Bark Extract,Good,['Anti-Aging'],['Antioxidant' 'Plant Extracts'],['Actives' 'Support'],"['From the bark of the black cherry tree' 'Has antioxidant properties'
 'Also conditions and moisturizes skin']",Paula's Choice
Prunus Persica (Peach) Leaf Extract,Good,['Anti-Aging' 'Dark Spot Fading'],['Antioxidant' 'Plant Extracts'],['Actives' 'Support'],"['Extract from the leaves of the domestic peach'
 'Has antioxidant properties' 'Also helps with melanin overproduction']",Paula's Choice
Prunus Dulcis,Good,[],['Plant Extracts'],['Support'],[],Paula's Choice
Prunus Domestica Seed Extract,Good,['Anti-Aging'],['Plant Extracts' 'Antioxidant'],['Actives' 'Support'],[],Paula's Choice
Prunus Amygdalus Dulcis (Sweet Almond) Fruit Extract,Good,['Anti-Aging'],['Plant Extracts' 'Antioxidant'],['Actives' 'Support'],[],Paula's Choice
Prunus Amygdalus Dulcis,Good,['Hydration'],['Plant Extracts' 'Emollient'],['Support'],[],Paula's Choice
Prunus Americana Extract,Good,[],['Plant Extracts'],['Support'],[],Paula's Choice
Prunella Vulgaris,Good,['Hydration' 'Anti-Aging'],['Humectant' 'Plant Extracts' 'Antioxidant'],['Actives' 'Support'],[],Paula's Choice
Propylparaben,Good,[],['Preservative'],['Utility'],[],Paula's Choice
Propylheptyl Caprylate,Good,['Hydration'],['Emollient' 'Solvent' 'Suspending/Dispersing Agent' 'Texture Enhancer'],['Support' 'Utility' 'Sensory'],"['Clear oily liquid that is primarily used as an emollient'
 'Delivers a soft, moisturizing feel to skin'
 'Also works as a solvent, dispersing agent, and emulsion stabilizer'
 'Noted for excellent solubilizing properties for mineral sunscreen ingredients']",Paula's Choice
Propylene Glycol Stearate,Good,['Hydration'],['Emollient' 'Cleansing Agent' 'Emulsifier'],['Support' 'Utility'],[],Paula's Choice
Propylene Glycol Laurate,Good,['Hydration'],['Emollient' 'Cleansing Agent' 'Emulsifier'],['Support' 'Utility'],[],Paula's Choice
Propylene Glycol Isostearate,Good,['Hydration'],['Emollient' 'Cleansing Agent' 'Emulsifier'],['Support' 'Utility'],[],Paula's Choice
Propylene Glycol Isoceteth-3 Acetate,Good,[],['Emulsifier'],['Utility'],"['Used as a skin conditioning ingredient' 'Also serves as an emulsifier'
 'Pigment wetter for cosmetics'
 'Clear, white, or pale yellow liquid in its raw form']",Paula's Choice
Propylene Glycol Dicaprylate/Dicaprate,Good,['Hydration'],['Humectant' 'Occlusive/Opacifying Agent'],['Support'],[],Paula's Choice
Propylene Glycol Dibenzoate,Good,['Hydration'],['Emollient'],['Support'],[],Paula's Choice
Propylene Glycol,Good,['Hydration'],['Humectant' 'Solvent' 'Texture Enhancer'],['Support' 'Utility' 'Sensory'],"['Functions as a humectant (hydrating ingredient)Can enhance the delivery of key actives into skin'
 'Plays a role in keeping formulas from melting in high heat or freezing in low temps'
 'Used in thousands of personal care products with a proven track record of safety'
 'Also known as 1,2-propanediol']",Paula's Choice
Propylene Carbonate,Good,[],['Solvent' 'Texture Enhancer'],['Utility' 'Sensory'],[],Paula's Choice
Propolis Extract,Good,['Soothing' 'Anti-Aging'],['Antioxidant'],['Actives'],"['Made by honeybees' 'Rich in phenolic compounds + flavonoids'
 'Has soothing properties' 'Might have regenerative abilities']",Paula's Choice
Propanediol,Good,['Hydration'],['Solvent' 'Texture Enhancer'],['Utility' 'Sensory'],"['Also known as 1,3-propanediol'
 'Improves absorption of ingredients to their boost effectiveness in skin'
 'May also be used as an emollient, solvent or as support for the preservative system'
 'Can be derived naturally from corn or created synthetically'
 'Considered a safe, well-tolerated ingredient, not likely to cause sensitivity']",Paula's Choice
Preservatives,Good,[],['Preservative'],['Utility'],[],Paula's Choice
PPG-5-ceteth-20,Good,['Hydration'],['Cleansing Agent' 'Emollient' 'Emulsifier'],['Support' 'Utility'],"['Ether of cetyl alcohol' 'Helps to create cohesive, well-mixed formulas'
 'Provides emollient properties that assist with hydration'
 'CIR Expert Panel deemed safe for use in cosmetics']",Paula's Choice
PPG-3 Benzyl Ether Myristate,Good,['Hydration'],['Emollient' 'Solvent' 'Film-Forming Agent'],['Support' 'Utility' 'Sensory'],[],Paula's Choice
PPG-2 Myristyl Ether Propionate,Good,['Hydration'],['Humectant'],['Support'],[],Paula's Choice
PPG-2 Hydroxyethyl Cocamide,Good,[],['Cleansing Agent' 'Emulsifier' 'Texture Enhancer'],['Utility' 'Sensory'],"['Surfactant/emulsifier noted for its viscosity-adjusting and foaming properties'
 'May also be used to solubilize fragrances and other compounds'
 'Typically used in cleansing formulas such as face wash, shampoo, and shower gel'
 'Deemed safe by the 2019 Cosmetic Ingredient Review Expert Panel']",Paula's Choice
PPG-2-Deceth-30,Good,[],['Cleansing Agent' 'Emulsifier'],['Utility'],[],Paula's Choice
PPG-26-Buteth-26,Good,[],['Cleansing Agent' 'Emulsifier'],['Utility'],"['Synthetic ingredient that has a variety of cosmetic applications'
 'Functions as a hair conditioning ingredient, surfactant, and emulsifier'
 'Can reduce flaky skin'
 'Is a colorless to pale yellow transparent liquid in its raw form']",Paula's Choice
PPG-20 Methyl Glucose Ether,Good,['Hydration'],['Humectant'],['Support'],"['Blend of polypropylene glycol + methyl glucose derivatives'
 'Helps soften and smooth skin and hair'
 'Excellent hydrating ingredient due to its humectant (water-binding) properties'
 'Can be used to enhance the texture of cosmetic formulas']",Paula's Choice
PPG-14 Butyl Ether,Good,['Hydration'],['Solvent' 'Humectant' 'Texture Enhancer'],['Support' 'Utility' 'Sensory'],"['Functions as a solvent and skin-conditioning agent'
 'Helps restore a supple feel to skin and enhances the texture of personal care product formulas'
 'Clear, almost colorless, slightly viscous liquid'
 'Deemed safe for cosmetic use by the Cosmetic Ingredient Review Expert Panel']",Paula's Choice
PPG-12 Buteth-16,Good,[],['Texture Enhancer' 'Cleansing Agent' 'Solvent'],['Utility' 'Sensory'],[],Paula's Choice
PPG-12/SMDI Copolymer,Good,['Hydration'],['Film-Forming Agent' 'Humectant'],['Support' 'Sensory'],"['A synthetic polymer combined with polypropylene glycol'
 'Offers film-forming and skin-conditioning properties'
 'Also serves as a fixative for key ingredients'
 'Very stable, even at high temperatures']",Paula's Choice
Potassium Thiocyanate,Good,['Hydration'],['Humectant' 'pH Adjuster/Stabilizer'],['Support' 'Utility'],"['Synthetic, crystalline potassium salt used to stabilize cosmetics“Salts” are chemical compounds formed by reacting an acid with a base'
 'High amounts considered irritating'
 'Very low amounts are used in cosmetics']",Paula's Choice
Potassium Stearate,Good,[],['Emulsifier' 'Cleansing Agent'],['Utility'],"['Potassium salt of stearic acid'
 'Primarily used as an emulsifier to keep water and oil-based ingredients from separating'
 'Also used as a cleanser' 'Ruled safe as used in cosmetics']",Paula's Choice
Potassium Sorbate,Good,[],['Preservative'],['Utility'],"['Used as a preservative in cosmetics'
 'Also used in food to prohibit the growth of yeast and mold'
 'Found to be safe in amounts of up to 10%Generally used in cosmetics in amount of 1% or lower']",Paula's Choice
Potassium Phosphate,Good,[],['pH Adjuster/Stabilizer'],['Utility'],"['Combination of potassium and phosphate'
 'Occurs naturally in the human body' 'Used in cosmetics primarily as a p'
 'H adjuster' 'Ruled safe as used in makeup and skin care']",Paula's Choice
Potassium Methoxysalicylate,Good,['Dark Spot Fading'],['Antioxidant'],['Actives'],"['Derivative of salicylic acid' 'Fights dark spots'
 'Originally developed by Shiseido' 'Also known as 4MSK']",Paula's Choice
Potassium Lactate,Good,['Hydration'],['Humectant'],['Support'],"['Potassium salt of lactic acid'
 'Improves skin’s natural moisturizing factor'
 'Increases skin’s surface hydration'
 'Also used as a preservative in meat products']",Paula's Choice
Potassium Citrate,Good,[],['pH Adjuster/Stabilizer'],['Utility'],"['The potassium salt of citric acid' 'May be plant-derived or synthetic'
 'Acts as a p'
 'H-adjusting ingredient and chelating agent in cosmetic formulations'
 'Comes in the form of white crystals, granules, or powder as a raw material']",Paula's Choice
Potassium Cetyl Phosphate,Good,[],['Cleansing Agent' 'Emulsifier'],['Utility'],"['Used as a cleansing agent and emulsifier'
 'Is a white or beige powder in its raw form'
 'Highest concentration used in cosmetics is 8.3%Deemed safe as used in cosmetics']",Paula's Choice
Potassium Benzoate,Good,[],['Preservative'],['Utility'],"['Sodium salt of benzoic acid' 'Used as a preservative'
 'Also a food preservative' 'Ruled safe as used in cosmetics and food']",Paula's Choice
Potassium Aspartate,Good,['Soothing'],[],[],"['Combination of potassium and aspartic acid'
 'Found naturally in sugar cane and sugar beets'
 'Helps restore skin’s barrier' 'Soothes skin']",Paula's Choice
Populus Tremuloides Bark Extract,Good,['Anti-Aging' 'Evens Skin Tone'],['Antioxidant' 'Plant Extracts' 'Preservative'],['Actives' 'Support' 'Utility'],"['Plant extract with proven antioxidant properties'
 'Contains beneficial flavonoids'
 'Also goes by the name Aspen Bark Extract'
 'Can serve as a natural preservative in cosmetic products']",Paula's Choice
Polyvinylpyrrolidone,Good,[],['Film-Forming Agent' 'Texture Enhancer'],['Sensory'],[],Paula's Choice
Polysorbates,Good,[],['Cleansing Agent' 'Emulsifier'],['Utility'],[],Paula's Choice
Polysorbate 80,Good,[],['Cleansing Agent' 'Emulsifier'],['Utility'],"['Surfactant composed of fatty acids (primarily oleic acid)Often included in skin care formulations as an emulsifying or solubilizing agent'
 'Can contribute to a more aesthetically pleasing texture'
 'Enhances the penetration of other key ingredients'
 'Deemed safe as used in cosmetics']",Paula's Choice
Polysorbate 60,Good,[],['Cleansing Agent' 'Emulsifier'],['Utility'],"['Widely used emulsifier made from sorbitol and stearic acid'
 'Provides mild cleansing properties'
 'Can help enhance foam and thicken cleansers and emulsions'
 'Aids penetration of skin care ingredients such as vitamin C']",Paula's Choice
Polysorbate 20,Good,[],['Cleansing Agent' 'Emulsifier'],['Utility'],"['Used as a mild cleansing agent'
 'Derived from lauric acid, the primary fatty acid in coconuts'
 'Also used as a food additive'
 'Can be used to keep oral medications stable']",Paula's Choice
Polysilicone-15,Good,['Anti-Aging'],['UV Filters'],['Actives'],"['Also known as Parsol SLX and dimethicodiethylbenzalmalonate'
 'Absorbs the sun’s UVB rays'
 'Not approved yet for sunscreen use in the U.S.Authorized in the EU for use in amounts up to 10%Colorless-to-pale yellow viscous liquid']",Paula's Choice
Polysilicone-11,Good,[],['Silicone' 'Texture Enhancer'],['Sensory'],"['Synthetic silicone that serves as a thickener and film-forming agent'
 'Sets to a powdery-soft, non-greasy finish'
 'Almost always used with other silicones, typically dimethicone'
 'Considered safe as used in cosmetics']",Paula's Choice
Polyquaterniums,Good,[],['Film-Forming Agent'],['Sensory'],[],Paula's Choice
Polyquaternium-7,Good,[],['Film-Forming Agent'],['Sensory'],"['Works as a film-forming + viscosity increasing agent in skin care'
 'Detangler and conditioning ingredient in hair care'
 'Ruled safe as used in cosmetics' 'Usage levels range from 0.009-5%']",Paula's Choice
Polyquaternium-51,Good,['Hydration'],['Film-Forming Agent' 'Humectant'],['Support' 'Sensory'],"['Synthetic polymer with a large molecular structure'
 'Has humectant and film-forming properties for skin and hair'
 'Meshes well with lipids found in skin’s surface layers'
 'Considered safe as used in cosmetics']",Paula's Choice
Polyquaternium 39,Good,[],['Film-Forming Agent' 'Polymer'],['Sensory'],"['Synthetic polymer'
 'An anti-static and film-forming agent + hair fixative'
 'Used in cosmetics in concentrations up to 3% for both rinse-off and leave-on products'
 'Ruled safe in its current usage' 'Clear, viscous liquid in its raw form']",Paula's Choice
Polyquaternium-10,Good,[],['Film-Forming Agent' 'Emollient' 'Texture Enhancer'],['Support' 'Sensory'],"['Synthetic polymer compound primarily used in hair care products'
 'Offers hair conditioning, detangling, and anti-static benefits'
 'Also used in skin care formulations and is known to offer emollient properties'
 'Can be used to control the viscosity of a formula, thereby enhancing the texture']",Paula's Choice
Polypropylene Glycol,Good,[],['Solvent' 'Cleansing Agent' 'Emulsifier'],['Utility'],[],Paula's Choice
Polymethylsilsesquioxane,Good,[],['Silicone' 'Film-Forming Agent' 'Suspending/Dispersing Agent'],['Sensory'],"['Used as a film former and skin conditioning ingredient'
 'Is a powder with round-shaped particles'
 'Is used in amounts up to 55.2% in cosmetics'
 'Deemed safe as used in cosmetics, with no evidence of toxicity or sensitization']",Paula's Choice
Polymer,Good,[],['Polymer'],['Sensory'],[],Paula's Choice
Polyisobutene,Good,[],['Texture Enhancer' 'Film-Forming Agent' 'Polymer'],['Sensory'],[],Paula's Choice
Polyhydroxystearic Acid,Good,[],['Suspending/Dispersing Agent' 'Polymer'],['Sensory'],"['Often used to coat mineral sunscreen active ingredients to help them disperse evenly'
 'Other roles in skin care include emulsion stabilizer, film-former, and texture-enhancing thickener'
 'Helps makeup pigments distribute more cohesively'
 'Soft, pliable wax that is light tan to brown in color, derived from castor oil']",Paula's Choice
Polyglyceryl Methacrylate,Good,[],['Texture Enhancer'],['Sensory'],"['An ester used in cosmetics' 'Serves as a texture enhancer'
 'Also doubles as a film-former']",Paula's Choice
Polyglyceryl-6 Ricinoleate,Good,['Hydration'],['Emollient' 'Emulsifier' 'Texture Enhancer'],['Support' 'Utility' 'Sensory'],"['Ester of polyglyceryl-6 and ricinoleic acid'
 'Serves as an emollient and surfactant' 'Also an emulsifier'
 'Ruled safe as used in cosmetics']",Paula's Choice
Polyglyceryl-6 Polyricinoleate,Good,['Hydration'],['Emollient' 'Emulsifier' 'Texture Enhancer'],['Support' 'Utility' 'Sensory'],"['Versatile emollient and emulsifier'
 'Also has dispersing and texture-enhancing properties'
 'May be plant-derived or synthetic'
 'Considered safe as used in cosmetics']",Paula's Choice
Polyglyceryl-6 Oleate,Good,[],['Emulsifier' 'Emollient' 'Cleansing Agent'],['Support' 'Utility'],"['The ester of oleic acid and humectant polyglycerin-6Versatile performance as an emollient, surfactant and emulsifier'
 'Works in both water- and oil-based formulas'
 'May be animal- or plant-derived or synthetic']",Paula's Choice
Polyglyceryl-6 Octastearate,Good,['Hydration'],['Emollient' 'Emulsifier'],['Support' 'Utility'],"['Comprised of vegetable fatty acids' 'Skin conditioning ingredient'
 'Also a surfactant and emulsifier' 'Ruled safe as used in cosmetics'
 'Approved for use as a food additive']",Paula's Choice
Polyglyceryl-6 Laurate,Good,[],['Emulsifier'],['Utility'],"['Used for its emulsification properties'
 'Allows oil and water to mix and stay blended in cosmetic formulas'
 'Improves skin care products’ texture'
 'Formed through the esterification of polyglycerol-6 and lauric acid']",Paula's Choice
Polyglyceryl-6 Isostearate,Good,['Hydration'],['Emollient' 'Emulsifier' 'Cleansing Agent'],['Support' 'Utility'],[],Paula's Choice
Polyglyceryl-6 Distearate,Good,['Hydration'],['Emollient' 'Emulsifier' 'Cleansing Agent'],['Support' 'Utility'],"['Made from combining an ester of stearic acid with a polymer of glycerin'
 'Works as an oil-in-water emulsifier, and cleansing agent'
 'Lends a soft, powdery finish to cosmetics'
 'May be animal-derived or synthetic']",Paula's Choice
Polyglyceryl-6 Dicaprate,Good,[],['Cleansing Agent' 'Emollient' 'Emulsifier'],['Support' 'Utility'],"['Functions as an emollient, emulsifying agent, and surfactant'
 'May be plant-derived or synthetic'
 'Commonly found in makeup removal products'
 'Presents as a viscous liquid ranging in hue from pale yellow to light brown as a raw material']",Paula's Choice
Polyglyceryl-6 Caprylate,Good,['Hydration'],['Cleansing Agent' 'Emollient' 'Emulsifier'],['Support' 'Utility'],"['Gentle cleansing agent, emulsifier, and emollient'
 'Commonly found in cleansing lotions, makeup removers, and micellar waters'
 'May be synthetic or naturally sourced'
 'Deemed safe by the Cosmetic Ingredient Review Board']",Paula's Choice
Polyglyceryl-4 Oleate,Good,['Hydration'],['Emollient' 'Emulsifier'],['Support' 'Utility'],"['Ester of oleic acid and polyglycerin-4Emulsifying agent used to mix oil and water-based ingredients in formulas'
 'Can help skin with hydration through water loss prevention'
 'CIR Expert Panel deemed safe for use in cosmetics']",Paula's Choice
Polyglyceryl-4 Laurate,Good,['Hydration'],['Emollient' 'Emulsifier' 'Cleansing Agent'],['Support' 'Utility'],"['May be plant-derived or synthetic'
 'Ester of a polymer of glycerin and lauric acid, present in coconut or palm oils'
 'Works as an emollient, emulsifier, and cleansing agent'
 'Deemed a non-irritant and safe as used in cosmetics']",Paula's Choice
Polyglyceryl-4 Isostearate,Good,['Hydration'],['Emollient' 'Emulsifier' 'Cleansing Agent'],['Support' 'Utility'],[],Paula's Choice
Polyglyceryl-4 Caprate,Good,['Hydration'],['Emulsifier' 'Emollient' 'Cleansing Agent'],['Support' 'Utility'],"['An emollient and surfactant formed by the combination of polyglycerin-4 + capric acid'
 'As a skin-conditioning agent, it smooths and hydrates skin'
 'Also works as a penetration enhancer for active ingredients, such as peptides'
 'Commercially, it can be synthetic or plant-derived, most often from rapeseed oil']",Paula's Choice
Polyglyceryl-3 Stearate,Good,[],['Emollient' 'Emulsifier'],['Support' 'Utility'],[],Paula's Choice
Polyglyceryl-3 Polyricinoleate,Good,[],['Emulsifier' 'Texture Enhancer'],['Utility' 'Sensory'],"['Primarily used to keep oil and water phases of skin care blended'
 'Helps soften and condition skin'
 'Made from a derivative of glycerin and castor oil fatty acid'
 'Is both plant-derived and synthetic']",Paula's Choice
Polyglyceryl-3 Methylglucose Distearate,Good,[],[],[],[],Paula's Choice
Polyglyceryl-3 Diisostearate,Good,['Hydration'],['Emollient' 'Emulsifier' 'Cleansing Agent'],['Support' 'Utility'],"['Blend of isostearic acid and glycerin derivative'
 'Primarily used as an emulsifier'
 'Has lightweight emollient properties for skin'
 'May be synthetic, animal-, or plant-derived']",Paula's Choice
Polyglyceryl-3 Beeswax,Good,[],['Cleansing Agent' 'Emulsifier'],['Utility'],[],Paula's Choice
Polyglyceryl 2 Triisostearate,Good,['Hydration'],['Texture Enhancer' 'Emollient'],['Support' 'Sensory'],[],Paula's Choice
Polyglyceryl-2 Tetraisostearate,Good,['Hydration'],['Emollient' 'Emulsifier'],['Support' 'Utility'],"['Used as emollient, surfactant, and emulsifier' 'Vegan ingredient'
 'Deemed safe as used in cosmetics' 'Yellow liquid in its raw form']",Paula's Choice
Polyglyceryl-2 Stearate,Good,['Hydration'],['Emulsifier' 'Emollient' 'Cleansing Agent'],['Support' 'Utility'],"['Blend of stearic acid and glycerin derivative'
 'Primarily used as an emulsifier' 'Has emollient properties for skin'
 'May be synthetic or animal-derived']",Paula's Choice
Polyglyceryl-10 Stearate,Good,['Hydration'],['Cleansing Agent' 'Emulsifier' 'Humectant'],['Support' 'Utility'],[],Paula's Choice
Polyglyceryl-10 Laurate,Good,[],['Cleansing Agent' 'Emulsifier' 'Polymer'],['Utility' 'Sensory'],"['Plant-derived or synthetic' 'Skin-softening emulsifier'
 'Also works as a surfactant' 'Found to be gentle on skin'
 'Ruled safe as used in cosmetics']",Paula's Choice
Polyglyceryl-10 Dipalmitate,Good,['Hydration'],['Emollient' 'Emulsifier'],['Support' 'Utility'],"['Functions as an emollient in cosmetics' 'Also an emulsifier'
 'Ruled safe as used in cosmetics' 'Used in ranges between 1-3%']",Paula's Choice
Polyglyceryl-10 Dioleate,Good,['Hydration'],['Emulsifier' 'Humectant'],['Support' 'Utility'],[],Paula's Choice
Polyglyceryl-10 Caprylate/Caprate,Good,[],['Emulsifier' 'Solvent'],['Utility'],[],Paula's Choice
Polyglyceryl-10 Behenate/Eicosadioate,Good,[],[],[],"['Ester of polyglyceryl-10 + fatty acids behenic & eicosadoic'
 'Stabilizes oil and water emulsions' 'Conditions skin'
 'Ruled safe as used in cosmetics']",Paula's Choice
Polyglycerol Monostearate,Good,[],[],[],[],Paula's Choice
Polyglycerin-6,Good,['Hydration'],['Humectant'],['Support'],"['Synthetic glycerin polymer composed of six repeating glycerin molecules'
 'Best known for its humectant properties'
 'Helps skin attract and retain water to boost hydration'
 'Promotes a plump, dewy look']",Paula's Choice
Polyglucuronic Acid,Good,['Hydration'],['Film-Forming Agent' 'Humectant'],['Support' 'Sensory'],"['Plant-derived or synthetic polysaccharide ingredient'
 'Serves as a film-forming agent and has humectant properties'
 'Can smooth skin and prevent dehydration'
 'Usage levels in cosmetics range from 1–3%']",Paula's Choice
Polyethylene Glycol,Good,['Hydration'],['Texture Enhancer' 'Humectant'],['Support' 'Sensory'],[],Paula's Choice
Polyethylene,Good,[],['Texture Enhancer' 'Polymer' 'Film-Forming Agent'],['Sensory'],[],Paula's Choice
Polyester-8,Good,['Hydration'],['Film-Forming Agent' 'Emollient'],['Support' 'Sensory'],"['Emollient film-forming agent'
 'Improves the performance and adherence of sunscreens'
 'Considered non-irritating' 'Made using synthetic polymer technology']",Paula's Choice
polydextrose,Good,['Hydration'],['Humectant' 'Texture Enhancer'],['Support' 'Sensory'],"['Sugar-derived prebiotic fiber' 'Adds bulk to cosmetics'
 'Has humectant properties on skin' 'Globally approved for use in foods']",Paula's Choice
Polybutene,Good,['Hydration'],['Texture Enhancer' 'Polymer' 'Emollient'],['Support' 'Sensory'],"['Synthetic polymer with a thick, viscous texture'
 'Has emollient properties for skin and lips'
 'Contributes to long wear of lip glosses + balms'
 'Considered safe as used in cosmetics']",Paula's Choice
Polyaminopropyl Biguanide,Good,[],['Preservative'],['Utility'],[],Paula's Choice
Polyamide-8,Good,[],['Emollient' 'Film-Forming Agent' 'Occlusive/Opacifying Agent'],['Support' 'Sensory'],"['A synthetic polymer made from multiple ingredients'
 'Serves as an emollient, occlusive, film-former, and binding agent'
 'Often used in lipsticks and eyeshadows'
 'Can create clear formulas with high gloss and water resistance']",Paula's Choice
Polyacrylate Crosspolymer-6,Good,[],['Texture Enhancer' 'pH Adjuster/Stabilizer'],['Utility' 'Sensory'],"['Synthetic powder ingredient that thickens water-based emulsions'
 'Works particularly well to create gel textures that have a non-sticky finish and elegant slip'
 'Also used to help stabilize several bio-active ingredients in a single formula'
 'Favorable for products geared toward compromised skin thanks to barrier restorative properties'
 'Considered safe as used in cosmetics']",Paula's Choice
Polyacrylate Crosspolymer,Good,[],['Film-Forming Agent' 'Texture Enhancer'],['Sensory'],[],Paula's Choice
Polyacrylate-17,Good,[],['Film-Forming Agent'],['Sensory'],[],Paula's Choice
Polyacrylamide,Good,[],['Film-Forming Agent'],['Sensory'],"['Acts as a film-former, suspending/binding agent and emollient in skin care formulas'
 'Other reported uses include foam building agent in cleansing products'
 'Available in different forms as a solid, aqueous solution, or emulsion'
 'Found in all kinds of beauty products including shampoos, lotions, and self-tanners']",Paula's Choice
Poloxamers,Good,[],['Cleansing Agent' 'Emulsifier'],['Utility'],[],Paula's Choice
Poloxamer 407,Good,[],['Cleansing Agent' 'Emulsifier'],['Utility'],[],Paula's Choice
Poloxamer 184,Good,[],['Cleansing Agent' 'Emulsifier'],['Utility'],[],Paula's Choice
Podocarpus Elatus Fruit Extract,Good,['Anti-Aging' 'Soothing' 'Dark Spot Fading'],['Antioxidant' 'Plant Extracts'],['Actives' 'Support'],"['Fruit from the Illwarra plum tree'
 'Rich in antioxidant phenolic compounds' 'Has soothing benefits'
 'Also helps fight uneven skin tone'
 'Part of a blend known as Wildplum Harvest™ AF']",Paula's Choice
Plum Extract,Good,['Anti-Aging'],['Plant Extracts' 'Antioxidant'],['Actives' 'Support'],[],Paula's Choice
Pleiogynium Timoriense Fruit Extract,Good,['Anti-Aging'],['Antioxidant' 'Plant Extracts'],['Actives' 'Support'],"['From the Australian Burdekin plum' 'High in antioxidant activity'
 'Part of an ingredient blend called Wildplum Harvest™ AF']",Paula's Choice
Plankton Extract,Good,['Hydration'],['Humectant'],['Support'],[],Paula's Choice
Pistacia Vera Seed Oil,Good,['Hydration'],['Emollient' 'Plant Extracts'],['Support'],[],Paula's Choice
Pistachio Seed Oil,Good,['Hydration'],['Emollient' 'Plant Extracts'],['Support'],[],Paula's Choice
Piperonyl Glucoside,Good,['Soothing'],['Antioxidant'],['Actives'],"['Relatively new molecule used in skin care'
 'Said to target factors that lead to redness'
 'Part of an ingredient blend marketed as Redyless®Supplied in a base of water and humectant propanediol']",Paula's Choice
Pinus Sylvestris Extract,Good,['Anti-Aging'],['Plant Extracts' 'Antioxidant'],['Actives' 'Support'],[],Paula's Choice
Pinus Densiflora Leaf Extract,Good,['Anti-Aging' 'Soothing'],['Antioxidant' 'Plant Extracts'],['Actives' 'Support'],"['Has antioxidant properties' 'Also has soothing benefits'
 'Might be able to improve uneven tone'
 'Comes from a plant called Japanese or Korean red pine']",Paula's Choice
Pinecone Extract,Good,['Anti-Aging'],['Plant Extracts' 'Antioxidant'],['Actives' 'Support'],[],Paula's Choice
Pineapple Extract,Good,['Anti-Aging' 'Soothing'],['Plant Extracts' 'Antioxidant'],['Actives' 'Support'],[],Paula's Choice
Phytosteryl Macadamiate,Good,['Hydration'],['Emollient' 'Plant Extracts' 'Texture Enhancer'],['Support' 'Sensory'],"['An ester of phytoesterols and the fatty acids found in macadamia seed oil'
 'Gives skin emollient, skin-softening properties'
 'Assists in maintaining skin hydration'
 'Source of essential fatty acids for the skin']",Paula's Choice
Phytonadione,Good,[],[],[],[],Paula's Choice
Phytic Acid,Good,['Hydration' 'Evens Skin Tone'],['Humectant' 'Chelating Agent' 'Exfoliant'],['Actives' 'Support' 'Utility'],"['Found in the seeds and fibers of many types of plants'
 'When ingested, is considered an “antinutrient” in people'
 'Has antioxidant and calming capabilities when used topically'
 'Has mild exfoliant properties' 'Deemed safe as used in cosmetics']",Paula's Choice
Phytantriol,Good,['Hydration'],['Humectant'],['Support'],[],Paula's Choice
Phyllostachys Bambusoides Extract,Good,['Anti-Aging' 'Hydration' 'Soothing'],['Antioxidant' 'Plant Extracts'],['Actives' 'Support'],"['Plant extract derived from bamboo'
 'Rich in various skin-friendly compounds'
 'Potential anti-aging and tone-evening benefits'
 'Noted for soothing and hydrating properties']",Paula's Choice
Phosphoric Acid,Good,[],['pH Adjuster/Stabilizer'],['Utility'],[],Paula's Choice
Phenyl Trimethicone,Good,['Hydration'],['Silicone' 'Emollient'],['Support' 'Sensory'],"['A silicone that functions as a hydration-sealing occlusive and conditioning agent'
 'Has a higher viscosity and a drier finish than some other silicone ingredients'
 'Commonly used in skin care, makeup, and hair care formulations'
 'Deemed safe by the Cosmetic Ingredient Review Expert Panel']",Paula's Choice
Phenylalanine,Good,['Hydration' 'Anti-Aging'],['Antioxidant'],['Actives'],"['Essential amino acid' 'A precursor to melanin and dopamine'
 'Helps skin retain moisture'
 'Aids in reducing the appearance of an uneven skin tone']",Paula's Choice
Phenoxyisopropanol,Good,[],['Preservative'],['Utility'],[],Paula's Choice
Phenoxyethanol,Good,[],['Preservative'],['Utility'],"['Popular synthetic preservative that’s been globally approved for safe use in cosmetics in up to 1%Protects formulas from broad-spectrum pathogenic activity'
 'Backed by decades of research and safety assessments'
 'Versatile in that it is compatible in a large range of formulas/p'
 'H ranges'
 'Considered gentle on skin (incidence of a sensitized reaction to phenoxyethanol is rare)']",Paula's Choice
Phalaenopsis Amabilis Extract,Good,['Anti-Aging'],['Antioxidant' 'Plant Extracts'],['Actives' 'Support'],"['Derived from type of orchid'
 'Likely has antioxidant properties that benefit skin'
 'Alleged soothing and firming benefits' 'Independent research is lacking']",Paula's Choice
The Ultimate Guide to pH and Your Skin,,[],[],[],[],Paula's Choice
Pfaffia Paniculata Root Extract,Good,['Anti-Aging'],['Antibacterial' 'Antioxidant' 'Plant Extracts'],['Actives' 'Support'],"['From the suma, or Brazilian ginseng, plant'
 'Has anti-inflammatory properties' 'Also has antioxidant benefits']",Paula's Choice
Peucedanum Japonicum Leaf/Stem Extract,Good,['Anti-Aging' 'Soothing'],['Antioxidant' 'Plant Extracts'],['Actives' 'Support'],"['Derived from Japanese parsley' 'Has antioxidant properties'
 'Can fight oxidative stressed caused by blue light'
 'Has soothing benefits']",Paula's Choice
Pentylene Glycol,Good,['Hydration'],['Humectant' 'Solvent' 'Preservative'],['Support' 'Utility'],"['Occurs naturally in some plants (such as sugar beets)Binds well to water, making it a good hydrating ingredient'
 'Has mild preservative properties'
 'Has been deemed safe as used in cosmetics']",Paula's Choice
Pentasodium Pentetate,Good,[],['Chelating Agent'],['Utility'],[],Paula's Choice
Pentapeptide-34 trifluoroacetate,Good,['Anti-Aging'],['Antioxidant' 'Peptides'],['Actives'],"['Synthetic peptide said to help boost skin’s coenzyme Q10 content'
 'May help energize skin’s uppermost layers'
 'Only low levels needed for documented efficacy'
 'Independent research on this peptide is lacking'
 'May help protect skin from air polution damage']",Paula's Choice
Pentapeptide-18,Good,['Anti-Aging' 'Evens Skin Tone' 'Hydration'],['Peptides'],['Actives'],"['Considered a neurotransmitter-inhibiting peptide (“neuropeptide”)Most famously studied for its ability to visibly minimize expression lines and wrinkle depth'
 'Also noted in research for its ability to hydrate skin and improve firmness'
 'May also have the potential to reduce skin discolorations']",Paula's Choice
Pentaerythrityl Tetraoctanoate,Good,[],['Occlusive/Opacifying Agent' 'Texture Enhancer'],['Support' 'Sensory'],[],Paula's Choice
Pentaerythrityl Tetraisostearate,Good,[],['Emollient' 'Texture Enhancer'],['Support' 'Sensory'],"['Functions as a thickener, moisturizing ingredient, and binding agent'
 'Derived from the fatty acid isostearic acid'
 'Used in cosmetics in amounts from 0.1% to 55%Deemed safe as used in skin care products']",Paula's Choice
Pentaerythrityl Tetraethylhexanoate,Good,['Hydration'],['Emollient' 'Texture Enhancer'],['Support' 'Sensory'],"['Assists skin in trapping moisture, allowing for a smooth, plump appearance'
 'Enhances and thickens a formula’s texture'
 'Used in cosmetics in amounts ranging from .06% to 50%CIR Expert Panel deemed safe for use in cosmetics and skin care products']",Paula's Choice
Pentaerythrityl Tetra-Di-T-Butyl Hydroxyhydrocinnamate,Good,[],['Antioxidant'],['Actives'],"['Synthetic ingredient that works as an antioxidant'
 'Helps ensure consistent efficacy and stability of other antioxidants'
 'Prevents unwanted color changes in cosmetics'
 'Works best in products that contain fats and oils']",Paula's Choice
Pentaerythrityl Distearate,Good,['Hydration'],['Emollient' 'Texture Enhancer'],['Support' 'Sensory'],"['Used as an emulsifying agent and emollient in skin care formulas'
 'Protects skin from water loss'
 'Often used in skin care to enhance formula texture'
 'Described as an off-white wax-like substance in its raw materials form']",Paula's Choice
Pentaclethra Macroloba Seed Oil,Good,['Anti-Aging' 'Dark Spot Fading' 'Evens Skin Tone' 'Hydration'],['Antioxidant' 'Plant Extracts' 'Emollient'],['Actives' 'Support'],"['Has antioxidant properties' 'Rich in hydrating fatty acids'
 'Can potentially fight hyperpigmentation' 'Also called pracaxi oil']",Paula's Choice
PEG 90M,Good,[],['Texture Enhancer' 'pH Adjuster/Stabilizer'],['Utility' 'Sensory'],[],Paula's Choice
PEG-8 Dimethicone,Good,['Hydration'],['Silicone' 'Polymer' 'Humectant'],['Support' 'Sensory'],"['Synthetic replenishing agent that has a softening effect on skin and hair'
 'Can be used as an oil-in-water emulsifier to enhance the overall texture of a formula'
 'May help to “detackify” ingredients in formulations'
 'Adds moisture to surfactant-based products such as shampoos, body washes, and facial cleanser'
 'Deemed safe for cosmetic use']",Paula's Choice
PEG-8 Beeswax,Good,['Hydration'],['Emollient' 'Texture Enhancer'],['Support' 'Sensory'],"['Formed by the esterification of beeswax and polyethylene glycol'
 'Adds emollience to formulas' 'Emulsifier and surfactant'
 'Light-colored wax in its raw form' 'Ruled safe as used in cosmetics']",Paula's Choice
PEG-80 Sorbitan Laurate,Good,[],['Cleansing Agent'],['Utility'],[],Paula's Choice
PEG-8,Good,['Hydration'],['Humectant' 'Solvent'],['Support' 'Utility'],[],Paula's Choice
PEG-7 Glyceryl Cocoate,Good,['Hydration'],['Cleansing Agent' 'Emollient'],['Support' 'Utility'],"['Emollient, surfactant, and emulsifier that’s partially derived from coconut'
 'Often used in moisturizers, hair conditioners, and cleansers'
 'Purification process helps control any potentially dangerous byproducts'
 'Deemed safe as used in cosmetics']",Paula's Choice
PEG-75 Stearate,Good,[],['Cleansing Agent'],['Utility'],[],Paula's Choice
PEG-75 Shea Butter Glycerides,Good,['Hydration'],['Emollient' 'Cleansing Agent'],['Support' 'Utility'],"['Made partly from the hydrating glyceride portion of emollient shea butter'
 'PEG-75 is a lightweight humectant and helps bind ingredients in a formula'
 'Works with surfactants to boost gentle cleansing'
 'Leaves skin feeling soft and supple']",Paula's Choice
PEG-75,Good,['Hydration'],['Humectant'],['Support'],['Functions as a humectant to boost skin’s hydration\u202fMay also be used as a solvent to mesh ingredients cohesively and enhance formulary texture\u202fConsidered a higher molecular weight PEGProven track record as a safe skin care ingredient'],Paula's Choice
PEG-60 Hydrogenated Castor Oil,Good,['Hydration'],['Plant Extracts' 'Emollient' 'Cleansing Agent'],['Support' 'Utility'],"['Primarily used as a cleansing agent'
 'Helps whisk away oil, dirt and other debris'
 'Provides emulsifying and solubilizing benefits which improves aesthetics and performance'
 'Proven track record as a safe cosmetic ingredient'
 'Identified concentrations in cosmetic use range from 0.00004% to 18%']",Paula's Choice
PEG-60 Almond Glycerides,Good,['Hydration'],['Emollient'],['Support'],"['Derivative of fatty acids from almond oil'
 'Functions as a skin-conditioning agent, emollient, and emulsifier'
 'Found non-irritating even in concentrations up to 20%']",Paula's Choice
PEG-40 Stearate,Good,[],['Cleansing Agent'],['Utility'],"['Typically functions as a cleansing agent in skin care formulas'
 'Can also be used as a thickener/texture enhancer or to help keep ingredients soluble'
 'Known to enhance the penetration of other key ingredients'
 'Long history of safe cosmetic use']",Paula's Choice
PEG-40 Hydrogenated Castor Oil,Good,['Hydration'],['Plant Extracts' 'Emollient' 'Texture Enhancer'],['Support' 'Sensory'],"['Acts as an emollient, emulsifying agent, and solubility-enhancing ingredient'
 'Imparts a soft feel on skin and minimizes moisture loss'
 'Proven track record as non-sensitizing and safe for use in cosmetics'
 'Created from a mixture of synthetic polyethylene glycol (PEG) + natural castor oil'
 'Molecular properties allow it to effectively moisturize skin’s surface']",Paula's Choice
PEG-4,Good,[],['Humectant'],['Support'],"['Type of polyethylene glycol'
 'Used as a humectant and solvent in cosmetics'
 'Ruled safe for use in skin care'
 'Highest concentration (20%) is used in manicure preparations']",Paula's Choice
PEG-33,Good,['Hydration'],['Polymer' 'Humectant' 'Solvent'],['Support' 'Utility' 'Sensory'],"['Lightweight, skin-friendly polymer'
 'Helps draw and hold moisture within skin' 'Enhances formulary stability'
 'Works as a non-irritating solvent']",Paula's Choice
PEG-32,Good,['Hydration'],['Emulsifier' 'Solvent' 'Humectant'],['Support' 'Utility'],[],Paula's Choice
Peg-30 Stearate,Good,[],['Cleansing Agent' 'Suspending/Dispersing Agent' 'Emulsifier'],['Utility' 'Sensory'],"['Made from polyethylene glycol and stearic acid'
 'Has cleansing, emulsifying, suspending, and solubolizing properties'
 'May be animal-derived or synthetic'
 'Considered safe as used in cosmetics'
 'Among the lesser-used PEG compounds']",Paula's Choice
PEG-20 Methyl Glucose Sesquistearate,Good,['Hydration'],['Cleansing Agent' 'Emollient' 'Emulsifier'],['Support' 'Utility'],"['Mixture of a glycol with a fatty acid and glucose that offers multiple functions within cosmetic formulas'
 'Can be used as a gentle cleansing agent or oil-in-water emulsifier'
 'Provides emollient properties to deliver a soft afterfeel to skin'
 'Described as a pale yellow liquid in raw material form']",Paula's Choice
PEG-20 Glyceryl Triisostearate,Good,['Hydration'],['Cleansing Agent' 'Emollient' 'Emulsifier'],['Support' 'Utility'],"['An ester of the fatty acid isostearic acid combined with polyethylene glycol and glycerin'
 'May be animal-derived or synthetic'
 'Commonly used as an emulsifier and mild cleansing agent'
 'Noted for offering skin-softening properties']",Paula's Choice
PEG-200 Hydrogenated Glyceryl Palmate,Good,[],['Texture Enhancer'],['Sensory'],"['Thickener used in hair and skin care products' 'Also an emulsifier'
 'Ruled safe as used in cosmetics'
 'Appears as a slightly yellowish liquid in its raw form']",Paula's Choice
PEG-150 Distearate,Good,[],['Cleansing Agent'],['Utility'],[],Paula's Choice
PEG-14,Good,['Hydration'],['Polymer' 'Humectant'],['Support' 'Sensory'],"['Functions as a humectant to increase skin’s hydration'
 'May also be used as a solvent to mesh ingredients cohesively'
 'Deemed safe by the Cosmetic Ingredient Review Expert Panel'
 'With any PEG ingredient followed by a number, the lower the number, the lighter weight the ingredient']",Paula's Choice
PEG-12 Glyceryl Dimyristate,Good,['Hydration'],['Humectant'],['Support'],[],Paula's Choice
PEG-12 Dimethicone,Good,['Hydration'],['Emollient' 'Silicone'],['Support' 'Sensory'],"['Blend of skin-protective dimethicone + a lightweight polyethylene glycol'
 'Functions as a hair/skin-conditioning agent'
 'Also helps improve the texture and perceived finish of skin care formulas'
 'Deemed a safe cosmetic ingredient']",Paula's Choice
PEG-120 Methyl Glucose Dioleate,Good,[],['Cleansing Agent' 'Texture Enhancer'],['Utility' 'Sensory'],[],Paula's Choice
PEG-10 Rapeseed Sterol,Good,['Hydration'],['Cleansing Agent' 'Emollient'],['Support' 'Utility'],"['Hybrid blend of synthetic and plant-derived ingredients'
 'Contains fatty acid from the rapeseed plant' 'Used as a cleansing agent'
 'Also an emulsifier']",Paula's Choice
PEG-10 Phytosterol,Good,[],['Cleansing Agent' 'Emulsifier'],['Utility'],"['Used in skin care products as a cleansing agent/emulsifier'
 'Plays a role in enhancing the overall texture of a formula'
 'Goes by alternate names depending on how it’s sourced'
 'Soy-based phytosterols can help rejuvenate aging skin by keeping it pliant and supple'
 'Recognized as safe for use in cosmetic products']",Paula's Choice
PEG-10 Dimethicone/Vinyl Dimethicone Crosspolymer,Good,['Hydration'],['Silicone' 'Emollient' 'Polymer'],['Support' 'Sensory'],[],Paula's Choice
PEG-10 Dimethicone,Good,['Hydration'],['Silicone' 'Humectant'],['Support' 'Sensory'],[],Paula's Choice
PEG-100 Stearate,Good,[],['Cleansing Agent' 'Emulsifier' 'pH Adjuster/Stabilizer'],['Utility'],"['Multitasking ingredient that can be used as an emulsifier/cleansing agent in cosmetic formulas'
 'May also be utilized to deliver a soft, moisturized feel to skin, thanks to its emollient properties'
 'In cleansing solutions, it helps contribute to the foamability of the formula'
 'Deemed safe by the Cosmetic Ingredient Review Expert Panel']",Paula's Choice
PEG/PPG-20/15 Dimethicone,Good,[],['Cleansing Agent' 'Emulsifier' 'Silicone'],['Utility' 'Sensory'],[],Paula's Choice
PEG/PPG-18/4 Copolymer,Good,[],['Solvent' 'Polymer'],['Utility' 'Sensory'],[],Paula's Choice
PEG/PPG-18/18 Dimethicone,Good,[],['Cleansing Agent' 'Emulsifier' 'Silicone'],['Utility' 'Sensory'],"['Type of silicone that enhances formulary texture and spreadability'
 'Creates a breathable barrier that prevents water loss (ideal for improving dehydrated skin)Found in a variety of beauty products including makeup, sunscreen, and hair care'
 'Deemed safe by the Cosmetic Ingredient Review Expert Panel']",Paula's Choice
PEG/PPG-17/6 Copolymer,Good,[],['Solvent' 'Polymer'],['Utility' 'Sensory'],"['Works primarily as a solvent'
 'Additional functions include moisturizer and cleansing agent'
 'Is a moderate-viscosity fluid' 'Deemed safe as used in cosmetics']",Paula's Choice
PEG/PPG-14/4 Dimethicone,Good,[],['Emulsifier' 'Cleansing Agent'],['Utility'],"['Derivative of the silicone dimethicone combined with two glycols'
 'Serves as a surfactant and emulsifier' 'Also conditions hair and skin'
 'Ruled safe as used in cosmetics']",Paula's Choice
PEG,Good,[],['Cleansing Agent' 'Emollient' 'Emulsifier'],['Support' 'Utility'],[],Paula's Choice
Pectin,Good,[],['Texture Enhancer'],['Sensory'],[],Paula's Choice
Pecan Oil,Good,['Hydration'],['Emollient' 'Plant Extracts' 'Antioxidant'],['Actives' 'Support'],[],Paula's Choice
Peanut Oil,Good,['Hydration'],['Emollient' 'Plant Extracts' 'Antioxidant'],['Actives' 'Support'],[],Paula's Choice
PCA Dimethicone,Good,['Hydration'],['Emollient' 'Polymer' 'Silicone'],['Support' 'Sensory'],"['Stable siloxane polymer'
 'Created through the combination of dimethicone and pyrrolidone carboxylic acid'
 'Helps skin hydration through the reduction of transepidermal water loss'
 'Gives cosmetic formulas an elegant, silky feel']",Paula's Choice
PCA,Good,['Hydration'],['Humectant'],['Support'],"['Humectant derived from amino acids'
 'Increases water content (hydration) in the uppermost layers of skin'
 'Also part of skin’s natural moisturizing factor'
 'Often linked with mineral electrolytes to further supercharge hydration within skin’s aquaporins']",Paula's Choice
Passion Fruit Extract,Good,['Anti-Aging'],['Plant Extracts' 'Antioxidant'],['Actives' 'Support'],[],Paula's Choice
Passiflora Edulis Extract,Good,['Anti-Aging' 'Hydration'],['Plant Extracts' 'Antioxidant'],['Actives' 'Support'],[],Paula's Choice
Paraffinum Liquidum,Good,['Hydration'],['Emollient'],['Support'],[],Paula's Choice
Paraffin,Good,['Hydration'],['Texture Enhancer' 'Occlusive/Opacifying Agent'],['Support' 'Sensory'],"['Saturated white wax derived from petroleum'
 'Highly purified for use in cosmetics'
 'Emollient properties soften, smooth + help protect skin'
 'Helps prevent dry, cracked lips' 'Considered safe as used in cosmetics']",Paula's Choice
Parabens,Good,[],['Preservative'],['Utility'],"['Group of controversial preservatives'
 'Includes butylparaben, isobutylparaben, propylparaben, methylparaben and ethylparaben'
 'In low amounts, parabens were not shown to harm skin']",Paula's Choice
Pantolactone,Good,['Hydration'],['Humectant'],['Support'],"['Synthetic humectant that helps maintain skin’s moisture'
 'Required to make the B vitamins panthenol and pantothenic acid'
 'Often found in blends with other hydrating ingredients'
 'Also used to make panthenol derivatives that help skin and hair']",Paula's Choice
Panthenyl Triacetate,Good,['Soothing'],['Humectant'],['Support'],"['An ester of panthenol' 'Best known for its soothing properties'
 'Helps boost skin’s metabolism'
 'Oil solubility lets it penetrate further into skin than panthenol']",Paula's Choice
Palm Kernel Acid,Good,[],['Occlusive/Opacifying Agent' 'Cleansing Agent' 'Emulsifier'],['Support' 'Utility'],[],Paula's Choice
Palmitoyl Tetrapeptide-10,Good,['Anti-Aging'],['Peptides'],['Actives'],"['Synthetic peptide' 'Not widely used in cosmetics'
 'Manufacturer claims it improves brightness + smoothness']",Paula's Choice
Palmitoyl Grapevine Shoot Extract,Good,['Anti-Aging'],['Antioxidant' 'Plant Extracts'],['Actives' 'Support'],"['Combination of palmitic acid and grapevine shoots'
 'Proprietary ingredient for Caudalie' 'Has antioxidant properties'
 'A natural source of resveratrol']",Paula's Choice
Palmitoyl Dipeptide-5 Diaminohydroxybutyrate,Good,['Anti-Aging'],['Peptides'],['Actives'],"['Synthetic peptide' 'Derived partly from palmitic acid'
 'Skin conditioning ingredient' 'Could also improve skin firmness']",Paula's Choice
Palmitic Acid,Good,[],['Occlusive/Opacifying Agent' 'Cleansing Agent' 'Emulsifier'],['Support' 'Utility'],"['Fatty acid found naturally in skin'
 'The most common fatty acid found in animals, plants, and microorganisms'
 'Functions as a detergent cleansing agent, emulsifier, and emollient'
 'Determined safe as used in cosmetics']",Paula's Choice
Palmaria Palmata Extract,Good,['Anti-Aging' 'Hydration' 'Soothing'],['Plant Extracts' 'Antioxidant' 'Humectant'],['Actives' 'Support'],[],Paula's Choice
Padina Pavonica Extract,Good,['Anti-Aging' 'Hydration'],['Plant Extracts' 'Antioxidant' 'Emollient'],['Actives' 'Support'],[],Paula's Choice
Ozokerite,Good,[],['Occlusive/Opacifying Agent' 'Texture Enhancer'],['Support' 'Sensory'],[],Paula's Choice
Oxybenzone,Good,['Anti-Aging'],['UV Filters'],['Actives'],"['Globally approved UV filter' 'Offers both UVA and UVB protection'
 'Has weak estrogenic properties that do not pose a health risk'
 'Not definitively proven to damage corals in real-world settings'
 'Despite claims to the contrary, it’s unlikely to irritate skin when used in approved amounts']",Paula's Choice
Olive Oil PEG-7 Esters,Good,['Hydration'],['Cleansing Agent' 'Emollient' 'Emulsifier'],['Support' 'Utility'],"['Works as an emollient, emulsifier, and mild cleansing agent'
 'Also used as solubilizing agent for essential oils and fragrance ingredients'
 'Created from a combination of pure olive oil and PEG-7 (a synthetic humectant and solvent)Deemed safe by the Cosmetic Ingredient Review Expert Panel']",Paula's Choice
Olive Oil/Olive Fruit Oil,Good,['Anti-Aging' 'Hydration'],['Emollient' 'Antioxidant' 'Plant Extracts'],['Actives' 'Support'],"['An emollient, non-fragrant plant oil also called Olea Europaea (Olive) fruit oil'
 'Beneficial for dry skin because of its fatty acid content'
 'Contains phenolic compounds that provide antioxidant benefits'
 'The negative effects of olive oil are apparent only when used alone on skin']",Paula's Choice
Oligopeptide-76,Good,['Anti-Acne' 'Anti-Aging'],['Antibacterial' 'Peptides'],['Actives'],"['Made up of 13 amino acids' 'Helps improve skin barrier'
 'Likely has antibacterial properties' 'Also known as Spec' 'Ped® O76P']",Paula's Choice
Oligopeptide-3,Good,['Anti-Aging' 'Hydration'],['Peptides'],['Actives'],"['Peptide made up of several amino acids'
 'Manufacturers claim it boosts skin’s resilience'
 'Has hydrating properties' 'Known by the trade name Creapep ®']",Paula's Choice
Oligopeptide-10,Good,['Soothing'],['Peptides'],['Actives'],"['Synthetic bio-active peptide composed of 15 amino acids'
 'Research shows it could have anti-acne benefits'
 'Could also help reduce visible signs of redness'
 'A white powder in its raw form']",Paula's Choice
Oleyl Erucate,Good,['Hydration'],['Occlusive/Opacifying Agent' 'Humectant' 'Solvent'],['Support' 'Utility'],"['Ester of oleyl alcohol and erucic acid' 'Serves as a humectant'
 'Also a solvent and opacifier' 'Ruled safe as used in cosmetics']",Paula's Choice
Oleths,Good,[],['Cleansing Agent' 'Emulsifier'],['Utility'],[],Paula's Choice
Oleth-20,Good,[],['Cleansing Agent' 'Emulsifier'],['Utility'],"['Non-ionic surfactant and cleansing agent'
 'Helps oil and water ingredients merge within formulas'
 'May also help active ingredients permeate skin'
 'Deemed safe for use by the Cosmetic Ingredient Review Expert Panel']",Paula's Choice
Oleth-10,Good,[],['Cleansing Agent' 'Emulsifier'],['Utility'],"['Non-irritating fatty alcohol that functions as a texture enhancer and cleansing agent'
 'Widely used as an emulsifier in water + oil cosmetics'
 'Cleanses skin and hair by helping water mix with oil and dirt to be whisked away'
 'Proven track record of safety in cosmetic formulations']",Paula's Choice
Olea Europaea Fruit Oil,Good,['Hydration' 'Anti-Aging'],['Emollient' 'Plant Extracts' 'Antioxidant'],['Actives' 'Support'],[],Paula's Choice
Olea Europaea (Olive) Fruit Oil,Good,['Hydration' 'Anti-Aging'],['Emollient' 'Plant Extracts' 'Antioxidant'],['Actives' 'Support'],"['An emollient, non-fragrant plant oil' 'Helps trap moisture within skin'
 'Specially beneficial for dry skin'
 'Contains phenolic compounds that provide antioxidant benefits']",Paula's Choice
Oenothera Biennis Flower Extract,Good,['Anti-Aging' 'Soothing'],['Antioxidant' 'Plant Extracts'],['Actives' 'Support'],"['Derived from the evening primrose' 'Has antioxidant benefits'
 'Also has anti-inflammatory properties']",Paula's Choice
O-Cymen-5-Ol,Good,[],['Preservative'],['Utility'],[],Paula's Choice
Octyl Stearate,Good,['Hydration'],['Emollient'],['Support'],[],Paula's Choice
Octyl Palmitate,Good,['Hydration'],['Emollient' 'Texture Enhancer' 'Solvent'],['Support' 'Utility' 'Sensory'],[],Paula's Choice
Octyldodecyl Stearoyl Stearate,Good,[],['Emollient' 'Texture Enhancer'],['Support' 'Sensory'],"['Ester that functions as a skin conditioning and viscosity-increasing ingredient'
 'Ruled safe at usage rates between 2-15%Safety data is under re-review'
 'Amber colored liquid in its raw form']",Paula's Choice
Octyldodecyl Neopentanoate,Good,['Hydration'],['Emollient'],['Support'],"['A synthetic emollient that conditions and softens skin'
 'Made from the fatty alcohol octyldodecanol' 'Imparts a silky texture'
 'Considered safe and non-sensitizing for skin']",Paula's Choice
Octyldodecyl Myristate,Good,['Hydration'],['Texture Enhancer' 'Emollient'],['Support' 'Sensory'],[],Paula's Choice
Octyldodeceth-16,Good,[],['Emulsifier'],['Utility'],"['Used as an emulsifier' 'Also functions as a surfactant'
 'Ruled safe as used in cosmetics']",Paula's Choice
Octyldodecanol,Good,['Hydration'],['Occlusive/Opacifying Agent' 'Emollient' 'Texture Enhancer'],['Support' 'Sensory'],[],Paula's Choice
Octadecenedioic Acid,Good,['Anti-Acne' 'Dark Spot Fading' 'Evens Skin Tone'],['Antioxidant' 'Plant Extracts'],['Actives' 'Support'],"['Olive-derived compound known as a carboxylic acid'
 'Plays a novel role in helping to fade discolorations'
 'Uncommon to see in cosmetics, but not known to be a problem for skin'
 'May play a role in helping skin feel smoother']",Paula's Choice
Nylon-12,Good,['Oil Control'],['Texture Enhancer' 'Absorbent' 'Occlusive/Opacifying Agent'],['Support' 'Sensory'],[],Paula's Choice
Nonoxynols,Good,[],['Cleansing Agent' 'Emulsifier'],['Utility'],[],Paula's Choice
Noni Juice,Good,['Soothing'],['Antioxidant' 'Plant Extracts'],['Actives' 'Support'],[],Paula's Choice
Nicotiana Benthamiana Hexapeptide-40 sh-Polypeptide-76,Good,['Anti-Aging'],['Peptides'],['Actives'],"['Derived from a plant native to Australia'
 'Claimed to stimulate collagen production'
 'Supplier data compares benefits to retinoids'
 'More independent research needed']",Paula's Choice
Neopentyl Glycol Diheptanoate,Good,['Hydration'],['Texture Enhancer' 'Emollient'],['Support' 'Sensory'],"['Derived from a mixture of neopentyl glycol and heptanoic acid'
 'Functions as a skin-softening agent and formulary thickening agent'
 'Light straw-colored liquid in its raw material form'
 'Known to be safe for cosmetic use']",Paula's Choice
Neopentyl Glycol Diethylhexanoate,Good,['Hydration'],['Emollient' 'Texture Enhancer'],['Support' 'Sensory'],"['Diester of neopentyl glycol and 2-ethylhexanoic acid'
 'Emollient properties hydrate and soften skin'
 'Helps thicken skin care formulas'
 'CIR Expert Panel deemed safe for use in cosmetics']",Paula's Choice
Neopentyl Glycol Dicaprylate/Dicaprate,Good,['Hydration'],['Texture Enhancer' 'Emollient'],['Support' 'Sensory'],"['Used as an emollient and thickener/texture enhancer in cosmetic formulas'
 'Described as offering a light, silky feel'
 'Clear to yellowish liquid in raw material form'
 'Deemed safe by the Cosmetic Ingredient Review Expert Panel']",Paula's Choice
Nelumbo Nucifera Flower Extract,Good,['Anti-Aging' 'Evens Skin Tone' 'Soothing'],['Antioxidant' 'Plant Extracts'],['Actives' 'Support'],"['Plant-derived ingredient AKA Lotus Flower Extract'
 'Contains phenols and flavonoids which provide antioxidant properties'
 'Has a long history in traditional medicinal practices'
 'Provides anti-aging benefits and can help achieve an even skin tone']",Paula's Choice
Natto Gum,Good,[],['Texture Enhancer'],['Sensory'],[],Paula's Choice
Nasturtium Officinale Extract,Good,['Anti-Aging'],['Plant Extracts' 'Antioxidant'],['Actives' 'Support'],[],Paula's Choice
Nardostachys Jatamansi Extract,Good,['Hydration' 'Anti-Aging'],['Emollient' 'Plant Extracts' 'Antioxidant'],['Actives' 'Support'],[],Paula's Choice
Nardostachys Jatamansi,Good,['Hydration' 'Anti-Aging'],['Emollient' 'Plant Extracts' 'Antioxidant'],['Actives' 'Support'],[],Paula's Choice
Nannochloropsis Oculata Extract,Good,['Anti-Aging' 'Hydration' 'Soothing'],['Antioxidant' 'Humectant' 'Plant Extracts'],['Actives' 'Support'],"['Natural ingredient extracted from microalgae'
 'Contains soothing and hydrating components'
 'Helps promote a youthful and even skin look'
 'Helps protect skin from airborne pollutants and external aggressors']",Paula's Choice
Myristyl Myristate,Good,['Hydration'],['Texture Enhancer' 'Emollient' 'Occlusive/Opacifying Agent'],['Support' 'Sensory'],"['The ester of myristyl alcohol and myristic acid'
 'Used as an emollient, occlusive, opacifier, and texture enhancer'
 'Non-greasy texture noticeably improves spreadability'
 'May be plant-derived or synthetic']",Paula's Choice
Myristyl Alcohol,Good,['Hydration'],['Emollient' 'Cleansing Agent' 'Texture Enhancer'],['Support' 'Utility' 'Sensory'],[],Paula's Choice
Myristoyl Nonapeptide-3,Good,['Anti-Aging'],['Peptides'],['Actives'],"['Synthetic peptide' 'Also known as Spec' 'Ped® MN3P as well as Retino'
 'Peptide 189Manufacturer claims it mimics retinoic acid'
 'Independent research is lacking']",Paula's Choice
Myristamidopropyl PG-Dimonium Chloride Phosphate,Good,['Hydration'],['Cleansing Agent' 'Emulsifier' 'Humectant'],['Support' 'Utility'],[],Paula's Choice
Musa Sapientum Fruit Extract,Good,['Anti-Aging' 'Evens Skin Tone'],['Antioxidant' 'Plant Extracts'],['Actives' 'Support'],"['From the banana fruit'
 'Has skin conditioning and antioxidant properties'
 'Can possibly improve hyperpigmentation']",Paula's Choice
Murumuru Seed Butter,Good,['Hydration'],['Emollient' 'Plant Extracts'],['Support'],[],Paula's Choice
Morus Nigra Root Extract,Good,['Anti-Aging'],['Plant Extracts' 'Antioxidant'],['Actives' 'Support'],[],Paula's Choice
Morus Bombycis Root Extract,Good,['Anti-Aging'],['Plant Extracts' 'Antioxidant'],['Actives' 'Support'],[],Paula's Choice
Morinda Citrifolia,Good,['Soothing'],['Plant Extracts' 'Antioxidant'],['Actives' 'Support'],[],Paula's Choice
Montmorillonite,Good,['Oil Control'],['Absorbent' 'Texture Enhancer'],['Sensory'],[],Paula's Choice
Montan Wax,Good,[],['Texture Enhancer'],['Sensory'],[],Paula's Choice
Momordica Charantia Fruit Extract,Good,['Anti-Aging' 'Soothing'],['Antioxidant' 'Plant Extracts'],['Actives' 'Support'],"['From the bitter melon' 'Source of antioxidant-rich phenolic compounds'
 'Also helps calm skin' 'Used for centuries in herbal medicinal practices'
 'High concentrations can be too astringent for skin']",Paula's Choice
Mixed Fruit Extracts,Good,[],['Plant Extracts' 'Irritant'],['Support' 'Risks'],[],Paula's Choice
MIPA-Laureth Sulfate,Good,[],['Cleansing Agent'],['Utility'],"['Gentle cleansing agent/surfactant'
 'Commonly used in transparent oil-based body washes or facial cleansing oils'
 'Often combined with propylene glycol—this duo is noted for its excellent lathering action'
 'Can be used in waterless formulas (including water-free shampoo concentrates)']",Paula's Choice
Mineral Oil,Good,['Hydration'],['Emollient' 'Occlusive/Opacifying Agent' 'Solvent'],['Support' 'Utility'],[],Paula's Choice
Milk Protein,Good,['Hydration'],['Humectant'],['Support'],[],Paula's Choice
Microcystis Aeruginosa,Good,['Anti-Aging'],['Plant Extracts' 'Antioxidant'],['Actives' 'Support'],[],Paula's Choice
Microcrystalline Wax,Good,['Hydration'],['Texture Enhancer' 'Occlusive/Opacifying Agent'],['Support' 'Sensory'],"['Petroleum-derived wax with a crystalline structure'
 'Gummy texture gives it great versatility in cosmetics'
 'Helps bind oils and solvents'
 'Considered safe as used in cosmetics, including lip products']",Paula's Choice
Microcrystalline Cellulose,Good,['Anti-Aging'],['Absorbent' 'Texture Enhancer'],['Sensory'],"['Defined as the isolated, colloidal crystalline portion of cellulose fibers'
 'Can be plant derived (sometimes through “upcycling” agricultural waste) or created synthetically'
 'Works in a variety of roles including absorbent, emulsion stabilizer, scrub and texture enhancer'
 'Also offers minor antioxidant properties (variable depending on the source)']",Paula's Choice
Mica,Good,[],['Coloring Agent/Pigment' 'Texture Enhancer' 'Occlusive/Opacifying Agent'],['Support' 'Sensory'],"['General term for a group of 37 earth-derived silicate minerals'
 'Often included in cosmetic formulations to impart iridescent or opalescent shine'
 'May also be used to impart varying degrees of opacity'
 'Light-reflective quality makes it highly desirable for giving skin a healthy-looking glow'
 'Mica is considered safe and can be ethically sourced through the Responsible Mica Initiative']",Paula's Choice
Methyl Trimethicone,Good,['Hydration'],['Silicone' 'Emollient'],['Support' 'Sensory'],[],Paula's Choice
Methylsufonylsulfate,Good,[],['Antioxidant'],['Actives'],[],Paula's Choice
Methylsilanol Tri-PEG-8 Glyceryl Cocoate,Good,['Hydration'],['Emulsifier'],['Utility'],"['Emulsifier and texture enhancer'
 'Contains coconut oil-derived fatty acids'
 'Also a skin conditioning agent']",Paula's Choice
Methylsilanol PEG-7 Glyceryl Cocoate,Good,['Hydration'],['Emollient' 'Texture Enhancer'],['Support' 'Sensory'],[],Paula's Choice
Methylsilanol Mannuronate,Good,['Hydration'],['Humectant'],['Support'],[],Paula's Choice
Methylpropanediol,Good,['Hydration'],['Solvent' 'Humectant'],['Support' 'Utility'],"['Enhances the absorption of other ingredients'
 'Characteristically hydrating; may leave a dewy finish'
 'Can be used to support a preservative blend']",Paula's Choice
Methylparaben,Good,[],['Preservative'],['Utility'],[],Paula's Choice
Methyl Methacrylate/Glycol Dimethacrylate Crosspolymer,Good,['Oil Control'],['Absorbent' 'Film-Forming Agent' 'Texture Enhancer'],['Sensory'],"['Used as a texture-enhancing ingredient and film former in cosmetic formulations'
 'May also be used as “microspheres” to gently release potent active ingredients into skin'
 'Touted for its absorbent properties that temper shine on oily skin'
 'Deemed safe by the Cosmetic Ingredient Review Expert Panel']",Paula's Choice
Methylglucoside Phosphate,Good,['Hydration'],['Humectant'],['Support'],[],Paula's Choice
Methyl Glucose Sesquistearate,Good,['Hydration'],['Emollient' 'Emulsifier'],['Support' 'Utility'],"['Vegetable-derived ingredient'
 'Functions as a skin-softening ingredient, emulsifier, and emollient (moisturizer)Deemed safe as used in cosmetics'
 'Supplied to cosmetics companies as off-white flakes']",Paula's Choice
Methyl Gluceth-20 Benzoate,Good,['Hydration'],['Emollient' 'Texture Enhancer'],['Support' 'Sensory'],[],Paula's Choice
Methyl Gluceth-20,Good,['Hydration'],['Humectant'],['Support'],"['Functions as a moisturizing and conditioning ingredient'
 'According to its manufacturer, it has a low irritation potential'
 'Made by combining polyethylene glycol with glucose (sugar)Ruled safe as used in cosmetics']",Paula's Choice
Methionine,Good,['Anti-Aging' 'Hydration'],['Antioxidant' 'Humectant'],['Actives' 'Support'],[],Paula's Choice
Methicone,Good,['Hydration'],['Silicone' 'Emollient'],['Support' 'Sensory'],[],Paula's Choice
Melibiose,Good,['Hydration'],['Humectant'],['Support'],[],Paula's Choice
Matricaria Oil,Good,['Anti-Aging' 'Soothing'],['Antioxidant' 'Plant Extracts'],['Actives' 'Support'],"['Has antioxidant benefits'
 'Also has soothing and antibacterial properties'
 'Deemed safe as used in cosmetics'
 'Commercial oil usually comes from the Chamomilla recutita, or German chamomile, plant']",Paula's Choice
Mastocarpus Stellatus,Good,[],['Plant Extracts'],['Support'],[],Paula's Choice
Marionberry,Good,[],['Plant Extracts'],['Support'],[],Paula's Choice
Marigold,Good,['Soothing' 'Anti-Aging'],['Plant Extracts' 'Antioxidant'],['Actives' 'Support'],[],Paula's Choice
Mannose,Good,['Hydration'],['Humectant'],['Support'],"['Monosaccharide (simple sugar) derived from glucose'
 'Helps skin retain and attract moisture'
 'Promotes a dewy, plump skin look'
 'The CIR Expert Panel deemed safe as used in cosmetics']",Paula's Choice
Mannitol,Good,['Hydration'],['Humectant'],['Support'],[],Paula's Choice
Mangifera Indica Root Extract,Good,['Anti-Aging'],['Plant Extracts' 'Antioxidant'],['Actives' 'Support'],"['Plant extract derived from the mango tree'
 'Can have antioxidant properties']",Paula's Choice
Mangifera Indica Leaf Extract,Good,['Anti-Aging' 'Soothing'],['Antioxidant' 'Plant Extracts'],['Actives' 'Support'],"['From the leaf of the mango plant' 'Has antioxidant properties'
 'Also exerts antimicrobial abilities'
 'Can potentially help control acne-causing bacteria']",Paula's Choice
Malva Sylvestris Extract,Good,['Soothing'],['Plant Extracts' 'Antioxidant'],['Actives' 'Support'],[],Paula's Choice
Maltose,Good,['Hydration'],['Humectant'],['Support'],"['A plant-derived sugar that consists of two glucose molecules'
 'Hydrates via retention of moisture'
 'Functions as a skin conditioning ingredient'
 'Also known as maltobiose or malt sugar'
 'Has skin, medical, and food applications']",Paula's Choice
Maltooligosyl Glucoside,Good,['Hydration'],['Humectant' 'Film-Forming Agent' 'pH Adjuster/Stabilizer'],['Support' 'Utility' 'Sensory'],"['Used in skin care as a binding agent, emulsifier, hydrator, texture enhancer, and film former'
 'Gives cosmetic products a smooth feel and is believed to provide soothing benefits'
 'Sometimes used as an alternative to glycerin'
 'Often combined with hydrogenated starch hydrolysate']",Paula's Choice
Maltodextrin,Good,['Oil Control' 'Hydration'],['Absorbent' 'Film-Forming Agent' 'Humectant'],['Support' 'Sensory'],"['Plant-based sugar' 'Serves as an absorbent and binding agent'
 'Also acts as a stabilizer, film-forming agent, + skin softener'
 'Ruled safe as used in cosmetics']",Paula's Choice
Malassezin,Good,['Anti-Aging' 'Dark Spot Fading'],['Antioxidant' 'Prebiotic/Probiotic/Postbiotic'],['Actives'],"['Derived from Malassezia fufur yeast' 'Has antioxidant benefits'
 'Improves hyperpigmentation'
 'Induces melanocyte apoptosis (melanocyte cell death)']",Paula's Choice
Malachite Extract,Good,['Anti-Aging'],['Antioxidant'],['Actives'],"['Extract of malachite, a copper-rich mineral'
 'Copper’s integral to skin and body health'
 'Helps curb the impact of environmental stressors'
 'Promotes a youthful appearance']",Paula's Choice
Mahonia Aquifolium Root Extract,Good,[],['Antioxidant' 'Plant Extracts'],['Actives' 'Support'],"['Skin-calming ingredient, also known as Oregon grape'
 'Delivers significant antioxidant properties to help offset the ravaging effects of sun damage'
 'Can be used to address sensitive or reactive skin issues'
 'Slightly viscous brown liquid in raw material form']",Paula's Choice
Magnolia Officinalis Bark Extract,Good,['Anti-Aging' 'Soothing'],['Antioxidant' 'Plant Extracts' 'Preservative'],['Actives' 'Support' 'Utility'],"['Plant extract taken from the bark of the Magnolia officinalis tree'
 'Contains unique soothing compounds'
 'Helps mitigate environmental damage, including discolorations'
 'Can be used as a part of a natural cosmetics preservative blend']",Paula's Choice
Magnesium Sulfate,Good,[],['Texture Enhancer'],['Sensory'],[],Paula's Choice
Magnesium Stearate,Good,[],['Texture Enhancer' 'Coloring Agent/Pigment'],['Sensory'],[],Paula's Choice
Magnesium Palmitoyl Glutamate,Good,['Hydration'],['Humectant'],['Support'],[],Paula's Choice
Magnesium Oleth Sulfate,Good,[],['Cleansing Agent'],['Utility'],[],Paula's Choice
Magnesium Laureth Sulfate,Good,[],['Cleansing Agent'],['Utility'],[],Paula's Choice
Magnesium Hydroxide,Good,['Oil Control'],['Absorbent' 'Occlusive/Opacifying Agent' 'pH Adjuster/Stabilizer'],['Support' 'Utility' 'Sensory'],[],Paula's Choice
Magnesium Chloride,Good,[],['Texture Enhancer'],['Sensory'],"['Mineral-derived salt use to enhance product texture'
 'Often used with other texture enhancers to thicken and stabilize formulas'
 'Used in foods to improve texture and hold ingredients together'
 'Plays a role in skin barrier recovery']",Paula's Choice
Magnesium Carboxymethyl Beta-Glucan,Good,['Soothing'],['Plant Extracts' 'Humectant'],['Support'],"['Helps soothe a compromised skin barrier'
 'Polysaccharide that’s been combined with magnesium to provide further stability'
 'Derived from the cell walls of baker’s yeast'
 'Recommended for usage in percentages between .02 and .1.']",Paula's Choice
Magnesium Carbonate,Good,['Oil Control'],['pH Adjuster/Stabilizer' 'Absorbent' 'Texture Enhancer'],['Utility' 'Sensory'],[],Paula's Choice
Magnesium Aspartate,Good,['Hydration'],['Humectant'],['Support'],"['A magnesium salt of amino acid aspartic acid'
 'Helps maintain proteins in skin’s outermost layers'
 'Hydrates and helps to soften skin'
 'Sometimes used in a blend with amino acids and gluconates (a by-product of glucose)']",Paula's Choice
Magnesium Ascorbyl Palmitate,Good,['Anti-Aging' 'Hydration'],['Antioxidant' 'Humectant'],['Actives' 'Support'],[],Paula's Choice
Magnesium Aluminum Silicate,Good,['Oil Control'],['Texture Enhancer' 'Absorbent'],['Sensory'],"['Derived from naturally occurring clay minerals'
 'Often used as a thickening agent and texture enhancer in cosmetics'
 'May also be included to impart opacity to a formula'
 'Can function as an emulsion stabilizer helping unlike ingredients stay together'
 'Can deliver mattifying absorbent properties when properly formulated to do so']",Paula's Choice
Magnesium,Good,['Oil Control' 'Hydration'],['Absorbent' 'Humectant'],['Support' 'Sensory'],[],Paula's Choice
Macrocystis Pyrifera (Kelp) Extract,Good,['Anti-Aging' 'Soothing' 'Hydration'],['Antioxidant' 'Plant Extracts'],['Actives' 'Support'],"['Type of brown seaweed'
 'Contains B vitamins + vitamins A and ESource of moisturizing oleic and linoleic acids'
 'Has soothing and barrier restoring properties'
 'Ruled safe as used in cosmetics']",Paula's Choice
Maclura Cochinchinensis Leaf Prenyl Flavonoids,Good,['Anti-Aging' 'Anti-Acne'],['Antioxidant' 'Plant Extracts'],['Actives' 'Support'],"['Subset of flavonoids extracted from the cockspur thorn'
 'Has antioxidant abilities' 'Potential antimicrobial properties']",Paula's Choice
Macadamia Nut Oil,Good,['Hydration'],['Emollient' 'Plant Extracts'],['Support'],[],Paula's Choice
Lysolecithin,Good,[],['Cleansing Agent' 'Emulsifier'],['Utility'],"['Primarily used as an emulsifier with other fatty acids'
 'Has mild cleansing properties'
 'Can be a key part of cosmetic ingredient delivery systems'
 'Obtained via hydrolysis of barrier-repairing ingredient lecithin']",Paula's Choice
Lysine,Good,['Hydration' 'Anti-Aging'],['Humectant' 'Antioxidant'],['Actives' 'Support'],"['Amino acid that can enhance skin’s hydration'
 'May help skin produce supportive substances that keep it looking smooth and youthful'
 'Can be animal-derived or made synthetically in a lab'
 'Has many derivatives with skin care benefits including tranexamic acid']",Paula's Choice
Locust Bean,Good,[],['Texture Enhancer' 'pH Adjuster/Stabilizer'],['Utility' 'Sensory'],[],Paula's Choice
Lithium Magnesium Sodium Silicate,Good,[],['Texture Enhancer'],['Sensory'],[],Paula's Choice
Liposomes,Good,[],['Suspending/Dispersing Agent'],['Sensory'],[],Paula's Choice
Linoleamidopropyl PG-Dimonium Chloride Phosphate,Good,[],['Cleansing Agent'],['Utility'],"['Skin and hair conditioning ingredient' 'Also functions as a surfactant'
 'Designed to mimic phospholipids that occur naturally in skin'
 'Can be naturally derived from safflower oil']",Paula's Choice
Lilium Candidum Flower Extract,Good,['Anti-Aging' 'Dark Spot Fading'],['Antioxidant' 'Plant Extracts'],['Actives' 'Support'],"['From the white lily plant' 'Has antioxidant properties'
 'Also has anti-inflammatory benefits' 'Could improve skin discolorations']",Paula's Choice
Levulinic Acid,Good,['Anti-Aging'],['Antioxidant' 'Humectant'],['Actives' 'Support'],"['Occurs in many natural and processed foods'
 'Byproduct of certain biorefinery processes'
 'Skin conditioning ingredient + possibly a penetration enhancer'
 'Maximum usage in leave-on products is 0.0005%']",Paula's Choice
Leuconostoc/Radish Root Ferment Filtrate,Good,[],['Plant Extracts' 'Preservative'],['Support' 'Utility'],"['Created by fermenting Raphanus sativus (radish) roots with the microorganism, Leuconostoc'
 'Used as a preservative in cosmetics and skin care'
 'Usually used at a concentration of 0.5%']",Paula's Choice
Lentil Fruit Extract,Good,['Anti-Aging'],['Plant Extracts' 'Antioxidant'],['Actives' 'Support'],[],Paula's Choice
Lens Esculenta (Lentil) Seed Extract,Good,['Anti-Aging' 'Hydration' 'Soothing'],['Antioxidant' 'Plant Extracts'],['Actives' 'Support'],"['Plant-derived legume seed extract'
 'Contains flavonoids and phenolic compounds'
 'Offers skin antioxidant benefits' 'Can help sooth skin']",Paula's Choice
Lens Esculenta (Lentil) Fruit Extract,Good,['Anti-Aging' 'Hydration'],['Plant Extracts' 'Antioxidant'],['Actives' 'Support'],"['Plant extract\u202fthat functions as a skin-softening agent and antioxidant'
 'Comes from the edible legume, lentil'
 'Lentil is known to be a source of amino acids that could prove to be beneficial for skin'
 'According to one cosmetic ingredient manufacturer, this extract contains vitamin B5']",Paula's Choice
Lecythis Minor Seed Oil,Good,['Anti-Aging' 'Hydration'],['Antioxidant' 'Emollient' 'Plant Extracts'],['Actives' 'Support'],"['Also known as monkey pot oil or paradise nut oil'
 'Extracted from the fruit of a tree native to South America'
 'Has hydrating and barrier protecting properties'
 'Also a good source of antioxidants'
 'Light and slightly yellow translucent oil']",Paula's Choice
L-Cysteine,Good,['Anti-Aging'],['Antioxidant'],['Actives'],[],Paula's Choice
Lawsonia Inermis (Henna) Flower/Fruit/Leaf Extract,Good,['Anti-Aging' 'Soothing'],['Antioxidant' 'Plant Extracts'],['Actives' 'Support'],"['Extract from the henna plant' 'Has antioxidant properties'
 'Also a source of fatty acids' 'Used as a dye since antiquity']",Paula's Choice
Lauryl PEG-9 Polydimethylsiloxyethyl Dimethicone,Good,[],['Emulsifier' 'Cleansing Agent' 'Silicone' 'Texture Enhancer'],['Utility' 'Sensory'],[],Paula's Choice
Lauryl Glucoside,Good,[],['Cleansing Agent'],['Utility'],[],Paula's Choice
Lauryl Betaine,Good,[],['Cleansing Agent'],['Utility'],"['Surfactant used in skin, hair and body care for cleansing'
 'Helps stabilize foam in rinse-off products'
 'Occurs in cosmetics between 0.015% and 8.8%CIR Expert Panel deemed safe for use']",Paula's Choice
Lauryl Alcohol,Good,['Hydration'],['Cleansing Agent' 'Emollient'],['Support' 'Utility'],[],Paula's Choice
Lauroyl Lysine,Good,['Hydration'],['Humectant' 'Emollient'],['Support'],"['Functions as a skin-softening and hair-conditioning agent, imparting a silky feel'
 'Popular in makeup formulations that promise long wear due to the exceptional adherence to skin'
 'Also used to adjust the texture of cosmetic formulas'
 'Proven track record of safety in concentrations up to 45%']",Paula's Choice
Laureths,Good,[],['Cleansing Agent'],['Utility'],[],Paula's Choice
Laureth-7 Citrate,Good,[],['Cleansing Agent'],['Utility'],"['Used as a gentle cleansing agent in skin care and hair care formulations'
 'Created from a combination of coconut/palm kernel oil, citric acid and ethylene oxide'
 'Described as a clear, yellowish liquid in its raw material form'
 'Fragrance free']",Paula's Choice
Laureth-7,Good,[],['Cleansing Agent' 'Texture Enhancer' 'Emulsifier'],['Utility' 'Sensory'],"['Used as a cleansing agent/emulsifier/texture enhancer in cosmetic formulas'
 'Derived from lauryl alcohol (a non-drying fatty alcohol derived from coconut oil)Liquid in its raw material form'
 'Proven track record of safety in cosmetic use']",Paula's Choice
Laureth-4,Good,[],['Cleansing Agent' 'Texture Enhancer'],['Utility' 'Sensory'],"['Works as a cleansing agent in skin care formulas'
 'Also functions as an emulsifier/stabilizer/solubizer and texture enhancer'
 'Described as a clear, colorless liquid in raw material form'
 'Proven track record of safety in cosmetic use']",Paula's Choice
Laureth-3,Good,[],['Emulsifier' 'Cleansing Agent' 'Texture Enhancer'],['Utility' 'Sensory'],"['Works as an emulsifier and cleansing agent in skin care formulas\u202fAlso functions as a texture enhancer/thickening agent'
 'Solubilizing properties make it popular in products where a milky consistency is desired'
 'Proven track record of safety in cosmetic use']",Paula's Choice
Laureth-23,Good,[],['Cleansing Agent' 'Texture Enhancer'],['Utility' 'Sensory'],"['Multitasking cosmetic ingredient that’s often used as a cleansing agent'
 'Creates more aesthetically pleasing formulary textures'
 'Found in all kinds of skin care and hair products'
 'Proven track record of safety in cosmetics']",Paula's Choice
Laurdimonium Hydroxypropyl Hydrolyzed Wheat Protein,Good,['Hydration'],['Humectant'],['Support'],[],Paula's Choice
Laurdimonium Hydroxypropyl Hydrolyzed Soy Protein,Good,['Hydration'],['Humectant'],['Support'],"['Provides hydration in skin care products'
 'Made from modifying lauric acid and soy protein'
 'Reduces static electricity in hair care products']",Paula's Choice
Lauramphocarboxyglycinate,Good,[],['Cleansing Agent'],['Utility'],[],Paula's Choice
Lauramidopropyl Betaine,Good,[],['Cleansing Agent' 'Texture Enhancer'],['Utility' 'Sensory'],"['Gentle cleansing agent most commonin shampoo products'
 'Also contributes foam boosting, antistatic, viscosity adjusting, and conditioning properties'
 'Noted in research as a zwitterionic surfactant with an overall neutral charge'
 'Pale yellow clear liquid in raw material form']",Paula's Choice
Larrea Tridentata Extract,Good,['Anti-Aging'],['Plant Extracts' 'Antioxidant'],['Actives' 'Support'],[],Paula's Choice
Larrea Tridentata,Good,['Anti-Aging'],['Plant Extracts' 'Antioxidant'],['Actives' 'Support'],[],Paula's Choice
Larrea Divaricata Extract,Good,['Anti-Aging'],['Plant Extracts' 'Antioxidant'],['Actives' 'Support'],[],Paula's Choice
Lanolin Alcohol,Good,['Hydration'],['Emollient' 'Texture Enhancer' 'pH Adjuster/Stabilizer'],['Support' 'Utility' 'Sensory'],[],Paula's Choice
Lanolin,Good,['Hydration'],['Emollient' 'Emulsifier'],['Support' 'Utility'],"[""Water-repellant wax from sheep's wool""
 'Used as an emollient in cosmetics'
 'Also a highly effective skin protectant']",Paula's Choice
Laminaria Longicruris,Good,[],['Plant Extracts'],['Support'],[],Paula's Choice
Lactose,Good,['Hydration'],['Humectant'],['Support'],"['Principal sugar found in milk'
 'Acts as a humectant in skin care products'
 'Ruled safe as used in cosmetics'
 'White or slightly yellow powder in its raw form'
 'Animal-derived, so not considered vegan']",Paula's Choice
Lactococcus Ferment Lysate,Good,['Anti-Aging'],['Humectant'],['Support'],"['Postbiotic skin care ingredient, derived from probiotics through the fermentation process'
 'Offers potential anti-aging benefits due to its mitigation of visible sun damage'
 'May also improve skin’s ability to withstand compromising influences and external stressors'
 'Works best in liquid emulsion formulations but can also be used gel/serum consistencies']",Paula's Choice
Lactobionate,Good,['Hydration'],['Humectant'],['Support'],[],Paula's Choice
Lactobacillus Punica Granatum Fruit Ferment Extract,Good,['Anti-Aging' 'Evens Skin Tone' 'Smooths Bumpy Skin'],['Antioxidant' 'Plant Extracts' 'Exfoliant'],['Actives' 'Support'],"['AKA Pomegranate enzyme'
 'Result of the fermentation of Punica granatum fruit extract'
 'Contains many anti-aging benefits, like the visible reduction of wrinkles and dark spots'
 'Offers light exfoliation']",Paula's Choice
Lactobacillus/Rice Ferment Filtrate,Good,['Anti-Aging' 'Evens Skin Tone' 'Soothing'],['Antioxidant' 'Prebiotic/Probiotic/Postbiotic' 'Plant Extracts'],['Actives' 'Support'],"['Ingredient (AKA sake) created through the fermentation of Oryza sativa (rice)Offers antioxidant driven anti-aging benefits'
 'Also helps soothe and even skin tone'
 'Commonly used in skin and hair care applications']",Paula's Choice
Kojyl Methylenedioxycinnamate,Good,['Anti-Acne' 'Evens Skin Tone'],['Antioxidant'],['Actives'],"['Derived from kojic acid' 'Has antioxidant properties'
 'Also has skin-brightening abilities']",Paula's Choice
Kojic Dipalmitate,Good,['Anti-Aging' 'Hydration'],['Antioxidant' 'Emollient'],['Actives' 'Support'],[],Paula's Choice
Kojic Acid,Good,['Dark Spot Fading' 'Evens Skin Tone' 'Anti-Aging'],['Antioxidant'],['Actives'],"['By-product of the fermentation process of malting rice for use in the manufacture of sake'
 'Helps to brighten an uneven tone' 'Contains antioxidant properties'
 'Has issues with stability when in formulations']",Paula's Choice
Kelp Extract,Good,['Anti-Aging' 'Soothing' 'Hydration'],['Antioxidant' 'Plant Extracts'],['Actives' 'Support'],"['Extract of brown algae' 'Rich in B vitamins + other antioxidants'
 'Has soothing and hydrating properties']",Paula's Choice
Kaolin,Good,['Oil Control' 'Pore Minimizer'],['Absorbent' 'Texture Enhancer' 'Occlusive/Opacifying Agent'],['Support' 'Sensory'],"['Naturally occurring clay mineral famously used in cosmetics for its absorbent properties'
 'Particularly popular in facial masks targeted at reducing skin’s surface oil'
 'Also functions as an anticaking agent, bulking agent, and opacifying agent'
 'Sometimes referred to as “China Clay”']",Paula's Choice
Kalanchoe Pinnata Leaf Extract,Good,['Anti-Aging'],['Antioxidant' 'Plant Extracts'],['Actives' 'Support'],"['Good source of antioxidants' 'Has photoprotective properties'
 'Used in traditional medicine' 'Also called life plant or miracle leaf']",Paula's Choice
Jujube Fruit Extract,Good,['Soothing'],['Antioxidant'],['Actives'],[],Paula's Choice
Japan Wax,Good,['Hydration'],['Texture Enhancer' 'Emollient' 'Occlusive/Opacifying Agent'],['Support' 'Sensory'],[],Paula's Choice
Jania Rubens Extract,Good,['Anti-Aging' 'Soothing'],['Antioxidant'],['Actives'],"['From a type of red algae' 'Rich in antioxidants'
 'Contains glycosaminoglycans' 'Possibly helps build collagen'
 'Has soothing properties']",Paula's Choice
Isostearyl Palmitate,Good,['Hydration'],['Emollient'],['Support'],"['Ester of isostearyl alcohol and palmitic acid'
 'Used as an emollient and binding agent'
 'Impart a lightweight, silky emolliency to formulas'
 'Ruled safe as used in cosmetics']",Paula's Choice
Isostearyl Neopentanoate,Good,['Hydration'],['Emollient' 'Solvent' 'Texture Enhancer'],['Support' 'Utility' 'Sensory'],"['Ester of isostearyl alcohol and neopentanoic acid'
 'Functions as emollient to lend lubricity, spreadability, and moisture retention'
 'May be used as a solvent for certain UV absorbers'
 'Can also be used as a binding agent for pressed powder makeup'
 'Clear, slightly yellow liquid in raw material form']",Paula's Choice
Isostearyl Isostearate,Good,['Hydration'],['Emollient' 'Texture Enhancer'],['Support' 'Sensory'],"['Liquid emollient ester that helps prevent moisture loss'
 'Improves the texture of makeup products such as lipstick'
 'Made from a blend of a fatty acid and a fatty alcohol'
 'Sometimes used to replace mineral oil']",Paula's Choice
Isostearyl Alcohol,Good,['Hydration'],['Emollient' 'Texture Enhancer'],['Support' 'Sensory'],"['Emollient— provides long-lasting moisture and softens skin'
 'Viscosity control—helps improve product texture and flow'
 'Spreading agent—allows for smooth, easy application'
 'Solubilizer—helps ingredients mix evenly in water'
 'May be derived from plant sources or synthetically made']",Paula's Choice
Isostearic Acid,Good,[],['Cleansing Agent' 'Texture Enhancer'],['Utility' 'Sensory'],[],Paula's Choice
Isostearamide DEA,Good,[],['Cleansing Agent' 'Texture Enhancer'],['Utility' 'Sensory'],[],Paula's Choice
Isopropyl Titanium Triisostearte/Triethoxycaprylylsilane Crosspolymer,Good,[],['Texture Enhancer'],['Sensory'],[],Paula's Choice
Isopropyl Titanium Triisostearate,Good,[],['Texture Enhancer'],['Sensory'],"['Used as a surface treatment for cosmetic pigments'
 'Also used to coat titanium dioxide nanoparticles'
 'Helps keep titanium dioxide nanoparticles stable in sunscreen formulas'
 'Improves the efficacy of sunscreen formulas']",Paula's Choice
Isopropyl Palmitate,Good,['Hydration'],['Emollient' 'Texture Enhancer'],['Support' 'Sensory'],[],Paula's Choice
Isopropyl Myristate,Good,['Hydration'],['Emollient' 'Texture Enhancer'],['Support' 'Sensory'],[],Paula's Choice
Isopropyl Lanolate,Good,['Hydration'],['Emollient' 'Texture Enhancer'],['Support' 'Sensory'],[],Paula's Choice
Isopropyl Isostearate,Good,['Hydration'],['Emollient' 'Solvent'],['Support' 'Utility'],[],Paula's Choice
Isopentyldiol,Good,['Hydration'],['Solvent' 'Humectant'],['Support' 'Utility'],"['Synthetic ingredient that is used as solvent to form cosmetic solutions'
 'Can also add hydration to skin thanks to its humectant properties'
 'Provides emollience minus a tacky feel'
 'Described as an odorless, colorless, water-soluble liquid']",Paula's Choice
Isoparaffin,Good,[],[],[],[],Paula's Choice
Isononyl Isononanoate,Good,[],['Emollient'],['Support'],"['Synthetic ester that functions as an emollient skin-softening agent'
 'Derived from the esters of nonanoic acid, which occurs naturally'
 'Typically used in concentrations between 2–10%Ruled safe as used in cosmetics']",Paula's Choice
Isomalt,Good,['Hydration'],['Humectant' 'Texture Enhancer'],['Support' 'Sensory'],"['Polysaccharide that works as a humectant'
 'Helps maintain water content in cosmetic and skin care formulas'
 'In its raw form appears as a white crystalline substance'
 'Often used in food applications']",Paula's Choice
Isoleucine,Good,['Hydration'],['Humectant'],['Support'],"['An essential amino acid that provides hydrating benefits'
 'Plays a role in maintaining collagen and elastin (when consumed)Works with other amino acids to maintain skin’s barrier'
 'May be animal-derived or synthetic']",Paula's Choice
Isohexadecane,Good,[],['Texture Enhancer' 'Emulsifier' 'Cleansing Agent'],['Utility' 'Sensory'],"['Versatile ingredient used as a cleansing agent, solvent, texture enhancer, and skin-conditioning agent'
 'Imparts a non-greasy, lightweight, silky feel'
 'Popular in products geared toward oily skin, as well as makeup removers'
 'Also used in hair care to add silkiness without weighing tresses down']",Paula's Choice
Isododecane,Good,[],['Solvent'],['Utility'],[],Paula's Choice
Isodecyl Salicylate,Good,['Hydration'],['Emollient' 'Humectant'],['Support'],"['Ester of decyl alcohol + salicylic acid' 'Skin conditioning ingredient'
 'Anti-static agent' 'Ruled safe as used in cosmetics']",Paula's Choice
Isodecyl Neopentanoate,Good,['Hydration'],['Emollient'],['Support'],"['Synthetic emollient that also helps product flow'
 'Delivers silicone-like esthetics with a light, dry finish'
 'Helps oil-soluble ingredients penetrate skin more effectively'
 'Made from fatty alcohols and a short-chain fatty acid']",Paula's Choice
Isoceteth-20,Good,[],['Cleansing Agent' 'Emulsifier'],['Utility'],"['Mild surfactant, noted for its ability to gently cleanse with minimal disruption to skin’s barrier'
 'Exhibits excellent foaming properties'
 'Can also be used to solubilize perfumes or other ingredients in water'
 'Deemed safe in up to 21% concentration by the Cosmetic Ingredient Review Expert Panel']",Paula's Choice
Isobutylparaben,Good,[],['Preservative'],['Utility'],[],Paula's Choice
Isobutyl Acetate,Good,[],['Solvent'],['Utility'],[],Paula's Choice
Isoamyl Laurate,Good,['Hydration'],['Emollient' 'Emulsifier'],['Support' 'Utility'],"['Skin-softening emollient that imparts a lightweight, velvety feel'
 'Enhances the spreadability of a formula'
 'Found in skin care, hair care and makeup products (where it keeps pigments evenly dispersed)Can be plant derived or synthetic'
 'Deemed safe in cosmetic use up to 2%']",Paula's Choice
Isoamyl Cocoate,Good,['Hydration'],['Emollient'],['Support'],[],Paula's Choice
Iodopropynyl Butylcarbamate,Good,[],['Preservative'],['Utility'],[],Paula's Choice
Inactive Ingredient,Good,[],['Occlusive/Opacifying Agent' 'Polymer' 'Texture Enhancer'],['Support' 'Sensory'],"['Provides support for active ingredients in a skin care formula'
 'Plays crucial formulary roles, which may include adjusting the p'
 'H, stabilizing the emulsion, etc.May deliver hydration, antioxidant power, exfoliating abilities, skin-softening, etc.Listed after the active ingredient(s) in alphabetical or descending order']",Paula's Choice
Illite,Good,['Oil Control'],['Absorbent' 'Texture Enhancer'],['Sensory'],[],Paula's Choice
Hyssop,Good,['Anti-Aging'],['Antioxidant' 'Plant Extracts'],['Actives' 'Support'],[],Paula's Choice
Hypochlorous Acid,Good,['Smooths Bumpy Skin' 'Soothing'],['Antibacterial'],['Actives'],"['Naturally occurring oxidizing ingredient'
 'Helps tackle harmful microorganisms on skin & surfaces'
 'Promotes a smooth appearance'
 'Can help calm irritated or sensitized skin']",Paula's Choice
Hylocereus Undatus Fruit Extract,Good,['Anti-Aging'],['Antioxidant' 'Plant Extracts'],['Actives' 'Support'],"['Antioxidant-rich plant-extract derived from the Hylocereus undatus fruit, AKA pitaya or white dragon fruit'
 'Assists in protecting skin from pro-aging environmental stressors'
 'Helps skin maintain a youthful glow'
 'Susceptible to degradation when exposed to light and air']",Paula's Choice
Hydroxystearic Acid,Good,[],['Emollient' 'Texture Enhancer' 'Cleansing Agent'],['Support' 'Utility' 'Sensory'],"['May be derived from castor oil or created in a lab'
 'Also known as octadecanoic acid and 12-hydroxystearic acid'
 'Considered a surfactant when used in soaps'
 'Considered a hydrating fatty acid when used in leave-on products']",Paula's Choice
Hydroxypropyl Tetrahydropyrantriol,Good,['Anti-Aging' 'Hydration'],['Humectant'],['Support'],"['Derived from xylose (a sugar abundant in beech trees)Used in skin care products for its purported anti-aging and hydrating properties'
 'May help increase glycosaminoglycans within skin'
 'Also known as Pro-Xylane']",Paula's Choice
Hydroxypropyl Starch Phosphate,Good,[],['Texture Enhancer' 'Emulsifier'],['Utility' 'Sensory'],"['Lightweight, plant-based or synthetic starch ingredient'
 'Functions as a texture enhancer in cosmetics'
 'Also used to stabilize cosmetic products'
 'AKA distarch phosphate or hydroxypropyl distarch phosphate']",Paula's Choice
Hydroxypropyl Methylcellulose,Good,[],['Film-Forming Agent' 'Polymer' 'Texture Enhancer'],['Sensory'],"['Modified cellulose polymer' 'Film-forming and binding agent'
 'Assists in creating a cohesive formula texture'
 'Safe for use in cosmetics']",Paula's Choice
Hydroxypropyl Guar,Good,[],['Film-Forming Agent' 'Texture Enhancer' 'Plant Extracts'],['Support' 'Sensory'],[],Paula's Choice
Hydroxypropyl Cyclodextrin,Good,[],['Chelating Agent' 'pH Adjuster/Stabilizer'],['Utility'],"['Plant- derived or synthetic carbohydrate that functions as a chelating agent and stabilizer'
 'Used in skin care formulations, such as moisturizers, eye creams, and rinse-off products'
 'Can also be found in hair care and deodorant products'
 'Deemed safe for use in cosmetics']",Paula's Choice
Hydroxyproline,Good,['Hydration'],['Humectant'],['Support'],"['A nonessential amino acid' 'Critical component of collagen'
 'Works topically as a humectant'
 'Helps hydrate skin and boost the barrier']",Paula's Choice
Hydroxyphenyl Propamidobenzoic Acid,Good,['Soothing'],['Texture Enhancer'],['Sensory'],"['Synthetic skin-soothing ingredient noted for its ability to calm aggravated skin'
 'May even be suitable for skin that is prone to dermatitis, eczema and psoriasis'
 'Can also be used to improve formulary texture'
 'Researchers point out similarities to the active compounds in Avena sativa (oat)']",Paula's Choice
Hydroxymethoxyphenyl Decanone,Good,['Anti-Aging' 'Soothing'],['Antioxidant'],['Actives'],"['Synthetic molecule analog to natural antioxidant paradol'
 'Provides antioxidant benefits'
 'Can help skin’s hyaluronic acid production'
 'Assists in soothing sensitive skin']",Paula's Choice
Hydroxyethylcellulose,Good,[],['Texture Enhancer' 'Film-Forming Agent' 'pH Adjuster/Stabilizer'],['Utility' 'Sensory'],"['Naturally derived thickening agent'
 'Comes from cellulose, a sugar found in the cell walls of plants'
 'Ruled safe as used in cosmetics'
 'Approved as a non-direct food additive']",Paula's Choice
Hydroxyethyl Acrylate/Sodium Acryloyldimethyl Taurate Copolymer,Good,[],['Suspending/Dispersing Agent' 'Texture Enhancer' 'Polymer'],['Sensory'],"['Versatile polymer widely used in skin care and makeup'
 'Aids texture and helps stabilize formulas'
 'Used as a thickening agent in water-based products'
 'Often used to create aesthetically pleasing transformative textures'
 'Helps disperse skin-beneficial ingredients such as UV filters']",Paula's Choice
Hydroxyapatite,Good,[],['Texture Enhancer'],['Sensory'],"['Used to deliver bio-active ingredients in a controlled manner'
 'Considered bio-compatible and breaks down to calcium'
 'Helps enhance texture' 'Can be used as an abrasive agent'
 'Safe micro-sized versions typically used in cosmetics']",Paula's Choice
Hydrolyzed Wheat Protein,Good,['Hydration'],['Humectant' 'Plant Extracts'],['Support'],[],Paula's Choice
Hydrolyzed Vegetable Protein,Good,['Hydration'],['Humectant' 'Plant Extracts'],['Support'],"['Plant-derived hydrating ingredient'
 'Promotes water-binding and skin conditioning'
 'Contains skin-friendly amino acids, peptides and proteins'
 'Also used in the food and hair care industries']",Paula's Choice
Hydrolyzed Soy Flour,Good,['Hydration'],['Humectant'],['Support'],"['Derived from soybeans' 'Used as a skin conditioning ingredient'
 'Also has soothing + antioxidant properties']",Paula's Choice
Hydrolyzed Silk,Good,['Hydration'],['Humectant'],['Support'],[],Paula's Choice
Hydrolyzed Pea Protein,Good,['Hydration'],['Emollient' 'Emulsifier' 'Plant Extracts'],['Support' 'Utility'],"['Emollient and hair conditioning agent' 'Also functions as a surfactant'
 'Considered one of the more environmentally friendly surfactants'
 'Ruled safe as used in cosmetics']",Paula's Choice
Hydrolyzed Jojoba Protein,Good,['Hydration'],['Emollient' 'Plant Extracts'],['Support'],"['Derived from jojoba seeds' 'Has hydrating and conditioning properties'
 'Ruled safe as used in cosmetics']",Paula's Choice
Hydrolyzed Ginseng Saponins,Good,['Anti-Aging' 'Hydration'],['Antioxidant' 'Emollient' 'Plant Extracts'],['Actives' 'Support'],"['Saponins from ginseng that have gone through hydrolysis'
 'Have antioxidant properties'
 'Primarily used as a skin conditioning ingredient']",Paula's Choice
Hydrolyzed Extensin,Good,['Hydration'],['Humectant' 'Plant Extracts'],['Support'],"['Plant-derived protein rich in amino acids'
 'Exhibits hydrating properties' 'Reduces transepidermal water loss'
 'Cosmetic Ingredient Review Expert Panel deemed safe for use in cosmetics']",Paula's Choice
Hydrolyzed Elastin,Good,['Hydration'],['Humectant'],['Support'],"['Elastin that’s been separated into amino acids through hydrolysis'
 'Serves as a humectant, attracting water to skin'
 'Promotes a soft, hydrated appearance' 'Safe for use in cosmetics']",Paula's Choice
Hydrolyzed Egg Shell Membrane,Good,['Anti-Aging' 'Hydration'],['Humectant'],['Support'],"['Derived from the membrane lining egg shells'
 'Rich source of glycosaminoglycans and amino acids'
 'Delivers hydration and potential anti-aging effects'
 'Offers benefit in topical and oral supplement form']",Paula's Choice
Hydrolyzed Corn Starch,Good,['Oil Control' 'Hydration'],['Absorbent' 'Humectant'],['Support' 'Sensory'],"['Modified version of corn starch known for its humectant (hydrating) properties'
 'Also functions as an opacifying agent and/or binding agent (to mesh ingredients together)Can be used to adjust the viscosity of a formula'
 'Deemed safe by the Cosmetic Ingredient Review Expert Panel']",Paula's Choice
Hydrolyzed Collagen,Good,['Hydration'],['Humectant'],['Support'],"['Collagen that’s been broken down into smaller segments'
 'Increases skin’s moisture levels' 'Promotes a dewy, smooth appearance'
 'Also commonly used in supplements']",Paula's Choice
Hydrolyzed Caesalpinia Spinosa Gum,Good,['Hydration'],['Texture Enhancer'],['Sensory'],"['Thickening agent and viscosity-enhancing ingredient that helps improve formulary textures\u202fKnown for providing a non-sticky, soft, velvety after-feel\u202fMay also lend hydrating properties\u202fObtained by hydrolyzing the seeds of the Caesalpinia spinosa tree']",Paula's Choice
Hydrolyzed Acacia Macrostachya Seed Extract,Good,['Anti-Aging'],['Plant Extracts' 'Antioxidant'],['Actives' 'Support'],[],Paula's Choice
Hydrogenated Vegetable Oil,Good,['Hydration'],['Texture Enhancer'],['Sensory'],"['Used an emollient in cosmetic formulations to soften skin/hair'
 'Helps enhance hydration by forming a barrier on skin’s surface that reduces moisture loss'
 'Created by adding hydrogen atoms to vegetable oils through a process known as hydrogenation'
 'Hydrogenation converts liquid vegetable oils to solid or semi-solid lipids'
 'Refers to numerous blends of hydrogenated plant-derived oils used in cosmetic formulations']",Paula's Choice
Hydrogenated Vegetable Glycerides Citrate,Good,['Hydration'],['Emollient' 'Emulsifier' 'Cleansing Agent'],['Support' 'Utility'],[],Paula's Choice
Hydrogenated Styrene/Isoprene Copolymer,Good,[],"['Emulsifier' 'Film-Forming Agent' 'Occlusive/Opacifying Agent'
 'Texture Enhancer']",['Support' 'Utility' 'Sensory'],"['Synthetic polymer'
 'Film-forming, opacifying, and viscosity-controlling agent'
 'Also an emulsifier' 'Ruled safe as used in cosmetics'
 'Usage levels range from 0.89-4.2%']",Paula's Choice
Hydrogenated Starch Hydrolysate,Good,['Hydration'],['Humectant' 'Film-Forming Agent'],['Support' 'Sensory'],"['Plant-derived or synthetic ingredient formed by the controlled hydrogenation of hydrolyzed starch'
 'Offers multifunctional properties, most famous for its humectant (hydrating) benefits'
 'Can also be used as a film-forming agent for added barrier protection in skin care products'
 'Deemed safe by the Cosmetic Ingredient Review Expert Panel']",Paula's Choice
Hydrogenated Rice Bran Oil,Good,['Anti-Aging' 'Hydration'],['Antioxidant' 'Emollient' 'Plant Extracts'],['Actives' 'Support'],"['The end product of the hydrogenated of Orzya sativa (rice) bran oil'
 'Skin and hair conditioning ingredient' 'Has antioxidant properties']",Paula's Choice
Hydrogenated Polyisobutene,Good,['Hydration'],['Emollient' 'Texture Enhancer' 'Polymer'],['Support' 'Sensory'],"['Synthetic emollient that provides moisture retention'
 'Acts as a lubricant on skin’s surface'
 'Often used as a replacement for mineral oil or silicones in a formula'
 'Deemed safe as used in cosmetics']",Paula's Choice
Hydrogenated Polydecene,Good,['Hydration'],['Emollient' 'Polymer' 'Solvent'],['Support' 'Utility' 'Sensory'],[],Paula's Choice
Hydrogenated Polycyclopentadiene,Good,[],['Texture Enhancer'],['Sensory'],"['Synthetic resin that can help enhance the adhesion and substantivity of cosmetic formulations'
 'Provides tenacity in the form of water-resistance and rub-resistance'
 'Sometimes included in cosmetic blends that are intended to impart a glossy finish'
 'Can be used to modify formulary consistency for better aesthetics'
 'May be used to help suspend pigments in color formulations']",Paula's Choice
Hydrogenated Poly(C6-20 Olefin),Good,[],['Polymer' 'Texture Enhancer'],['Sensory'],"['Synthetic polymer' 'Used as a viscosity controller'
 'Also has emollient properties' 'Ruled safe as used in cosmetics']",Paula's Choice
Hydrogenated Phosphatidylcholine,Good,['Hydration'],['Emollient' 'Emulsifier'],['Support' 'Utility'],"['Works as an emulsifier, emollient, and hydrating agent in cosmetic formulas'
 'Can be used to enhance the penetration of other skin care ingredients'
 'Noted as having an affinity for skin due to its similar properties that mimic skin’s barrier'
 'Deemed safe by the Cosmetic Ingredient Review Expert Panel']",Paula's Choice
Hydrogenated Palm Glycerides,Good,['Hydration'],['Emollient' 'Antioxidant' 'Plant Extracts'],['Actives' 'Support'],[],Paula's Choice
Hydrogenated Jojoba Oil,Good,['Hydration'],['Emollient' 'Texture Enhancer'],['Support' 'Sensory'],"['Oil extracted from the jojoba plant, processed through controlled hydrogenation resulting in a soft wax'
 'Functions as an emollient, providing skin-softening and moisturizing properties'
 'Occlusive nature helps lock in hydration'
 'Jojoba is pronounced “ho-ho-ba”']",Paula's Choice
Hydrogenated Farnesene,Good,['Hydration'],['Solvent'],['Utility'],"['Works as an emollient, solvent, and texture-enhancing ingredient in cosmetic formulations'
 'Leaves a silky-soft finish on skin without feeling greasy'
 'Can be sourced naturally (from sugar) or synthetically created'
 'Usage levels for this ingredient range from 1–60%']",Paula's Choice
Hydrogenated Didecene,Good,['Hydration'],['Emollient' 'Texture Enhancer'],['Support' 'Sensory'],[],Paula's Choice
Hydrogenated Coco-Glyceride,Good,['Hydration'],['Emollient' 'Texture Enhancer'],['Support' 'Sensory'],[],Paula's Choice
Hydrogenated Castor Oil/Sebacic Acid Copolymer,Good,[],['Emollient'],['Support'],"['Is both synthetic and plant-derived'
 'Chemically, it’s an oligo ester, or short polymer'
 'Used in hair care products to smooth the cuticle layer'
 'Excellent cling to skin and hair helps prevent moisture loss']",Paula's Choice
Hydrogenated Castor Oil,Good,['Hydration'],['Emollient' 'Emulsifier' 'Occlusive/Opacifying Agent'],['Support' 'Utility'],"['Hydrogenated form of castor oil' 'Hard, waxy substance'
 'Emollient, surfactant, and skin conditioning ingredient'
 'Ruled safe as used in cosmetics']",Paula's Choice
Hydrated Silica,Good,[],['Texture Enhancer' 'Absorbent'],['Sensory'],"['Commonly used to improve the aesthetics of skin care and makeup formulations'
 'Helps improve factors related to viscosity, opacity, absorbency, etc.May also be used to coat sunscreen actives, creating a more elegant product'
 'Proven track record of safety in cosmetics']",Paula's Choice
Humulus Lupulus (Hops) Extract,Good,['Anti-Aging'],['Plant Extracts' 'Antioxidant'],['Actives' 'Support'],"['Plant-derived extract' 'AKA hops extract'
 'May have antioxidant properties']",Paula's Choice
Human Fibroblast Conditioned Media,Good,['Anti-Aging'],['Peptides'],['Actives'],"['Ingredient derived from cultures of human fibroblasts'
 'Harnessed as growth factors and exosomes in skin care'
 'Exciting potential for anti-aging + other concerns'
 'Efficacy may be hindered by stability or penetration challenges'
 'Some may take issue with how HFCM is derived and/or lack of CIR safety assessment']",Paula's Choice
Horse Chestnut Extract,Good,['Soothing' 'Anti-Aging'],['Plant Extracts' 'Antioxidant'],['Actives' 'Support'],[],Paula's Choice
Hordeum Vulgare Extract,Good,['Hydration'],['Plant Extracts' 'Antioxidant'],['Actives' 'Support'],"['More commonly known as barley extract'
 'Little research supporting topical application'
 'Fermented form may soothe skin']",Paula's Choice
Hops,Good,['Anti-Aging'],['Plant Extracts' 'Antioxidant'],['Actives' 'Support'],[],Paula's Choice
Himanthalia Elongate Extract,Good,[],['Texture Enhancer'],['Sensory'],[],Paula's Choice
Himanthalia Elongata Extract,Good,[],['Plant Extracts'],['Support'],[],Paula's Choice
Hexyl Laurate,Good,['Hydration'],['Emollient'],['Support'],[],Paula's Choice
Hexylene Glycol,Good,[],['Solvent' 'Texture Enhancer'],['Utility' 'Sensory'],"['Solvent that produces smooth spreadability and pleasing skin care textures'
 'Viscosity-reducing properties allow it to thin out heavy, thick formulations'
 'Shows up in a wide variety of skin care, hair care, and makeup products'
 'As a raw material, it is clear liquid'
 'Backed by decades of research as a safe ingredient']",Paula's Choice
Hexyldecanol,Good,['Hydration'],['Emollient'],['Support'],[],Paula's Choice
Hexapeptide-48 HCL,Good,['Anti-Aging' 'Hydration'],['Peptides'],['Actives'],"['Claimed to target intrinsic + extrinsic aging'
 'Works with skin’s opioid receptors'
 'Can influence the health-promoting delta opioid receptor'
 'Known by the trade name Rubixyl®']",Paula's Choice
Hexapeptide-47,Good,['Anti-Aging'],['Peptides'],['Actives'],"['Synthetic peptide' 'Consists of five amino acids'
 'Skin conditioning ingredient' 'Helps skin look and feel smoother']",Paula's Choice
Heptyl Undecylenate,Good,['Hydration'],['Emollient' 'Plant Extracts'],['Support'],"['An alkyl ester derived from castor oil'
 'Helps trap moisture, hydrating skin'
 'Leaves a light, powdery after-feel'
 'Appears in skin care in amounts between 0.01% and 26%']",Paula's Choice
Heptyl Glucoside,Good,[],['Cleansing Agent'],['Utility'],"['Solubilizing agent/hydrotrope surfactant'
 'Does not produce a foaming effect'
 'May enhance penetration of other ingredients'
 'Can be created synthetically or may be plant-derived']",Paula's Choice
Helianthus Annuus (Sunflower) Seed Wax,Good,['Hydration'],['Emollient' 'Texture Enhancer'],['Support' 'Sensory'],"['Wax derived from sunflower seeds'
 'Emollient that deposits a moisture-locking layer on skin'
 'Can be used to modify cosmetic formula textures'
 'Found in a variety of beauty products including lipsticks, moisturizers, mascaras, and hair care']",Paula's Choice
Hectorite,Good,['Oil Control' 'Pore Minimizer'],['Texture Enhancer' 'Absorbent'],['Sensory'],[],Paula's Choice
Hazelnut Oil,Good,['Hydration'],['Emollient' 'Plant Extracts'],['Support'],[],Paula's Choice
Haslea Ostrearia Extract,Good,['Hydration'],['Humectant'],['Support'],[],Paula's Choice
Harungana Madagascariensis Extract,Good,['Anti-Aging' 'Soothing'],['Antioxidant' 'Plant Extracts'],['Actives' 'Support'],"['Has potent antioxidant properties' 'Inhibits tyrosinase and elastase'
 'Has potential retinol-like properties' 'From the dragon’s blood tree'
 'Used in traditional folk medicine']",Paula's Choice
Gums,Good,[],['Texture Enhancer' 'Emulsifier' 'pH Adjuster/Stabilizer'],['Utility' 'Sensory'],[],Paula's Choice
Guar Hydroxypropyltrimonium Chloride,Good,['Hydration'],['Texture Enhancer' 'Humectant' 'Polymer'],['Support' 'Sensory'],"['A widely used synthetic cationic polymers in cosmetics'
 'An ingredient that’s often seen in conditioners and body washes'
 'Functions as a conditioning agent for skin and hair'
 'Also provides anti-static properties']",Paula's Choice
Guar Gum,Good,[],['Texture Enhancer' 'Emulsifier' 'Plant Extracts'],['Support' 'Utility' 'Sensory'],[],Paula's Choice
Gossypium Herbaceum (Cotton) Seed Oil,Good,['Hydration'],['Emollient' 'Plant Extracts' 'Occlusive/Opacifying Agent'],['Support'],"['Extracted from the seeds of the cotton plant'
 'Fatty acid profile offers emolliency to smooth and hydrate skin'
 'Considered safe as used in cosmetics if the oil is refined'
 'Contains natural toxins that must be removed prior to use in cosmetics']",Paula's Choice
Gold,Good,[],['Coloring Agent/Pigment' 'Antibacterial' 'pH Adjuster/Stabilizer'],['Actives' 'Utility' 'Sensory'],"['Precious metal and element' 'Resistant to corrosion and oxidation'
 'Stabilizes vulnerable antioxidants'
 'More research needed on additional skin care claims']",Paula's Choice
Glycol Stearate,Good,['Hydration'],['Emollient' 'Occlusive/Opacifying Agent'],['Support'],[],Paula's Choice
Glycol Distearate,Good,[],['Occlusive/Opacifying Agent' 'Texture Enhancer'],['Support' 'Sensory'],"['Plays various roles in personal care products, including opacifying and skin-conditioning agent'
 'May also be used as a viscosity increasing agent to enhance a formula’s texture'
 'Popular in hair care, as well as bubble baths, facial cleansers, makeup, and nail products'
 'White to cream-colored waxy solid in its raw material form']",Paula's Choice
Glycogen,Good,['Hydration'],['Humectant'],['Support'],"['A complex sugar known as a polysaccharide'
 'Offers water-binding properties so is a humectant'
 'Helps maintain skin’s barrier-strengthening ceramides']",Paula's Choice
Glycine Soja Protein,Good,['Anti-Aging' 'Hydration'],['Antioxidant' 'Emollient' 'Plant Extracts'],['Actives' 'Support'],"['A mix of proteins from the wild soybean plant'
 'Has antioxidant properties' 'Also a moisturizing ingredient'
 'Ruled safe as used in cosmetics']",Paula's Choice
Glycine Max (Soybean) Polypeptide,Good,['Anti-Aging' 'Hydration'],['Peptides'],['Actives'],"['Isolated from wild soybeans' 'Skin conditioning ingredient'
 'Ruled safe as used in cosmetics']",Paula's Choice
Glyceryl Stearate SE,Good,['Hydration'],['Emollient' 'Emulsifier' 'Cleansing Agent'],['Support' 'Utility'],[],Paula's Choice
Glyceryl Stearate Citrate,Good,['Hydration'],['Emollient' 'Emulsifier' 'Cleansing Agent'],['Support' 'Utility'],[],Paula's Choice
Glyceryl Stearate,Good,['Hydration'],['Emollient' 'Emulsifier' 'Cleansing Agent'],['Support' 'Utility'],"['Found naturally in the human body'
 'In its raw form is a white or cream-colored wax-like solid'
 'Functions as an emollient, surfactant, and an emulsifier'
 'Deemed safe within its typical usage levels of 1–10%']",Paula's Choice
Glyceryl Rosinate,Good,['Hydration'],['Emollient' 'Emulsifier' 'Cleansing Agent'],['Support' 'Utility'],"['Versatile ingredient found in skin care, makeup, and beverages'
 'Works as an emollient, emulsifier, and surfactant'
 'Often combined with plant oils and delicate emollients to improve stability'
 'Very high amounts are used in depilatories']",Paula's Choice
Glyceryl Ricinoleate,Good,['Hydration'],['Emollient' 'Emulsifier' 'Cleansing Agent'],['Support' 'Utility'],"['Synthetic and/or plant-derived blend of glycerin and castor oil derivative'
 'Has emollient, emulsifying and cleansing properties'
 'Excellent for preventing moisture loss'
 'Considered safe as used in cosmetics']",Paula's Choice
Glyceryl Polymethacrylate,Good,[],['Film-Forming Agent' 'Polymer'],['Sensory'],"['Blend of glycerin and polymethacrylic acid'
 'Functions as a film-forming agent'
 'Used to enhance the texture and application of skin care products'
 'Deemed safe as used in cosmetics']",Paula's Choice
Glyceryl Palmitate,Good,['Hydration'],['Emollient' 'Emulsifier' 'Cleansing Agent'],['Support' 'Utility'],[],Paula's Choice
Glyceryl Oleate,Good,['Hydration'],['Emollient' 'Emulsifier' 'Cleansing Agent'],['Support' 'Utility'],[],Paula's Choice
Glyceryl Myristate,Good,['Hydration'],['Emollient' 'Emulsifier' 'Cleansing Agent'],['Support' 'Utility'],[],Paula's Choice
Glyceryl Laurate,Good,['Hydration'],['Emollient' 'Emulsifier' 'Cleansing Agent' 'Preservative'],['Support' 'Utility'],"['Versatile emollient and emulsifier in cosmetics'
 'Offers gentle cleansing properties'
 'Helps stabilize and preserve emulsions'
 'Often plant-derived but may also be synthetic']",Paula's Choice
Glyceryl Isostearate,Good,['Hydration'],['Emollient' 'Emulsifier' 'Cleansing Agent'],['Support' 'Utility'],[],Paula's Choice
Glyceryl Isopalmitate,Good,['Hydration'],['Emollient' 'Emulsifier' 'Cleansing Agent'],['Support' 'Utility'],[],Paula's Choice
Glyceryl Ester,Good,[],[],[],[],Paula's Choice
Glyceryl Distearate,Good,['Hydration'],['Emollient'],['Support'],[],Paula's Choice
Glyceryl Dipalmitate,Good,['Hydration'],['Emollient'],['Support'],[],Paula's Choice
Glyceryl Dibehanate,Good,['Hydration'],['Emollient'],['Support'],[],Paula's Choice
Glyceryl Cocoate,Good,['Hydration'],['Emollient' 'Emulsifier' 'Cleansing Agent'],['Support' 'Utility'],[],Paula's Choice
Glyceryl Caprylate,Good,['Hydration'],['Emollient' 'Emulsifier' 'Cleansing Agent'],['Support' 'Utility'],"['Multitalented emollient, emulsifier and cleansing agent'
 'Made from portions of glycerin and coconut-derived caprylic acid'
 'Helps boost a product’s preservative system'
 'May be plant-derived or synthetic']",Paula's Choice
Glyceryl Behenate/Eicosadioate,Good,['Hydration'],['Texture Enhancer' 'pH Adjuster/Stabilizer'],['Utility' 'Sensory'],"['A blend of glycerin and saturated fatty acids'
 'Used to help suspend UV filter powders such as zinc oxide'
 'Helps thicken and stabilize emulsions'
 'Considered safe as used in cosmetics']",Paula's Choice
Glycerol Trioleate,Good,['Hydration'],['Emollient' 'Emulsifier' 'Cleansing Agent'],['Support' 'Utility'],[],Paula's Choice
Glycerol Triacetate,Good,[],['Solvent' 'Film-Forming Agent' 'Texture Enhancer'],['Utility' 'Sensory'],[],Paula's Choice
Glycerol Monostearate,Good,[],[],[],[],Paula's Choice
Glycereth-7 Trimethyl Ether,Good,['Hydration'],['Emollient' 'Humectant' 'Solvent'],['Support' 'Utility'],"['Works as an emollient and humectant to enhance skin moisturization and hydration'
 'Imparts a silky feel to skin, leaving a subtly dry finish'
 'May also be used to mitigate tacky finish in gel-based products'
 'Transparent, light-yellow liquid in raw material state']",Paula's Choice
Glycereth-7 Triacetate,Good,['Hydration'],['Emollient' 'Humectant' 'Solvent'],['Support' 'Utility'],"['A synthetic humectant and emollient that confers hydration and a silky feel to skin'
 'Able to dissolve a wide range of cosmetic esters and oils, making it a favorable solvent to formulate with'
 'Shows up in serums, exfoliants, sunscreens, facial masks, and other types of beauty products'
 'Described as a light-yellow liquid in raw material form']",Paula's Choice
Glycereth-6 Laurate,Good,[],['Emulsifier' 'Cleansing Agent'],['Utility'],[],Paula's Choice
Glycereth-26 Phosphate,Good,[],['Texture Enhancer' 'Cleansing Agent'],['Utility' 'Sensory'],[],Paula's Choice
Glycereth-26,Good,['Hydration'],['Texture Enhancer' 'Emulsifier' 'Emollient'],['Support' 'Utility' 'Sensory'],"['Synthetic, glycerin-based ingredient'
 'Used as a moisturizing and thickening ingredient in cosmetics'
 'Is used in concentrations up to 39.5% in rinse-off products and 6% in leave-on formulas'
 'Ruled safe as used in cosmetics']",Paula's Choice
Glycereth-18,Good,['Hydration'],['Humectant'],['Support'],"['Synthetic, glycerin-based ingredient'
 'Used as a humectant and skin-conditioning agent'
 'Only needed in small concentration (up to 0.32%)Ruled safe as used in cosmetics']",Paula's Choice
Gluten Ingredients,Good,['Hydration'],['Humectant'],['Support'],[],Paula's Choice
Glutamic Acid,Good,['Hydration'],['Humectant'],['Support'],"['An amino acid that aids in hydrating and conditioning skin'
 'Naturally present in the human body as well'
 'Can be derived from animals and plants, but the synthetic form is typically used in cosmetics'
 'Deemed safe by the Cosmetic Ingredient Review Expert Panel']",Paula's Choice
Glucose Oxidase,Good,['Hydration'],['Humectant' 'Preservative'],['Support' 'Utility'],"['Enzyme that catalyzes the oxidation of the sugar glucose to gluconic acid'
 'Functions as a skin conditioning ingredient'
 'Synthesized by fungi and insects and can be manufactured synthetically'
 'Has medical and food applications']",Paula's Choice
Glucose,Good,['Hydration'],['Humectant' 'Prebiotic/Probiotic/Postbiotic'],['Actives' 'Support'],"['Plant-derived sugar used as a humectant'
 'Adds flavor to lip balms and facial cleansers'
 'Works as a prebiotic to support skin’s microbiome'
 'Also known as dextrose']",Paula's Choice
Gleditsia Triacanthos Seed Extract,Good,['Anti-Aging' 'Hydration'],['Antioxidant' 'Plant Extracts'],['Actives' 'Support'],"['From the honey locust plant' 'Has antioxidant benefits'
 'Serves as a skin and hair conditioning ingredient'
 'Also helps stabilize and thicken formulas']",Paula's Choice
Ginger Extract,Good,['Anti-Aging' 'Soothing'],['Antioxidant' 'Plant Extracts'],['Actives' 'Support'],[],Paula's Choice
Gellan Gum,Good,[],['Texture Enhancer' 'pH Adjuster/Stabilizer'],['Utility' 'Sensory'],[],Paula's Choice
Gelidiela Acerosa Extract,Good,['Anti-Aging' 'Hydration'],['Plant Extracts' 'Antioxidant'],['Actives' 'Support'],[],Paula's Choice
Gallyl Glucoside,Good,['Anti-Aging' 'Hydration' 'Soothing'],['Antioxidant' 'Humectant'],['Actives' 'Support'],"['Produced by the reaction of gallic acid and glucose'
 'Categorized as an antioxidant and skin-conditioning agent with soothing properties'
 'Claims about treating dark circles and under-eye puffiness are not supported by research\u202fNo known safety concerns at the time of this writing']",Paula's Choice
Galactorarabinan,Good,['Hydration' 'Anti-Aging' 'Soothing'],['Plant Extracts' 'Antioxidant'],['Actives' 'Support'],"['Complex sugar that reduces water loss from skin'
 'Helps improve stability of cosmetic emulsions + enhance spreadability'
 'Considered non-irritating' 'Helps boost exfoliating properties of AHAs']",Paula's Choice
Galactomyces Ferment Filtrate,Good,['Anti-Aging' 'Dark Spot Fading'],['Antioxidant' 'Prebiotic/Probiotic/Postbiotic'],['Actives'],"['Yeast that is a byproduct of sake fermentation'
 'Can inhibit factors that lead to hyperpigmentation'
 'Fights oxidative stress' 'Has skin-calming properties']",Paula's Choice
Galactoarabinan,Good,['Hydration' 'Anti-Aging' 'Soothing'],['Plant Extracts' 'Antioxidant'],['Actives' 'Support'],"['Complex sugar that reduces water loss from skin'
 'Helps improve stability of cosmetic emulsions + enhance spreadability'
 'Considered non-irritating' 'Helps boost exfoliating properties of AHAs']",Paula's Choice
Fulvic Acid,Good,['Soothing'],['Antioxidant' 'Chelating Agent' 'Plant Extracts'],['Actives' 'Support' 'Utility'],"['Natural ingredient found in soil, rocks, water'
 'Noted in research for its skin-soothing action'
 'May also be used for antioxidant/anti-aging benefits'
 'Potentially helpful for blemish-prone skin']",Paula's Choice
Fuller's Earth,Good,['Oil Control'],['Absorbent' 'Texture Enhancer' 'Occlusive/Opacifying Agent'],['Support' 'Sensory'],[],Paula's Choice
Fructose,Good,['Hydration'],['Humectant' 'Prebiotic/Probiotic/Postbiotic'],['Actives' 'Support'],[],Paula's Choice
Fructooligosaccharides,Good,['Hydration'],['Humectant' 'Prebiotic/Probiotic/Postbiotic'],['Actives' 'Support'],"['An oligiosaccharide and carbohydrate made of short chains of fructose units'
 'Helps skin retain moisture, promoting a plump, hydrated appearance'
 'Is a prebiotic, meaning it assists in creating a balanced skin microbiome'
 'Research has shown fructooligosaccharides have potential antioxidant benefits']",Paula's Choice
Fraxinus Excelsior Bark Extract,Good,['Anti-Aging' 'Soothing'],['Antioxidant' 'Plant Extracts'],['Actives' 'Support'],"['From the European ash tree' 'Rich in phenolic acids'
 'Has antioxidant benefits' 'Also has anti-inflammatory properties']",Paula's Choice
Folic Acid,Good,['Anti-Aging'],['Antioxidant'],['Actives'],[],Paula's Choice
Film-Forming Agent,Good,[],['Film-Forming Agent' 'Polymer'],['Sensory'],[],Paula's Choice
Fibronectin,Good,['Hydration'],['Humectant'],['Support'],[],Paula's Choice
Fatty Alcohol,Good,['Hydration'],['Emollient' 'Emulsifier' 'Texture Enhancer'],['Support' 'Utility' 'Sensory'],"['Made from fatty acid' 'Structurally similar to triglycerides'
 'Non-drying and non-sensitizing'
 'Can be derived from coconut or palm oils'
 'Used as emollients and thickeners']",Paula's Choice
Faex,Good,['Anti-Aging'],['Antioxidant'],['Actives'],[],Paula's Choice
Exosomes,Good,['Anti-Aging' 'Soothing'],['Antioxidant'],['Actives'],"['Cell-communicating and transporting ingredients'
 'Best known for anti-aging, antioxidant and soothing properties'
 'Deliver integral substances to cells in need'
 'Topical application of exosomes faces skin penetration roadblocks'
 'Lack a wealth and breadth of scientific research, but hundreds of clinical trials are ongoing']",Paula's Choice
Euphorbia Cerifera Wax,Good,['Hydration'],['Texture Enhancer' 'Emollient' 'Plant Extracts'],['Support' 'Sensory'],[],Paula's Choice
Ethyl Vanillin,Good,[],['Antioxidant'],['Actives'],[],Paula's Choice
Ethylparaben,Good,[],['Preservative'],['Utility'],[],Paula's Choice
Ethyl Macadamiate,Good,['Hydration'],['Plant Extracts' 'Emollient' 'Emulsifier'],['Support' 'Utility'],"['Plant-derived or synthetically made ingredient that is sometimes used as a substitute for silicones'
 'Imparts emollient, skin-softening properties without a greasy feel'
 'Adds a pleasant slip to creams and lotions, making them easier to spread'
 'Source of essential fatty acids for skin']",Paula's Choice
Ethylhexyl Stearate,Good,['Hydration'],['Emulsifier' 'Emollient' 'Texture Enhancer'],['Support' 'Utility' 'Sensory'],"['Emollient that delivers skin-softening properties and a smooth after feel'
 ""Acts as a lubricant on skin's surface to help lock in moisture""
 'Can be used as a solvent for other ingredients in skin care formulations'
 'Works as texture enhancer to improve the consistency of skin care products'
 'Also known as octyl stearate']",Paula's Choice
Ethylhexyl Palmitate,Good,['Hydration'],['Emollient' 'Solvent' 'Texture Enhancer'],['Support' 'Utility' 'Sensory'],"['Helps soften and smooth skin'
 'Reduces moisture loss from skin’s upper layers'
 'Can help active ingredients more readily penetrate skin'
 'Is used as an alternative to silicone in some skin care products']",Paula's Choice
Ethylhexyl Methoxycrylene,Good,['Anti-Aging'],['Texture Enhancer' 'Solvent' 'UV Filters'],['Actives' 'Utility' 'Sensory'],"['UV absorber and stabilizing ingredient for sunscreen actives'
 'Also helps stabilize antioxidants such as vitamin A (retinol)Can be used as a solvent to enhance formulary texture, leading to more pleasing aesthetics.Viscous yellow liquid in raw material form']",Paula's Choice
Ethylhexyl Isononanoate,Good,['Hydration'],['Emollient'],['Support'],"['Isononanoic acid and 2-ethylhexyl alcohol ester'
 'Hydrates skin through water loss prevention'
 'Helps boost skin’s softness'
 'CIR Expert Panel deemed safe for use in cosmetics']",Paula's Choice
Ethylhexyl Hydroxystearate,Good,['Hydration'],['Emollient'],['Support'],"['Skin-conditioning emollient that delivers a soft, smooth after feel'
 'Locks in moisture without producing a tacky finish'
 'Can be used to add glossy shine to lip care and hair care formulations'
 'Deemed safe by the Cosmetic Ingredient Review (CIR) Expert Panel']",Paula's Choice
Ethylhexylglycerin,Good,['Hydration'],['Preservative' 'Humectant'],['Support' 'Utility'],"['Skin-softening agent with mild humectant (hydration boosting) properties'
 'Multitasks with preservative capabilities to improve formulary stability'
 'Also popular in deodorants where it has an inhibiting effect on odor-causing bacteria'
 'Proven track record of safety'
 'Pale to colorless liquid as a raw material']",Paula's Choice
Ethylhexyl Cocoate,Good,['Hydration'],['Emollient'],['Support'],"['Skin conditioning and emollient ingredient'
 'Derived from coconut oil fatty acids'
 'Usage ranges from 0.01-41%Pale straw-colored liquid'
 'Ruled safe as used in cosmetics']",Paula's Choice
Ethyl Ferulate,Good,['Anti-Aging' 'Soothing'],['Antioxidant'],['Actives'],"['Forms from esterification (combining of alcohols and acids) of ferulic acid and ethyl alcohol'
 'Helps protect skin from environmental stressors that can lead to signs of aging'
 'Has soothing benefits when formulated in emulsions'
 'Often found in sunscreen products due to its supporting role in thwarting UV damage'
 'Naturally occurring, though mostly produced synthetically for cosmetic purposes']",Paula's Choice
Ethylene/Propylene/Styrene/Copolymer,Good,[],['Polymer' 'Texture Enhancer'],['Sensory'],"['Texture enhancing polymer' 'Creates gel textures in oil-based formulas'
 'Can help to create occlusive barriers'
 'Often used in conjunction with butylene/ethylene/styrene copolymer']",Paula's Choice
Ethylcellulose,Good,[],['Film-Forming Agent' 'Texture Enhancer' 'Solvent'],['Utility' 'Sensory'],"['Naturally derived from wood pulp or cotton'
 'Used in cosmetics to enhance texture, create films, and work as a solvent'
 'Allows the creation of clear fluid or gel formulas'
 'Considered safe as used in food and cosmetics']",Paula's Choice
Ethylbisiminomethylguaiacol Manganese Chloride,Good,['Anti-Aging'],['Antioxidant'],['Actives'],"['Lab-synthesized antioxidant'
 'Said to mimic superoxide dismutase and catalase'
 'Known by the trade names Spec' 'Kare® D-EUK-134 and EUK-134']",Paula's Choice
Ethoxydiglycol,Good,[],['Solvent' 'Texture Enhancer'],['Utility' 'Sensory'],"['Solvent that helps improve the penetration of other key ingredients in a skin care formula'
 'Popular in self-tanning products due to the way it minimizes streaks'
 'Found in all kinds of personal care products, including deodorants and hair dyes'
 'Also goes by “diethylene glycol monoethyl ether” or the trademark name “Transcutol®”As a raw material it appears as a clear liquid and is water soluble']",Paula's Choice
Ester,Good,[],['Emollient'],['Support'],[],Paula's Choice
Eschscholzia Californica Leaf Cell Extract,Good,['Anti-Aging'],['Antioxidant' 'Plant Extracts'],['Actives' 'Support'],"['From the California poppy plant' 'Has antioxidant properties'
 'Fights environmental stressors'
 'Lacks independent research supporting its use in skin care']",Paula's Choice
Erythrulose,Good,['Hydration'],['Coloring Agent/Pigment' 'Humectant'],['Support' 'Sensory'],[],Paula's Choice
Ergocalciferol,Good,['Anti-Aging'],['Antioxidant'],['Actives'],[],Paula's Choice
Epigallocatechin Gallatyl Glucoside,Good,['Anti-Aging' 'Hydration' 'Soothing'],['Antioxidant' 'Humectant'],['Actives' 'Support'],"['Skin-conditioning agent and soothing antioxidant'
 'Derived from epigallocatechin gallate (EGCG) and glucose'
 'Claims about treating dark circles and under-eye bags are not currently supported by research'
 'May be easier to formulate with compared to traditional EGCG']",Paula's Choice
Enzymes,Good,['Hydration'],['Exfoliant'],['Actives'],"['A vast group of proteins'
 'Serve as catalysts in chemical and biological reactions'
 'Are used in skin care to prompt exfoliation'
 'Their actions are affected by temperature and p' 'H']",Paula's Choice
Enantia Chlorantha Bark Extract,Good,['Anti-Aging' 'Evens Skin Tone'],['Antioxidant' 'Antibacterial' 'Plant Extracts'],['Actives' 'Support'],"['Extract from African yellow wood tree' 'Rich in polyphenols'
 'Also has antifungal properties']",Paula's Choice
Emu Oil,Good,['Hydration'],['Emollient'],['Support'],[],Paula's Choice
Emulsifier,Good,[],['Emulsifier' 'Texture Enhancer'],['Utility' 'Sensory'],[],Paula's Choice
Emollient,Good,[],['Emollient' 'Texture Enhancer'],['Support' 'Sensory'],"['Supple, wax-like, lubricating, thickening agents'
 'Helps prevent water loss' 'Has a softening and soothing effect on skin']",Paula's Choice
Elaeis Oleifera Kernel Oil,Good,['Anti-Aging' 'Hydration'],['Antioxidant' 'Emollient' 'Plant Extracts'],['Actives' 'Support'],"['From the American palm oil tree'
 'Has antioxidant and moisturizing properties'
 'No evidence yet that it grows hair' 'Ruled safe as used in cosmetics']",Paula's Choice
EDTA,Good,[],['Chelating Agent'],['Utility'],"['AKA ethylenediaminetetraacetic acid' 'Stabilizer used in cosmetics'
 'Prevent ingredient from binding with trace elements present in water']",Paula's Choice
Echinacea Purpurea Extract,Good,['Anti-Aging' 'Soothing'],['Antioxidant' 'Plant Extracts'],['Actives' 'Support'],"['Plant extract from Echinacea purpurea AKA purple coneflower'
 'Contains bioactive phytochemicals that have soothing benefits'
 'Mitigates pro-aging environmental factors'
 'Recommended for usage in cosmetics at 0.1%']",Paula's Choice
Echinacea Angustifolia Root Extract,Good,['Anti-Aging' 'Soothing'],['Antioxidant' 'Plant Extracts'],['Actives' 'Support'],"['Extract derived from the coneflower plant (aka Echinacea)Contains bioactive phytochemicals that have soothing benefits'
 'Mitigates pro-aging environmental stressors'
 'May contain essential oil compounds but only in trace amounts unlikely to be problematic for skin']",Paula's Choice
Durvillaea Antarctica Extract,Good,['Hydration' 'Anti-Aging'],['Antioxidant' 'Plant Extracts' 'Humectant'],['Actives' 'Support'],[],Paula's Choice
Durian,Good,[],['Plant Extracts'],['Support'],[],Paula's Choice
Dulse,Good,['Anti-Aging'],['Plant Extracts' 'Antioxidant'],['Actives' 'Support'],[],Paula's Choice
Dromiceius Oil,Good,['Hydration'],['Emollient'],['Support'],[],Paula's Choice
Dogwood,Good,['Soothing'],['Plant Extracts' 'Antioxidant'],['Actives' 'Support'],[],Paula's Choice
Dog Rose,Good,['Anti-Aging'],['Plant Extracts' 'Antioxidant'],['Actives' 'Support'],[],Paula's Choice
Dodecane,Good,['Hydration'],['Emollient'],['Support'],"['An alkane hydrocarbon with light emollient properties'
 'Feels weightless yet helps ensure supple, smooth skin'
 'May be plant-derived or synthetic' 'Deemed safe as used in cosmetics']",Paula's Choice
Disteardimonium Hectorite,Good,[],['Suspending/Dispersing Agent'],['Sensory'],[],Paula's Choice
Distarch Phosphate,Good,[],['Texture Enhancer'],['Sensory'],"['Anti-caking and binding agent' 'Derivative of plant starches'
 'Used in food products to add texture'
 'Maximum usage in leave-on cosmetics is 7.5%White or nearly white powder or granules in its raw form']",Paula's Choice
Disodium Rutinyl Disulfate,Good,['Anti-Aging' 'Evens Skin Tone'],['Antioxidant'],['Actives'],"['Water-soluble derivative of the bioflavonoid rutin'
 'Absorbs into skin more quickly than rutin'
 'Has antioxidant and soothing properties'
 'Can lessen the visible appearance of dark spots']",Paula's Choice
Disodium Lauriminodipropionate Tocopheryl Phosphates,Good,['Hydration'],['Cleansing Agent' 'Humectant'],['Support' 'Utility'],"['A mixture of esters formed from a blend of tocopherol phosphates with lauriminodipropionic acid'
 'This blend is part natural, part synthetic'
 'Used as a cleansing agent in skin care formulas'
 'Can serve as a mild preservative']",Paula's Choice
Disodium Laureth Sulfosuccinate,Good,[],['Cleansing Agent'],['Utility'],"['Cleansing agent found in products such as face wash, bubble bath, and shampoo'
 'Noted for its gentleness + foam-boosting properties'
 'Can enhance the water solubility of other surfactants'
 'Can be sourced naturally (plant derived) or synthetically (lab created)']",Paula's Choice
Disodium Lauraminopropionate,Good,[],['Cleansing Agent'],['Utility'],[],Paula's Choice
Disodium Glyceryl Phosphate,Good,['Hydration'],['Emollient' 'Texture Enhancer'],['Support' 'Sensory'],[],Paula's Choice
Disodium EDTA,Good,[],['Chelating Agent'],['Utility'],"['One of the salt forms of ethylenediaminetetraacetic acid'
 'Helps enhance the stability of cosmetics formulas'
 'Makes it easier for preservatives to do their job'
 'Safe as used in cosmetics (which is up to 0.85% in leave-on products)Is also used as a food additive']",Paula's Choice
Disodium Diglyceryl Phosphate,Good,['Hydration'],['Emollient' 'Texture Enhancer'],['Support' 'Sensory'],[],Paula's Choice
Disodium Cocoyl Glutamate,Good,[],['Cleansing Agent'],['Utility'],"['Gentle cleansing ingredient' 'Derived from coconut'
 'Considered gentle enough even for sensitive skin'
 'Ruled safe as used in cosmetics']",Paula's Choice
Disodium Cocoamphodiacetate,Good,[],['Cleansing Agent'],['Utility'],[],Paula's Choice
Disodium Acetyl GlucDisodium Acetyl Glucosamine Phosphateosamine Phosphate,Good,['Anti-Aging'],['Emollient'],['Support'],"['Lab created skin conditioning ingredient'
 'Plays a role in maintaining hydrated, smooth skin']",Paula's Choice
Disiloxane,Good,['Hydration'],['Silicone' 'Solvent' 'Emollient'],['Support' 'Utility' 'Sensory'],"['Part of the siloxane group of silicones'
 'Imparts slip and anti-foaming properties into formulas'
 'Rapidly evaporates, reducing dry-down time'
 'Helps skin trap moisture to improve hydration']",Paula's Choice
Dipsacus Sylvestris Extract,Good,['Anti-Aging'],['Antioxidant' 'Plant Extracts'],['Actives' 'Support'],"['Has “significant” antioxidant activity' 'High concentration of phenols'
 'Fights free radical damage'
 'Also known as wild teasel or Fuller’s teasel']",Paula's Choice
Dipropylene Glycol,Good,[],['Texture Enhancer' 'Solvent'],['Utility' 'Sensory'],"['Synthetic slip agent, texturizer, and solvent'
 'Byproduct made during the production of propylene glycol'
 'Colorless, odorless liquid' 'Ruled safe as used in cosmetics']",Paula's Choice
Di-PPG-3 Myristyl Ether Adipate,Good,['Hydration'],['Film-Forming Agent' 'Emollient' 'Solvent'],['Support' 'Utility' 'Sensory'],[],Paula's Choice
Dipotassium Phosphate,Good,[],['pH Adjuster/Stabilizer'],['Utility'],[],Paula's Choice
Dipentaerythrityl Tri-Polyhydroxystearate,Good,['Hydration'],['Emollient' 'Film-Forming Agent' 'Humectant'],['Support' 'Sensory'],"['Film-forming emollient that is known for adding water-resistance properties (popular in sunscreens)Helps bind moisture and improves formulary texture'
 'Works well to disperse pigments in makeup formulations'
 'In hair care, this ingredient reduces frizz']",Paula's Choice
Dipentaerythrityl Tetrabehenate/Polyhydroxystearate,Good,['Hydration'],['Texture Enhancer'],['Sensory'],"['Made by combining two fatty acids and a humectant'
 'May be plant-derived or synthetic' 'Binds moisture to skin'
 'Enhances application of skin care due to its slip-modifying properties']",Paula's Choice
Dipentaerythrityl Hexahydroxystearate,Good,['Hydration'],['Emollient' 'Emulsifier' 'Texture Enhancer'],['Support' 'Utility' 'Sensory'],"['Functions as an emulsifying agent and viscosity adjuster in skin care formulations'
 'Imparts skin conditioning benefits'
 'Also used as part of the blend dipentaerythrityl hexahydroxystearate/hexastearate/hexarosinate'
 'Found in creams, lipsticks, hair conditioners, balms, gels, and other cosmetic products']",Paula's Choice
Dipentaerythrityl Hexacaprylate/Hexacaprate,Good,['Hydration'],['Emollient' 'Emulsifier' 'Texture Enhancer'],['Support' 'Utility' 'Sensory'],"['A mixture of fatty acids'
 'Used as an emollient, emulsifier, and thickening agent in skin care products'
 'Can also function as a cosmetic pigment dispersant'
 'Described as leaving a soft, cushiony feel on skin']",Paula's Choice
Dimethylsilanol Hyaluronate,Good,['Hydration'],['Humectant'],['Support'],"['Derived from sodium hyaluronate' 'Has moisturizing properties'
 'Also claimed to have firming abilities']",Paula's Choice
Dimethyl Isosorbide,Good,[],['Solvent' 'Texture Enhancer'],['Utility' 'Sensory'],"['Synthetic or plant-derived solvent'
 'Helps control the viscosity of cosmetics'
 'Permits controlled, sustained delivery of antioxidants'
 'Considered safe and non-irritating as used in cosmetics']",Paula's Choice
Dimethyl Capramide,Good,[],['Solvent' 'pH Adjuster/Stabilizer'],['Utility'],[],Paula's Choice
Dimethiconol,Good,['Hydration'],['Silicone' 'Emollient'],['Support' 'Sensory'],"['Skin-conditioning emollient that helps preserve hydration'
 'Enhances formulary texture for more elegant aesthetics'
 'Also used in hair care products as a conditioning agent'
 'Deemed a safe cosmetic ingredient by the CIR Expert Panel']",Paula's Choice
Dimethicone Crosspolymer,Good,[],['Silicone' 'Texture Enhancer' 'Polymer'],['Sensory'],"['A derivative of the silicone dimethicone'
 'Used as a stabilizer, suspending agent, and thickener'
 'Considered safe as used in cosmetics'
 'Is non-occlusive, meaning it does not “suffocate” skin']",Paula's Choice
Dimethicone Copolyol,Good,['Hydration'],['Silicone' 'Emollient'],['Support' 'Sensory'],[],Paula's Choice
Dimethicone/Vinyl Dimethicone Crosspolymer,Good,[],['Silicone' 'Texture Enhancer' 'Polymer'],['Sensory'],"['A type of silicone powder'
 'Can be difficult to disperse in a formulation'
 'Used to give products a unique, ""powdery"" silky feel'
 'Has some oil absorption properties'
 'Ruled safe as used in cosmetics and is unable to penetrate skin']",Paula's Choice
Dimethicone/PEG-10/15 Crosspolymer,Good,['Hydration'],['Silicone' 'Emollient' 'Polymer'],['Support' 'Sensory'],[],Paula's Choice
Dimethicone/Bis-Isobutyl PPG-20 Crosspolymer,Good,['Hydration'],['Polymer' 'Emollient' 'Silicone' 'Texture Enhancer'],['Support' 'Sensory'],"['Synthetic cross-linked polymer' 'Enhances formula texture'
 'Used in amounts between .1% and 2%CIR Expert Panel deemed safe for use in cosmetics']",Paula's Choice
Dimer Tripeptide-43,Good,['Anti-Aging'],['Antioxidant' 'Peptides'],['Actives'],"['Developed by Ashland'
 'Part of a blend called Prolixir S20™Claimed to improve fine lines and wrinkles']",Paula's Choice
Dimer Dilinoleyl Dimer Dilinoleate,Good,['Hydration'],['Emollient' 'Texture Enhancer'],['Support' 'Sensory'],[],Paula's Choice
Dilauryl Thiodipropionate,Good,['Anti-Aging' 'Dark Spot Fading'],['Antioxidant'],['Actives'],"['Offers antioxidant properties for skin'
 'Plays a role in fading the look of dark spots'
 'Helps stabilize cosmetic formulas' 'Deemed safe as used in cosmetics']",Paula's Choice
Diisostearyl Polyglyceryl-3 Dimer Dilinoleate,Good,['Hydration'],['Emulsifier' 'Emollient'],['Support' 'Utility'],[],Paula's Choice
Diisostearyl Malate,Good,['Hydration'],['Emollient' 'Solvent'],['Support' 'Utility'],"['Emollient made from a fatty alcohol + malic acid'
 'Excellent moisturizing + softening properties'
 'Aids pigment dispersion in makeup'
 'Considered more stable for lipsticks than castor oil'
 'May be synthetic or animal-derived']",Paula's Choice
Diisostearyl Dimer Dilinoleate,Good,['Hydration'],['Emollient'],['Support'],[],Paula's Choice
Diisostearoyl Trimethylolpropane Siloxy Silicate,Good,['Hydration'],['Emollient' 'Silicone'],['Support' 'Sensory'],[],Paula's Choice
Diisopropyl Sebacate,Good,['Hydration'],['Emollient' 'Film-Forming Agent' 'Solvent'],['Support' 'Utility' 'Sensory'],"['Synthetic or plant-derived emollient and plasticizer'
 'Helps soften skin + improve product aesthetics'
 'Makes heavier emollients feel less greasy'
 'Deemed safe as used in cosmetics']",Paula's Choice
Diisopropyl Dimer Dilinoleate,Good,['Hydration'],['Emollient'],['Support'],[],Paula's Choice
Diisopropyl Adipate,Good,['Hydration'],['Emollient' 'Texture Enhancer' 'Film-Forming Agent'],['Support' 'Sensory'],"['Fatty acid ester of isopropyl alcohol and adipic acid'
 'Best known for emollient/skin conditioning benefits'
 'Also works to help improve formula aesthetics'
 'Safe as used in current concentrations']",Paula's Choice
Diisooctyl Succinate,Good,['Hydration'],['Emollient'],['Support'],"['Liquid emollient that lends a cushiony texture and silky finish to creams and balms'
 'May also be used to disperse sunscreen ingredients'
 'Works as a binding agent in cosmetic powders'
 'May be plant-derived or synthetic']",Paula's Choice
Dihydroxyacetone,Good,[],['Coloring Agent/Pigment'],['Sensory'],"['AKA DHAReacts with amino acids found in the top layers of skin to create a shade of brown'
 'Used in self tanners' 'Safe when applied topically']",Paula's Choice
Dihydrocholeth-30,Good,[],['Emulsifier' 'Cleansing Agent'],['Utility'],[],Paula's Choice
Diglucosyl Gallic Acid,Good,['Anti-Aging' 'Dark Spot Fading'],['Antioxidant'],['Actives'],"['Synthetic antioxidant' 'Derivative of benzoic acid'
 'Fights discolorations and redness'
 'Limited research but what’s been done is promising']",Paula's Choice
Diethylhexyl Syringylidenemalonate,Good,['Anti-Aging'],['Antioxidant'],['Actives'],"['An ester that functions as an antioxidant and photostabilizer'
 'Stabilizes UV filters, especially avobenzone'
 'Can increase critical wavelength (amount of UVA protection) in sunscreen formulas'
 'Helps boost SPF of sunscreen formulas']",Paula's Choice
Diethylhexyl Malate,Good,[],['Emollient'],['Support'],[],Paula's Choice
Diethylhexyl Carbonate,Good,[],['Emollient'],['Support'],[],Paula's Choice
Diethylhexyl Butamido Triazone,Good,['Anti-Aging'],['UV Filters'],['Actives'],"['Synthetic, oil-soluble UV filter'
 'Protects against UVB rays and select UVA rays'
 'Exhibits good SPF abilities at lower concentrations'
 'Approved for use in the European Union at a maximum concentration of 10%']",Paula's Choice
Dicetyl Phosphate,Good,[],['Emulsifier' 'Cleansing Agent'],['Utility'],"['Works as a mild cleansing agent and emulsifier'
 'Helps control the thickness of liquids'
 'Keeps water and oil phases of a formula from separating'
 'May be plant- or animal-derived or synthetic']",Paula's Choice
Dicaprylyl Ether,Good,['Hydration'],['Emollient'],['Support'],"['Oil derived from caprylic acid, a fatty acid found in coconut and palm kernel oils'
 'Provides smooth spreadability and non-greasy emolliency'
 'Can be used to enhance formulary texture for more pleasing aesthetics'
 'Described as a clear oily liquid in raw material form']",Paula's Choice
Dicaprylyl Carbonate,Good,['Hydration'],['Emollient' 'Solvent'],['Support' 'Utility'],"['A fast-spreading, dry skin-conditioning agent, emollient, and solvent'
 'Helps enhance the absorption of other ingredients'
 'May be derived from synthetic or animal sources'
 'Deemed safe as used in cosmetics']",Paula's Choice
Dibutyl Adipate,Good,['Hydration'],['Emollient' 'Film-Forming Agent' 'Solvent'],['Support' 'Utility' 'Sensory'],"['Ester blend of a fatty alcohol and fatty acid'
 'Offers skin-smoothing emolliency' 'Serves as a solvent for UV filters'
 'Enhances spread and overall aesthetics']",Paula's Choice
DHA,Good,[],['Coloring Agent/Pigment'],['Sensory'],[],Paula's Choice
Dextrin,Good,['Oil Control'],['Texture Enhancer' 'Absorbent'],['Sensory'],[],Paula's Choice
Dextran,Good,['Hydration'],[],[],"['Type of sugar that has water-binding properties for skin'
 'Helps skin maintain hydration'
 'Also used to create a skin care product’s hydrogel structure'
 'First discovered by French chemist Louis Pasteur']",Paula's Choice
Detergent Cleansing Agent,Good,[],['Cleansing Agent'],['Utility'],[],Paula's Choice
Deoxyribonucleic Acid,Good,[],['Humectant'],['Support'],[],Paula's Choice
Deionized/Demineralized Water,Good,['Hydration'],['Solvent'],['Utility'],[],Paula's Choice
Dehydroacetic Acid,Good,[],['Preservative'],['Utility'],[],Paula's Choice
Decyloxazolidinone,Good,[],['Antibacterial' 'Emollient'],['Actives' 'Support'],"['Functions as a preservative' 'Also a skin conditioning ingredient'
 'Considered non-irritating' 'Known by the trade name DERMAC SR-38']",Paula's Choice
Decyl Oleate,Good,[],['Emollient'],['Support'],[],Paula's Choice
Decyl Glucoside,Good,[],['Cleansing Agent'],['Utility'],"['Primarily used as a surfactant (cleansing agent)Known for producing desirable foaming properties in shampoos and cleansers'
 'Can also function as an emulsion stabilizer'
 'Deemed safe by the Cosmetic Ingredient Review Expert Panel']",Paula's Choice
Decylene Glycol,Good,['Hydration'],['Humectant'],['Support'],"['A synthetic, skin-softening glycol'
 'Can add slip to improve product texture'
 'Higher amounts improve the penetration of other ingredients'
 'Can help bolster a skin care product’s preservative system']",Paula's Choice
Decapeptide-52,Good,['Anti-Aging'],['Peptides'],['Actives'],"['Also called peptide 14 or OS-01Developed by the brand One' 'Skin'
 'Claims say it interrupts cellular senescence'
 'More independent research needed']",Paula's Choice
DEA Oleth-10 Phosphate,Good,[],['Emulsifier' 'Cleansing Agent'],['Utility'],[],Paula's Choice
Cystine,Good,['Hydration'],['Humectant'],['Support'],[],Paula's Choice
Cysteine,Good,['Hydration'],['Humectant'],['Support'],[],Paula's Choice
Cyclotetrasiloxane,Good,['Hydration'],['Silicone' 'Emollient' 'Solvent'],['Support' 'Utility' 'Sensory'],[],Paula's Choice
Cyclopentasiloxane,Good,['Hydration'],['Silicone' 'Emollient' 'Solvent'],['Support' 'Utility' 'Sensory'],"['Enhances the silky-smooth spreadabilty and sensorial feel of a product'
 'Promotes even distribution other ingredients in a formula'
 'Quickly evaporates from skin’s surface without leaving a heavy feel'
 'Popular in a wide range of skin and hair care products'
 'Compatible with other organic molecular ingredients'
 'Also functions as a solvent to dissolve and deliver ingredients to skin']",Paula's Choice
Cyclomethicone,Good,['Hydration'],['Silicone' 'Emollient' 'Solvent'],['Support' 'Utility' 'Sensory'],[],Paula's Choice
Cyclohexasiloxane,Good,['Hydration'],['Silicone' 'Emollient' 'Solvent'],['Support' 'Utility' 'Sensory'],"['Synthetic silicone known for its lightweight, non-greasy, silky feel'
 'Helps enhance skin’s hydration'
 'Acts as a carrier to deliver other ingredients effectively and evenly'
 'Can be found in a wide range of skin care, makeup, hair care and other personal care products'
 'Deemed safe by the Cosmetic Ingredient Review Expert Panel']",Paula's Choice
Cyclodextrin,Good,[],['Suspending/Dispersing Agent' 'Chelating Agent'],['Utility' 'Sensory'],"['Derived from cornstarch and made via biotechnology'
 'Used in cosmetics to stabilize and help solubilize key ingredients'
 'Has absorbent properties when used at higher levels'
 'Helps keep delicate ingredients protected from light, air, and heat']",Paula's Choice
Cyamopsis tetragonoloba (Guar) Gum,Good,[],['Texture Enhancer' 'Emulsifier' 'Plant Extracts'],['Support' 'Utility' 'Sensory'],[],Paula's Choice
Cyamopsis Tetragonoloba,Good,[],['Plant Extracts' 'Texture Enhancer'],['Support' 'Sensory'],[],Paula's Choice
Cucumis Sativus Extract,Good,['Anti-Aging' 'Hydration'],['Plant Extracts' 'Antioxidant'],['Actives' 'Support'],[],Paula's Choice
Cucumis Sativus (Cucumber) Seed Extract,Good,['Anti-Aging' 'Hydration' 'Soothing'],['Antioxidant' 'Plant Extracts'],['Actives' 'Support'],"['Extract from green cucumber seeds'
 'Good source of hydrating plant sterols + fatty acids'
 'Contains soothing antioxidants' 'Considered safe as used in cosmetics']",Paula's Choice
Cucumis Sativus (Cucumber) Fruit Water,Good,['Anti-Aging' 'Hydration' 'Soothing'],['Antioxidant' 'Plant Extracts'],['Actives' 'Support'],"['Water from the common cucumber' 'Rich in antioxidants'
 'Also has skin-soothing properties' 'Ruled safe as used in cosmetics']",Paula's Choice
Cucumis Sativus (Cucumber) Fruit Extract,Good,['Hydration' 'Anti-Aging'],['Plant Extracts' 'Antioxidant'],['Actives' 'Support'],[],Paula's Choice
Cucumber Extract,Good,['Hydration' 'Soothing'],['Plant Extracts' 'Antioxidant'],['Actives' 'Support'],"['Non-sensitizing plant-extract' 'Contains antioxidant compounds'
 'Can help protect skin from external agents'
 'Has non-irritating fragrant compounds']",Paula's Choice
Crambe Abyssinica Seed Oil,Good,['Hydration'],['Emollient' 'Plant Extracts'],['Support'],"['Plant-derived oil extracted from Crambe abyssinica seeds'
 'Emollient that helps skin seal in moisture'
 'Contains soothing linoleic and oleic acids' 'Safe for used in cosmetics']",Paula's Choice
Corylus Avellana,Good,['Hydration'],['Plant Extracts' 'Emollient'],['Support'],[],Paula's Choice
Corylus Americana,Good,['Hydration'],['Plant Extracts' 'Emollient'],['Support'],[],Paula's Choice
Cornus Extract,Good,['Soothing'],['Plant Extracts' 'Antioxidant'],['Actives' 'Support'],[],Paula's Choice
Cornstarch,Good,['Oil Control'],['Absorbent' 'Plant Extracts'],['Support' 'Sensory'],[],Paula's Choice
Copper Tripeptide-1,Good,[],['Antioxidant' 'Peptides'],['Actives'],"['Sends reparative signals to key proteins in skin’s extracellular matrix'
 'Supports skin’s collagen, elastin, and glycosaminoglycans (such as hyaluronic acid)Also provides antioxidant and skin-soothing benefits'
 'Results may include increased skin firmness/density and visibly minimized fine lines/wrinkles'
 'Studies show there is potential for increased hair growth (which may limit appeal for skin care)']",Paula's Choice
Copper Peptides,Good,['Anti-Aging'],['Peptides'],['Actives'],"['Peptides that combine the element copper with three amino acids'
 'Occur naturally in the body'
 'Synthetically created copper peptides can have anti-aging benefits'
 'More research is needed to verify their benefit']",Paula's Choice
Copper PCA,Good,['Hydration'],['Humectant'],['Support'],[],Paula's Choice
Copper Lysinate/Prolinate,Good,['Hydration'],['Humectant'],['Support'],"['Copper salt of lysine and proline' 'Type of copper peptide'
 'Has skin conditioning and restoring properties'
 'Often seen in a blend called Neodermyl']",Paula's Choice
Copper Gluconate,Good,['Hydration'],['Antioxidant'],['Actives'],"['Copper salt form of glucuronic acid, a building block of hyaluronic acid'
 'Helps transport water within skin'
 'Light blue or blue-green crystal or powder in its raw form'
 'Also used to treat copper deficiency']",Paula's Choice
Copernicia Cerifera Wax,Good,[],['Texture Enhancer' 'Plant Extracts' 'Absorbent'],['Support' 'Sensory'],[],Paula's Choice
Copernicia Cerifera (Carnauba) Wax,Good,[],['Texture Enhancer' 'Plant Extracts' 'Absorbent'],['Support' 'Sensory'],[],Paula's Choice
Coneflower,Good,['Soothing'],['Plant Extracts' 'Antioxidant'],['Actives' 'Support'],[],Paula's Choice
Colostrum,Good,['Anti-Aging' 'Dark Spot Fading'],['Antioxidant'],['Actives'],"['First milk produced by mammals shortly before or after birth'
 'Considered more nutrient dense than milk produced later'
 'Shown to defend skin against oxidative stress'
 'Can disrupt factors that lead to dark spots and discolorations']",Paula's Choice
Colloidal Sulfur,Good,['Anti-Acne' 'Soothing'],['Irritant' 'Antibacterial'],['Actives' 'Risks'],"['Nano-sized form of sulfur'
 'Has antimicrobial, exfoliating, and soothing properties'
 'Also has soothing benefits'
 'General usage is 3-10%Yellow powder as a raw material']",Paula's Choice
Colloidal Gold,Good,[],['Preservative' 'Solvent'],['Utility'],"['Gold particles that have been nanosized so that they remain dispersed evenly throughout a solution'
 'Offers antimicrobial/antifungal properties'
 'May also be used to enhance the delivery/efficacy of other key ingredients'
 'Although it is derived from gold, the two differ greatly in their cosmetic functions']",Paula's Choice
Collagen Amino Acids,Good,['Hydration'],['Humectant'],['Support'],"['Help hydrate skin' 'Serve as humectants' 'Can help improve skin health'
 'Created through the hydrolysis of collagen']",Paula's Choice
Coix Lacryma-Jobi Ma-Yuen Seed Extract,Good,['Anti-Aging' 'Evens Skin Tone'],['Antioxidant' 'Plant Extracts'],['Actives' 'Support'],"['Plant extract taken from a grain-bearing grass AKA adlay or job’s tears'
 'Contains antioxidant-rich compounds which help protect skin'
 'Can help tackle an uneven tone'
 'Might have calming and hydrating benefits']",Paula's Choice
Codium Tomentosum Extract,Good,['Anti-Aging'],['Plant Extracts' 'Antioxidant' 'Texture Enhancer'],['Actives' 'Support' 'Sensory'],[],Paula's Choice
Cocoyl Proline,Good,['Hydration'],[],[],"['Mixture of coconut fatty acids + amino acid proline'
 'Works as a hydrator and conditioning agent'
 'Considered safe as used in cosmetics'
 'May be plant-derived or synthetic']",Paula's Choice
Cocoyl Hydrolyzed Collagen,Good,['Hydration'],['Humectant'],['Support'],"['Combination of coconut oil fatty acids + hydrolyzed collagen'
 'Skin conditioning ingredient that promotes hydration'
 'Also acts as an anti-static agent in hair care']",Paula's Choice
Coconut Alkanes,Good,['Hydration'],['Emollient' 'Solvent'],['Support' 'Utility'],"['Derived from the reduction and hydrogenation of fatty acids from coconut oil'
 'Functions as a solvent and skin-softening emollient'
 'Clear, oily liquid with a lightweight dry down on the skin'
 'Often used in tandem with coco-caprylate/caprate as a silicone alternative']",Paula's Choice
Coconut Acid,Good,[],['Cleansing Agent'],['Utility'],[],Paula's Choice
Coconut,Good,[],['Plant Extracts'],['Support'],[],Paula's Choice
Cocoglycerides,Good,['Hydration'],['Texture Enhancer' 'Emollient'],['Support' 'Sensory'],"['Used as emollients and thickening agents in cosmetics'
 'A mixture of mono, di, and triglycerides derived from coconut oil'
 'Deemed safe as used in cosmetics'
 'Also used in pharmaceuticals and as a food additive']",Paula's Choice
Coco-Glucoside,Good,[],['Cleansing Agent'],['Utility'],"['Mixture of a fatty alcohol from coconut oil and the sugar glucose'
 'Functions as a gentle cleansing agent' 'Lifts dirt and oils from skin'
 'May be plant-derived or synthetic']",Paula's Choice
Coco-Caprylate/Caprate,Good,['Hydration'],['Emollient'],['Support'],"['A safe, lightweight emollient' 'Helps skin retain moisture'
 'Improves solubility and texture' 'Can be plant-derived or synthetic']",Paula's Choice
Coco-Caprylate,Good,['Hydration'],['Emollient' 'Texture Enhancer'],['Support' 'Sensory'],[],Paula's Choice
Coco Betaine,Good,[],['Cleansing Agent'],['Utility'],"['Surfactant derived from coconut oil'
 'Has cleansing + foaming properties' 'Also has anti-static abilities'
 'Ruled safe as used in cosmetics']",Paula's Choice
Cocamidopropyl Hydroxysultaine,Good,[],['Cleansing Agent'],['Utility'],"['Mild cleansing agent derived from coconut oil'
 'Boosts lather and helps thicken skin care formulas'
 'Very low risk of irritating skin' 'Supplied as a clear liquid']",Paula's Choice
Cocamidopropyl Dimethylamine,Good,[],['Cleansing Agent'],['Utility'],[],Paula's Choice
Cocamidopropyl Betaine,Good,[],['Cleansing Agent' 'Texture Enhancer'],['Utility' 'Sensory'],"['Gentle cleansing ingredient used in face and body washes'
 'Can be naturally derived or synthetic'
 'Helps increase the lathering or foam effect in cleansers'
 'Manufacturing impurities, not the ingredient itself, are the cause of sensitization responses']",Paula's Choice
Clay,Good,[],['Absorbent' 'Texture Enhancer'],['Sensory'],[],Paula's Choice
Cladosiphon Okamuranus,Good,['Soothing'],['Plant Extracts' 'Antioxidant'],['Actives' 'Support'],"['Type of brown algae also known as mozuku'
 'Long used in traditional Japanese medicine'
 'Has a soothing effect on skin'
 'Key calming component is a polysaccharide called fucoidan']",Paula's Choice
Citric Acid,Good,[],['pH Adjuster/Stabilizer' 'Chelating Agent'],['Utility'],"['Used in small amounts to adjust the p' 'H of products'
 'Originally derived from citrus fruits'
 'Now mostly derived from fermentation'
 'Keeps formulas from being too alkaline'
 'In certain concentrations, can exfoliate skin']",Paula's Choice
Citrate Buffer,Good,[],['pH Adjuster/Stabilizer'],['Utility'],[],Paula's Choice
Cimicifuga Racemosa Root Extract,Good,[],['Plant Extracts' 'Irritant'],['Support' 'Risks'],[],Paula's Choice
Cichorium Intybus,Good,['Anti-Aging'],['Plant Extracts' 'Antioxidant'],['Actives' 'Support'],[],Paula's Choice
Chrysin,Good,[],['Antioxidant'],['Actives'],"['A flavonoid plant compound with antioxidant properties'
 'Occurs naturally in honey, mushrooms, carrots, and passion fruit'
 'Interrupts factors in skin that fuel the appearance of dark circles'
 'Requires careful formulating to ensure bioavailability is adequate']",Paula's Choice
Chrysanthemum Parthenium (Feverfew) Flower Extract,Good,['Soothing'],['Antioxidant' 'Plant Extracts'],['Actives' 'Support'],"['Plant that is a source of beneficial antioxidants'
 'Can offer significant soothing properties for skin and help diminish the visible signs of irritation'
 'Must have parthenolide removed, otherwise it can have a sensitizing effect on skin']",Paula's Choice
Cholecalciferol,Good,['Anti-Aging'],['Antioxidant'],['Actives'],[],Paula's Choice
Chlorphenesin,Good,[],['Preservative'],['Utility'],"['Preservative that inhibits contamination in skin care formulas'
 'Extends a product’s shelf life' 'Helps prevent unwanted odor'
 'Used in combination with other preservatives']",Paula's Choice
Chloroxylenol,Good,[],['Preservative' 'Cleansing Agent'],['Utility'],[],Paula's Choice
Chlorophyllin-Copper Complex,Good,['Anti-Aging'],['Antioxidant'],['Actives'],"['Derivative of chlorophyll that can be used in cosmetic products to minimize unpleasant odors'
 'Provides antioxidant compounds that can be beneficial to skin'
 'Used in facial masks, cleansers, soaps, serums, toners, and hair conditioners'
 'Natural hue ranges from green to black, which means it may impart color to the formula']",Paula's Choice
Chlorophyll,Good,[],['Antioxidant' 'Coloring Agent/Pigment' 'Plant Extracts'],['Actives' 'Support' 'Sensory'],"['Natural green pigment found in plants and some bacteria'
 'Assists with the process of photosynthesis'
 'Has antioxidant properties for skin'
 'May be taken in liquid or capsule form as a supplement'
 'Health benefits when used as a supplement remain uncertain']",Paula's Choice
Chlorophene,Good,[],['Preservative'],['Utility'],[],Paula's Choice
Chlorhexidine Digluconate,Good,[],['Preservative'],['Utility'],"['Preservative used in cosmetics to prevent contamination, particularly in water-based formulas'
 'Helps thwart unwanted odors changes within the formulation'
 'Deemed safe in concentrations of 0.2% or lower'
 'Clear, pale yellow liquid in raw material form'
 'Also used in the medical field as a disinfectant']",Paula's Choice
Chlorella,Good,['Soothing' 'Hydration'],['Plant Extracts' 'Antioxidant' 'Texture Enhancer'],['Actives' 'Support' 'Sensory'],[],Paula's Choice
China Clay,Good,[],['Absorbent' 'Occlusive/Opacifying Agent' 'Texture Enhancer'],['Support' 'Sensory'],"['Naturally occurring clay mineral famously used in cosmetics for its absorbent properties'
 'Particularly popular in facial masks targeted at reducing skin’s surface oil'
 'Also functions as an anticaking agent, bulking agent, and opacifying agent'
 'Best known as kaolin']",Paula's Choice
Chenopodium Quinoa Seed Oil,Good,['Hydration'],['Emollient' 'Plant Extracts' 'Preservative'],['Support' 'Utility'],[],Paula's Choice
Chelating Agent,Good,[],['Chelating Agent'],['Utility'],[],Paula's Choice
Charcoal Powder,Good,['Oil Control'],['Absorbent' 'Occlusive/Opacifying Agent'],['Support' 'Sensory'],[],Paula's Choice
Charcoal,Good,['Oil Control'],['Absorbent' 'Occlusive/Opacifying Agent'],['Support' 'Sensory'],[],Paula's Choice
Chamaecyparis Obtusa Leaf Extract,Good,['Anti-Acne' 'Soothing'],['Antioxidant' 'Plant Extracts'],['Actives' 'Support'],"['Comes from the Japanese cypress tree' 'Has antioxidant properties'
 'Also has anti-inflammatory capabilities'
 'Helps prevent collagen degradation']",Paula's Choice
Cetyl PEG/PPG-10/1-Dimethicone,Good,['Hydration'],['Texture Enhancer' 'Silicone' 'Emulsifier'],['Utility' 'Sensory'],[],Paula's Choice
Cetyl Palmitate,Good,[],['Texture Enhancer' 'Emollient'],['Support' 'Sensory'],"['Ester of cetyl alcohol and palmitic acid'
 'Helps smooth and condition dry skin'
 'May be animal- or plant-derived, or made synthetically'
 'White, waxy solid in its raw form']",Paula's Choice
Cetyl Hydroxyethylcellulose,Good,['Hydration'],['Texture Enhancer' 'Emollient'],['Support' 'Sensory'],[],Paula's Choice
Cetyl Glyceryl Ether,Good,['Hydration'],['Emollient' 'Solvent'],['Support' 'Utility'],"['Emollient made from reaction of glycerin and cetyl alcohol'
 'Helps soften and condition skin and hair'
 'Considered safe as used in cosmetics'
 'May be plant-derived or synthetic']",Paula's Choice
Cetyl Ethylhexanoate,Good,['Hydration'],['Emollient' 'Texture Enhancer'],['Support' 'Sensory'],"['Ester of cetyl alcohol and 2-ethylhexanoic acid'
 'Emollient that helps skin retain moisture'
 'Enhances texture of formulas' 'Deemed as safe for use in cosmetics']",Paula's Choice
Cetyl Esters,Good,['Hydration'],['Texture Enhancer' 'Emollient'],['Support' 'Sensory'],[],Paula's Choice
Cetyl Dimethicone Copolyol,Good,[],['Silicone' 'Emollient'],['Support' 'Sensory'],[],Paula's Choice
Cetyl Dimethicone,Good,['Hydration'],['Silicone' 'Emollient' 'Occlusive/Opacifying Agent'],['Support' 'Sensory'],[],Paula's Choice
Cetyl Betaine,Good,[],['Cleansing Agent'],['Utility'],"['Type of salt formed with a compound with acidic + basic properties'
 'Helps trap dirt to make it more easily rinsed from skin and hair'
 'Serves as an anti-static and conditioning agent'
 'Often used as a secondary surfactant' 'Ruled safe as used in cosmetics']",Paula's Choice
Cetyl Alcohol,Good,['Hydration'],['Texture Enhancer' 'Emollient' 'Emulsifier'],['Support' 'Utility' 'Sensory'],"['Fatty alcohol used as an emollient, emulsifier, and thickening agent'
 'Can be naturally or synthetically derived'
 'One of the longest-known fatty acids, discovered in 1913Considered safe as used in cosmetics']",Paula's Choice
Cetyl Acetate,Good,['Hydration'],['Emollient'],['Support'],[],Paula's Choice
Ceteth-20 Phosphate,Good,[],['Cleansing Agent'],['Utility'],"['Mild cleansing agent made from derivatives of phosphoric acid and cetyl alcohol'
 'Helps control the viscosity of liquid emulsions'
 'Also used with emollients to thicken and help stabilize creams'
 'May be animal- or plant-derived or synthetic']",Paula's Choice
Cetearyl Olivate,Good,['Hydration'],['Emulsifier' 'Texture Enhancer'],['Utility' 'Sensory'],[],Paula's Choice
Cetearyl Octanoate,Good,['Hydration'],['Emollient'],['Support'],[],Paula's Choice
Cetearyl Glucoside,Good,[],['Emulsifier' 'Cleansing Agent' 'Texture Enhancer'],['Utility' 'Sensory'],"['Blend of cetearyl alcohol and glucose that functions primarily as an emulsifier in cosmetics'
 'Can also be used to enhance formulary texture and deliver softening properties for skin'
 'Ivory-colored pellets in raw material form'
 'May be derived naturally or made synthetically']",Paula's Choice
Cetearyl Ethylhexanoate,Good,['Hydration'],['Texture Enhancer' 'Emollient'],['Support' 'Sensory'],"['Ester of cetearyl alcohol and 2-ethylhexanoic acid'
 'Defends skin against moisture loss + adds slip to creams and lotions'
 'Clear, oil-like liquid in its raw form'
 'Deemed safe as used in cosmetics']",Paula's Choice
Cetearyl Alcohol,Good,['Hydration'],['Texture Enhancer' 'Emollient'],['Support' 'Sensory'],"['Fatty alcohol with emollient (softening/smoothing) properties for skin'
 'Known to be gentle and safe (unlike skin-damaging/drying forms of alcohol such as SD or denatured)May also be used to alter the thickness of a formula or influence the foaming capacity of a cleanser'
 'Can be derived naturally, as in coconut fatty alcohol, or made synthetically'
 'As a raw material, it is a white, waxy solid (often in flake form)']",Paula's Choice
Ceteareth-6 Olivate,Good,['Hydration'],['Emulsifier' 'Emollient' 'Texture Enhancer'],['Support' 'Utility' 'Sensory'],"['Mixture of a derivative of fatty alcohol cetearyl alcohol and a fatty acid from olives'
 'Works to make emulsions stable'
 'Often used in cleansers because it attracts both oil and water'
 'White, waxy solid in its raw form']",Paula's Choice
Ceteareth-25,Good,[],['Emulsifier' 'Cleansing Agent'],['Utility'],"['Fatty alcohol that functions as an emulsifier and surfactant'
 'May be plant or animal derived'
 'Helps keep ingredients soluble within a formula'
 'Adds body to creams and lotions']",Paula's Choice
Ceteareth-20,Good,[],['Cleansing Agent'],['Utility'],"['Fatty (non-irritating) alcohol often used to thicken/enhance the texture of skin care formulas'
 'Can also be used as a surfactant (cleansing agent)Helps other ingredients in a formula stay mixed together/stable'
 'Track record of safety backed by the Cosmetic Ingredient Review Expert Panel']",Paula's Choice
Ceratonia Siliqua (Carob) Gum,Good,[],['Texture Enhancer' 'pH Adjuster/Stabilizer'],['Utility' 'Sensory'],[],Paula's Choice
Cera Microcristallina,Good,['Hydration'],['Texture Enhancer' 'Emollient'],['Support' 'Sensory'],[],Paula's Choice
Cera Alba,Good,['Hydration'],['Texture Enhancer' 'Emollient'],['Support' 'Sensory'],"['Commonly called beeswax' 'Made by honeybees'
 'Contains multiple fatty acids and fatty alcohols' 'Rich in flavonoids']",Paula's Choice
Centaurea Cyanus,Good,['Soothing' 'Hydration'],['Plant Extracts' 'Antioxidant'],['Actives' 'Support'],"['Botanical ingredient, also known as cornflower'
 'Rich in antioxidants that enhance skin health'
 'Offers soothing, hydrating and anti-aging effects'
 'While the extract is beneficial for skin, the essential oil form is not']",Paula's Choice
Cellulose Gum,Good,[],['Texture Enhancer' 'Plant Extracts'],['Support' 'Sensory'],"['Natural polymer that helps thicken cosmetics'
 'Its water-binding and film-forming properties to improve skin’s hydration'
 'Can be used to control the viscosity and help products dispense properly'
 'Plays a role in stabilizing water-based emulsions']",Paula's Choice
Cellulose,Good,[],['Texture Enhancer' 'Plant Extracts'],['Support' 'Sensory'],[],Paula's Choice
Caulerpa Taxifolia Extract,Good,['Hydration'],['Plant Extracts' 'Texture Enhancer' 'Emollient'],['Support' 'Sensory'],[],Paula's Choice
Castor Oil/IPDI Copolymer,Good,[],['Film-Forming Agent' 'Texture Enhancer'],['Sensory'],"['Synthetic polymer' 'Comprised of castor oil + isophorone diisocyanate'
 'Film-forming agent' 'Also a thickener and suspending agent'
 'Commonly used in lipsticks and to create thick gels']",Paula's Choice
Castor Isostearate Succinate,Good,['Hydration'],['Emollient' 'Plant Extracts'],['Support'],"['A mix of esters formed by the reaction of castor seed oil, isostearic acid, and succinic acid'
 'Functions as a skin conditioning agent'
 'According to one supplier, it can also boost SPF in skin care'
 'Deemed safe as used in cosmetics']",Paula's Choice
Castanea Sativa Seed Extract,Good,['Anti-Aging'],['Plant Extracts' 'Antioxidant'],['Actives' 'Support'],[],Paula's Choice
Casein,Good,['Hydration' 'Anti-Aging'],['Antioxidant'],['Actives'],[],Paula's Choice
Carya Illinoinensis (Pecan) Seed Oil,Good,['Hydration'],['Emollient' 'Plant Extracts' 'Antioxidant'],['Actives' 'Support'],[],Paula's Choice
Carya Illinoensis Oil,Good,['Hydration'],['Antioxidant' 'Plant Extracts' 'Emollient'],['Actives' 'Support'],[],Paula's Choice
Carrageenan,Good,['Hydration'],['Texture Enhancer' 'Plant Extracts'],['Support' 'Sensory'],[],Paula's Choice
Carnauba Wax,Good,['Hydration'],['Texture Enhancer' 'Emollient' 'Film-Forming Agent'],['Support' 'Sensory'],[],Paula's Choice
Carbopol,Good,[],['Texture Enhancer' 'Polymer' 'pH Adjuster/Stabilizer'],['Utility' 'Sensory'],[],Paula's Choice
Carbomer,Good,[],['Texture Enhancer' 'Polymer' 'pH Adjuster/Stabilizer'],['Utility' 'Sensory'],"['A synthetic acrylate-based water thickener'
 'Often used to create gel-textured formulas'
 'May influence a product’s consistency in other ways by having a thickening/viscosity-controlling effect'
 'Can increase skin permeation and retention of key active ingredients'
 'Utilized in all kinds of beauty products including facial moisturizers, body lotions, hair care and makeup'
 'The Cosmetic Ingredient Review Expert Panel reviewed carbomer and reaffirmed its safety']",Paula's Choice
Caprylyl Methicone,Good,['Hydration'],['Silicone' 'Emollient'],['Support' 'Sensory'],[],Paula's Choice
Caprylyl Glycol,Good,[],['Preservative' 'Plant Extracts'],['Support' 'Utility'],"['Skin and hair conditioning agent'
 'Can be synthetic or naturally derived'
 'Has formula preservation properties' 'Ruled safe as used in cosmetics']",Paula's Choice
Caprylyl Glyceryl Ether,Good,['Hydration'],['Cleansing Agent' 'Emollient' 'Preservative'],['Support' 'Utility'],"['Skin care ingredient that can be used to impart emollience'
 'Boosts preservation stability of formulations'
 'May also serve as a surfactant (cleansing agent or foam booster)Spreads easily and contributes to less greasy, lighter emulsions'
 'Recognized as a safe cosmetic ingredient']",Paula's Choice
Caprylyl Caprylate/Caprate,Good,['Hydration'],['Emollient'],['Support'],[],Paula's Choice
Capryloyl Glycine,Good,['Hydration'],['Cleansing Agent' 'Preservative'],['Utility'],"['Synthetic amino acid derivative that functions to soften skin and condition hair'
 'Can also be used as a surfactant'
 'Helps protect skin’s surface from water loss'
 'Enhances the effectiveness of preservatives, allowing lower amounts to be used']",Paula's Choice
Capryloyl Glycerin/Sebacic Acid Copolymer,Good,[],['Film-Forming Agent' 'Texture Enhancer' 'Polymer'],['Sensory'],"['Functions as a polymer and film-forming agent'
 'Used as a replacement for silicones in cosmetics formulas'
 'Can be naturally derived from coconut or castor oil'
 'Often paired with diheptyl succinate']",Paula's Choice
Caprylhydroxamic Acid,Good,[],['Chelating Agent' 'Preservative'],['Utility'],"['Synthetic chelating agent that helps stabilize cosmetics'
 'Offers preservative efficacy against molds'
 'Works in many types of cosmetic formulas, including anhydrous'
 'Not impacted by p' 'H levels']",Paula's Choice
Caprae Lac,Good,['Hydration' 'Smooths Bumpy Skin' 'Soothing'],['Antioxidant' 'Emollient' 'Prebiotic/Probiotic/Postbiotic'],['Actives' 'Support'],"['Gentle ingredient also known as goat milk'
 'Contains lactic acid, a natural exfoliant'
 'Helps keep skin’s hydration balanced'
 'Protects skin from environmental aggressors']",Paula's Choice
Candelilla Wax,Good,['Hydration'],['Plant Extracts' 'Emollient' 'Texture Enhancer'],['Support' 'Sensory'],[],Paula's Choice
Camelina Sativa Seed Oil,Good,['Hydration' 'Soothing'],['Emollient' 'Plant Extracts'],['Support'],"['A plant oil derived from the flowering plant Camelina sativa'
 'Rich in soothing fatty acids'
 'Emollient that helps skin to maintain hydration'
 'Deemed safe for use in cosmetics in percentages between 0.002 and 1.0%']",Paula's Choice
Calycophyllum Spruceanum Bark Extract,Good,['Anti-Aging'],['Antioxidant' 'Plant Extracts'],['Actives' 'Support'],"['From the mulatiero plant' 'Rich in antioxidant compounds'
 'Also has anti-inflammatory properties'
 'Research hasn’t shown safety or irritant concerns']",Paula's Choice
Calophyllum Inophyllum Seed Oil,Good,['Hydration' 'Anti-Aging'],['Emollient' 'Plant Extracts' 'Antioxidant'],['Actives' 'Support'],[],Paula's Choice
Calendula Officinalis Flower Extract,Good,['Anti-Aging' 'Soothing'],['Plant Extracts' 'Antioxidant'],['Actives' 'Support'],[],Paula's Choice
Calendula Extract,Good,['Hydration' 'Soothing'],['Plant Extracts' 'Antioxidant'],['Actives' 'Support'],[],Paula's Choice
Calcium Sodium Borosilicate,Good,[],['Texture Enhancer'],['Sensory'],"['Synthetic bulking agent used in makeup, skin care, and other personal care products'
 'May also provide some blue light protection and enhance SPF values of sunscreens'
 'Supplied as smooth flakes, beads, or powder formed by the fusion of various compounds'
 'Deemed safe by the Cosmetic Ingredient Review Expert Panel in up to 97% concentration']",Paula's Choice
Calcium Gluconate,Good,[],['Chelating Agent'],['Utility'],[],Paula's Choice
Calcium D-Pantetheine-S-Sulfonate,Good,['Anti-Aging'],['Antioxidant'],['Actives'],[],Paula's Choice
Calcium Chloride,Good,[],['Texture Enhancer'],['Sensory'],"['Inorganic salt compound of calcium + chlorine'
 'Used in cosmetics as a texture enhancer + encapsulator'
 'Serves multiple functions in food products'
 'White, crystalline solid in its raw form']",Paula's Choice
Calcium Carbonate,Good,['Oil Control'],['Absorbent' 'Occlusive/Opacifying Agent'],['Support' 'Sensory'],[],Paula's Choice
Calcium Aluminum Borosilicate,Good,[],['Texture Enhancer'],['Sensory'],[],Paula's Choice
Caesalpinia Spinosa Gum,Good,['Hydration'],['Texture Enhancer'],['Sensory'],"['A natural thickening agent and viscosity-enhancing ingredient that helps improve formulary textures'
 'Known for providing a non-sticky, soft, velvety after-feel'
 'Can also lend hydrating properties'
 'Obtained by grinding the endosperm of seeds of the Caesalpinia spinosa tree']",Paula's Choice
C9-12 Alkane,Good,[],['Solvent'],['Utility'],"['Solvent consisting of saturated hydrocarbons'
 'Helps dissolve and disperse substances'
 'Promotes a more homogenous texture in formulas'
 'Consists of alkanes, which are organic hydrocarbons']",Paula's Choice
C20-40 Pareth-40,Good,[],['Cleansing Agent'],['Utility'],[],Paula's Choice
C20-40 Alketh-40,Good,[],['Cleansing Agent'],['Utility'],[],Paula's Choice
C18-38 Alkyl Hydroxystearoyl Stearate,Good,['Hydration'],['Emollient'],['Support'],"['Skin conditioning emollient' 'Derived from stearic acid'
 'Helps improve product texture' 'Used in ranges from 1-15%']",Paula's Choice
C18-36 Acid Triglyceride,Good,['Hydration'],['Emollient' 'Texture Enhancer'],['Support' 'Sensory'],[],Paula's Choice
C15-19 Alkane,Good,['Hydration'],['Solvent' 'Emollient'],['Support' 'Utility'],"['Lightweight emollient from the hydrocarbon family'
 'Most often used in place of silicones or mineral oil'
 'Lends a lightweight, velvety-soft finish to cosmetics'
 'Helps to disperse UV filters']",Paula's Choice
C14-22 Alcohols,Good,[],['Emulsifier'],['Utility'],"['Oil-in-water emulsifying agent' 'Consists of fatty alcohols'
 'Used in skin care to help create cohesive, stable formulas'
 'Often featured in a blend alongside C12-20 alkyl glucoside']",Paula's Choice
C13-15 Alkane,Good,[],['Solvent'],['Utility'],"['Solvent derived from a blend of alkanes'
 'Often used to enhance formulary texture due to its lightweight, non-greasy feel'
 'Leaves a silky, soft finish on skin'
 'Popular choice for sunscreen formulations (compatible with UV filters)']",Paula's Choice
C13-14 Isoparaffin,Good,[],['Texture Enhancer' 'Solvent'],['Utility' 'Sensory'],"['Petroleum-derived cosmetic ingredient whose wax-like texture functions as an emollient'
 'Also used as a solvent and texture enhancer, where it helps ingredients mesh cohesively'
 'Often combined with polyacrylamide and laureth-7 to create non-tacky gel formulations'
 'Deemed a safe cosmetic ingredient in concentrations up to 75%']",Paula's Choice
C13-14 Isoalkane,Good,[],['Emulsifier' 'Cleansing Agent'],['Utility'],[],Paula's Choice
C12-18 Acid Triglyceride,Good,[],['Emollient' 'Texture Enhancer'],['Support' 'Sensory'],[],Paula's Choice
C12-16 Pareth-9,Good,[],['Emulsifier' 'Cleansing Agent'],['Utility'],[],Paula's Choice
C12-15 Alkyl Benzoate,Good,['Hydration'],['Emollient' 'Texture Enhancer' 'Solvent'],['Support' 'Utility' 'Sensory'],"['Popular emollient (skin-softening, moisture-sealing) ingredient'
 'Often used in sunscreens where it keeps active ingredients evenly dispersed throughout the formula'
 'May also boost the SPF of certain sunscreen actives'
 'Can impart a lightly conditioning, silky finish to products'
 'Proven track record of safety in cosmetic use']",Paula's Choice
C11-15 Pareth-7,Good,[],['Emulsifier' 'Cleansing Agent'],['Utility'],[],Paula's Choice
Butylparaben,Good,[],['Preservative'],['Utility'],[],Paula's Choice
Butyloctyl Salicylate,Good,['Hydration'],['Emollient' 'Solvent'],['Support' 'Utility'],"['Functions as skin-softening agent'
 'May be used as a solvent in cosmetic formulations'
 'Also included in hair care for conditioning properties'
 'Deemed safe by the Cosmetic Ingredient Review Expert Panel']",Paula's Choice
Butyloctanol,Good,[],['Solvent'],['Utility'],"['Synthetic solvent with light emollient properties'
 'Improves product application on skin and hair'
 'Low viscosity contributes to its lightweight feel on skin and hair'
 'Made from a fatty alcohol that softens skin']",Paula's Choice
Butylene Glycol,Good,['Hydration'],['Humectant' 'Texture Enhancer'],['Support' 'Sensory'],"['Often included in a skin care formula to enhance the texture and penetration'
 'Known to be hygroscopic, meaning it can increase skin’s water content (aka hydration)May also help boost a formula’s stability'
 'Clear, viscous liquid' 'Also known as butane-1,3-diol']",Paula's Choice
Butyl Acetate,Good,[],['Solvent'],['Utility'],[],Paula's Choice
Bumetrizole,Good,['Anti-Aging'],['UV Filters'],['Actives'],[],Paula's Choice
Buddleja Officinalis Flower Extract,Good,['Anti-Aging'],['Antioxidant' 'Plant Extracts'],['Actives' 'Support'],"['Has antioxidant properties'
 'Rich in polyphenols verbascoside and echinacoside'
 'Inhibits factors leading to visible sun damage'
 'May help combat redness and discolorations']",Paula's Choice
Bromelain,Good,['Smooths Bumpy Skin'],['Plant Extracts' 'Exfoliant'],['Actives' 'Support'],[],Paula's Choice
Broad Spectrum,Good,['Anti-Aging'],['UV Filters'],['Actives'],[],Paula's Choice
Boron Nitride,Good,[],['Absorbent' 'Texture Enhancer'],['Sensory'],[],Paula's Choice
Boric Acid,Good,[],['Preservative'],['Utility'],[],Paula's Choice
Borago Officinalis Seed Extract,Good,['Soothing' 'Anti-Aging' 'Hydration'],['Plant Extracts' 'Antioxidant'],['Actives' 'Support'],"['Extract derived from the borage plant'
 'Rich in soothing/hydration-boosting fatty acids'
 'Offers anti-aging antioxidants'
 'The oil form is more common in skin care']",Paula's Choice
Bis-Phenylpropyl Dimethicone,Good,[],['Silicone' 'Texture Enhancer' 'Polymer'],['Sensory'],[],Paula's Choice
Bis-PEG-18 Methyl Ether Dimethyl Silane,Good,['Hydration'],['Silicone' 'Texture Enhancer' 'Cleansing Agent'],['Utility' 'Sensory'],"['Synthetic, wax-like ingredient'
 'Is a skin conditioning agent, surfactant, foam booster, and moisturizer'
 'Belongs to the chemical class of siloxanes and silicones'
 'Safe as used in cosmetics']",Paula's Choice
Bis-Diglyceryl Polyacyladipate-2,Good,['Hydration'],['Emollient' 'Film-Forming Agent' 'Suspending/Dispersing Agent'],['Support' 'Sensory'],"['Synthetic emollient that promotes softer skin and long-lasting hydration'
 'Creates a protective, moisture-sealing film on lips/skin'
 'Enhances product texture and spreadability'
 'Noted for excellent adhesion' 'Vegan-friendly alternative to lanolin']",Paula's Choice
Bis-Diglyceryl Polyacyladipate,Good,['Hydration'],['Emollient'],['Support'],[],Paula's Choice
Biosaccharide Gum-1,Good,['Hydration' 'Soothing'],['Film-Forming Agent' 'Texture Enhancer' 'Humectant'],['Support' 'Sensory'],"['Naturally-derived complex sugar with humectant properties'
 'Forms a flexible film on skin’s surface'
 'Improves product texture and sensory properties of its finish'
 'Made via bacterial fermentation']",Paula's Choice
Bifida Ferment Filtrate,Good,[],['Prebiotic/Probiotic/Postbiotic'],['Actives'],"['Filtrate obtained through the fermentation of compound bifidobacterium strains'
 'Typically found in skin care products claiming to deliver microbiome-balancing benefits'
 'Currently, there is a lack of research on this ingredient as it pertains to skin'
 'In raw material form, it appears as a colorless to light-yellow, transparent liquid']",Paula's Choice
BHT,Good,[],['Antioxidant' 'pH Adjuster/Stabilizer'],['Actives' 'Utility'],['The abbreviation for butylated hydroxytoluene\u202fPotent synthetic antioxidant\u202fHelps keep delicate ingredients stable\u202fConsidered safe as used in cosmetics'],Paula's Choice
Betula Alba Bark Extract,Good,['Soothing' 'Anti-Aging'],['Antioxidant' 'Plant Extracts'],['Actives' 'Support'],"['Extract derived from the plant commonly known as white birch'
 'Serves as an antioxidant to help defend skin from environmental stressors'
 'May also help reinforce skin’s barrier'
 'Can have astringent properties when used in high amounts']",Paula's Choice
Betula Alba (Birch) Juice,Good,['Hydration'],['Plant Extracts' 'Antioxidant'],['Actives' 'Support'],"['AKA birch juice' 'Derived from the Betula alba tree'
 'Helps hydrate skin' 'Great source of trace minerals and amino acids']",Paula's Choice
Betaine Salicylate,Good,['Anti-Acne'],['Exfoliant'],['Actives'],[],Paula's Choice
Betaine,Good,['Hydration'],['Humectant'],['Support'],"['Helps skin adapt to moisture losses and gains, essentially working to balance skin’s hydration'
 'New research shows promise as a topical ingredient to visibly correct uneven skin tone'
 'Known to be gentle on skin' 'May be plant-derived or synthetic'
 'Also occurs naturally in skin and the body']",Paula's Choice
Beta-Carotene,Good,['Anti-Aging'],['Antioxidant' 'Coloring Agent/Pigment' 'Plant Extracts'],['Actives' 'Support' 'Sensory'],[],Paula's Choice
Bertholletia Excelsa Extract,Good,['Anti-Aging'],['Plant Extracts' 'Antioxidant'],['Actives' 'Support'],"['From the Brazil nut tree' 'Contains antioxidant compounds'
 'Might also stimulate collagen production']",Paula's Choice
Benzothonium Chloride,Good,[],['Preservative'],['Utility'],[],Paula's Choice
Benzophenone,Good,[],['UV Filters' 'pH Adjuster/Stabilizer'],['Actives' 'Utility'],[],Paula's Choice
Benzoic Acid,Good,[],['Preservative' 'pH Adjuster/Stabilizer'],['Utility'],"['Recognized as a safe, well-tolerated preservative, effective against yeast and mold'
 'Also functions as a p' 'H adjuster in skin care formulations'
 'Naturally aromatic but usually isn’t used in high enough potency to impart scent in skin care'
 'Needs to be used in combination with other preservatives for optimum protection']",Paula's Choice
Bentonite,Good,['Oil Control' 'Blackhead Reducing'],['Absorbent' 'Occlusive/Opacifying Agent' 'Texture Enhancer'],['Support' 'Sensory'],"['Clay derived from volcanic ash (which is purified before becoming a cosmetic ingredient)Most famously used as an oil-absorbing agent in facial masks'
 'Also functions as a thickener, emulsion stabilizer, and opacifying agent in cosmetic formulas'
 'Helpful for oily skin but can be drying for other skin types (when used in high amounts)']",Paula's Choice
Behenyl Behenate,Good,['Hydration'],['Emollient' 'Occlusive/Opacifying Agent'],['Support'],"['Ester of behenic acid and behenyl alcohol' 'Plant-derived or synthetic'
 'Hydrates skin + helps prevent moisture loss'
 'Considered safe as used in cosmetics']",Paula's Choice
Behenyl Alcohol,Good,['Hydration'],['Texture Enhancer' 'pH Adjuster/Stabilizer'],['Utility' 'Sensory'],"['Is considered a fatty, non-drying form of alcohol'
 'Is used as a thickener and moisturizing ingredient in cosmetics'
 'Also known as 1-docosanol' 'Has been ruled safe as used in cosmetics']",Paula's Choice
Behentrimonium Methosulfate,Good,['Hydration'],['Cleansing Agent' 'Emulsifier' 'Texture Enhancer'],['Utility' 'Sensory'],"['Skin-friendly emulsifier and surfactant'
 'May also be used to enhance delivery of actives'
 'Popular in hair care formulations where it serves as a conditioner/anti-static agent'
 'Chemistry-wise, it’s a quaternary ammonium salt']",Paula's Choice
Behentrimonium Chloride,Good,['Hydration'],['Emulsifier' 'Humectant'],['Support' 'Utility'],[],Paula's Choice
Behenic Acid,Good,[],['Texture Enhancer' 'Cleansing Agent'],['Utility' 'Sensory'],"['A saturated fatty acid primarily used as a thickener and opacifying agent'
 'Sometimes used as a replacement for the lighter-weight ingredient stearic acid'
 'Works with traditional cleansing agents as a co-surfactant'
 'Considered safe as used in rinse-off and leave-on cosmetics']",Paula's Choice
Beheneth-5,Good,['Hydration'],['Emulsifier' 'Texture Enhancer' 'Cleansing Agent'],['Utility' 'Sensory'],[],Paula's Choice
Beheneth-20,Good,[],['Emulsifier'],['Utility'],"['Type of synthetic polymer' 'Functions as an emulsifier'
 'Also a surfactant' 'Ruled safe as used in cosmetics']",Paula's Choice
Beeswax,Good,['Hydration'],['Emollient' 'Texture Enhancer'],['Support' 'Sensory'],[],Paula's Choice
Batyl Alcohol,Good,['Hydration'],['Emollient'],['Support'],"['Non-drying alcohol'
 'Used as a stabilizing and skin-conditioning ingredient'
 'Derived from glycerin' 'Ruled safe as used in cosmetics']",Paula's Choice
Barley Extract,Good,['Anti-Aging'],['Plant Extracts' 'Antioxidant'],['Actives' 'Support'],[],Paula's Choice
Barium Sulfate,Good,[],['Occlusive/Opacifying Agent' 'Coloring Agent/Pigment' 'Texture Enhancer'],['Support' 'Sensory'],"['Works to opacify products, such as creams and lotions'
 'May help boost skin barrier recovery'
 'Cosmetic Ingredient Review Expert Panel deemed safe for use in cosmetics']",Paula's Choice
Banana Extract,Good,['Hydration' 'Soothing'],['Plant Extracts' 'Antioxidant'],['Actives' 'Support'],[],Paula's Choice
Azulene,Good,['Soothing'],['Antioxidant' 'Plant Extracts' 'Coloring Agent/Pigment'],['Actives' 'Support' 'Sensory'],[],Paula's Choice
Atelocollagen,Good,['Hydration'],['Humectant'],['Support'],"['Usually derived from cow skin'
 'Injected in clinical settings to heal ligaments'
 'Also used via injection as an ingredient delivery vector'
 'Works topically as a humectant']",Paula's Choice
Astrocaryum Murumuru Seed Butter,Good,['Hydration'],['Emollient' 'Plant Extracts'],['Support'],"['Derived from a type of palm tree' 'Excellent emollient'
 'Rich in fatty acids' 'Contains antioxidant compound']",Paula's Choice
Astragalus Sinicus,Good,['Anti-Aging'],['Antioxidant' 'Plant Extracts'],['Actives' 'Support'],[],Paula's Choice
Astragalus Gummifier Gum,Good,[],['Texture Enhancer'],['Sensory'],[],Paula's Choice
Aspartic Acid,Good,['Hydration' 'Soothing'],['Antioxidant'],['Actives'],"['An amino acid that helps build collagen'
 'Has light hydrating properties'
 'Also works as a buffering agent in cosmetics'
 'May be animal-derived or synthetic']",Paula's Choice
Asparagopsis Armata Extract,Good,['Anti-Aging' 'Soothing'],['Antioxidant' 'Plant Extracts' 'Texture Enhancer'],['Actives' 'Support' 'Sensory'],[],Paula's Choice
Asparagine,Good,['Anti-Aging' 'Hydration'],['Antioxidant'],['Actives'],[],Paula's Choice
Aspalathus Linearis Extract,Good,['Anti-Aging' 'Soothing'],['Antioxidant' 'Plant Extracts'],['Actives' 'Support'],"['Plant extract that’s also known as Rooibos'
 'Contains aspalathin, an antioxidant unique to Aspalathus linearis'
 'Assists skin in protecting itself from pro-aging damage'
 'Exhibits skin-soothing benefits']",Paula's Choice
Asiaticoside,Good,['Anti-Aging' 'Soothing'],['Antioxidant' 'Plant Extracts'],['Actives' 'Support'],"['One of the soothing compounds present in Centella asiatica'
 'Has proven skin-soothing properties'
 'Antioxidant benefits help reduce the chance of pro-aging damage'
 'Used in cosmetics in amounts between 0.2% and 5%']",Paula's Choice
Ascophyllum Nodosum,Good,['Hydration'],['Plant Extracts' 'Antioxidant' 'Texture Enhancer'],['Actives' 'Support' 'Sensory'],[],Paula's Choice
Arundo Donax Stem Extract,Good,['Anti-Aging'],['Antioxidant' 'Plant Extracts'],['Actives' 'Support'],"['From a type of perennial grass' 'Has antioxidant properties'
 'Could potentially fight UVA-induced skin damage'
 'Not commonly used in skin care or other cosmetics']",Paula's Choice
Artemisia Annua Extract,Good,['Anti-Aging' 'Hydration' 'Soothing'],['Antioxidant' 'Humectant' 'Plant Extracts'],['Actives' 'Support'],"['Long used in traditional Chinese medicine'
 'Soothes skin upon application' 'Exhibits antioxidant properties'
 'Shores up skin’s barrier']",Paula's Choice
Artemia Extract,Good,['Hydration'],[],[],[],Paula's Choice
Arachis Hypogaea (Peanut) Oil,Good,['Hydration'],['Emollient' 'Plant Extracts' 'Antioxidant'],['Actives' 'Support'],[],Paula's Choice
Arachidyl Propionate,Good,['Hydration'],['Emollient' 'Texture Enhancer'],['Support' 'Sensory'],[],Paula's Choice
Arachidyl Glucoside,Good,[],['Cleansing Agent' 'Emulsifier'],['Utility'],"['Mild surfactant and emulsifying agent'
 'Often used to enhance the texture of skin care products, such as facial creams'
 'Made from the condensation of arachidyl alcohol and glucose'
 'Described as a cloudy, pale yellow viscous solution'
 'Deemed safe by the Cosmetic Ingredient Review Expert Panel']",Paula's Choice
Arachidyl Alcohol,Good,['Hydration'],['Emollient' 'Texture Enhancer'],['Support' 'Sensory'],"['Waxy substance used as a thickening agent and emollient in cosmetics'
 'A non-irritating fatty alcohol that is gentle on skin'
 'May also be used as part of an emulsifying blend to help create a cohesive texture'
 'Can be incorporated in a wide variety of beauty products']",Paula's Choice
Arachidic Acid,Good,['Hydration'],['Emollient' 'Texture Enhancer'],['Support' 'Sensory'],[],Paula's Choice
Aqua/Water/Eau,Good,['Hydration'],['Solvent'],['Utility'],"['The most widely used cosmetic ingredient' 'Functions as a solvent'
 'Typically appears as the first ingredient in skin care products'
 'Only a 10% concentration is needed in skin’s outer layers for softness and pliability']",Paula's Choice
Apium Graveolens Extract,Good,['Anti-Aging'],['Antioxidant' 'Plant Extracts'],['Actives' 'Support'],"['Scientific name for celery extract' 'Rich source of antioxidants'
 'Contains caffeic acid, ferulic acid, & leuteolin'
 'Helps fight free-radical damage']",Paula's Choice
Apium Graveolens (Celery) Seed Extract,Good,['Anti-Aging' 'Soothing'],['Antioxidant' 'Plant Extracts'],['Actives' 'Support'],"['Extract derived from celery seeds' 'Known for soothing benefits'
 'Potential to neutralize pro-aging stressors'
 'More broadly studied for internal use but shows promise for topical application']",Paula's Choice
Anogeissus Leiocarpus Bark Extract,Good,['Anti-Aging'],['Antioxidant' 'Plant Extracts'],['Actives' 'Support'],"['From a tree native to Africa' 'Has antioxidant properties'
 'Also has skin-brightening capabilities'
 'Tree is also known as African birch']",Paula's Choice
Annona Cherimola Fruit Extract,Good,['Anti-Aging' 'Soothing'],['Plant Extracts' 'Antioxidant'],['Actives' 'Support'],"['AKA cherimoya extract' 'Plant-derived, antioxidant-rich ingredient'
 'Defends skin from pro-aging agents' 'Can contribute to skin-soothing']",Paula's Choice
Annato Extract,Good,['Anti-Aging'],['Plant Extracts' 'Coloring Agent/Pigment'],['Support' 'Sensory'],"['Seed-derived natural colorant'
 'A good source of carotenoid-based antioxidants'
 'Used in cosmetics, foods, paints and textiles (clothing)Deemed safe for all intended uses']",Paula's Choice
Anhydroxylitol,Good,['Hydration'],['Plant Extracts' 'Humectant'],['Support'],[],Paula's Choice
Anethum Graveolens,Good,[],['Plant Extracts'],['Support'],[],Paula's Choice
Andiroba Oil,Good,['Hydration' 'Anti-Aging'],['Plant Extracts' 'Emollient'],['Support'],[],Paula's Choice
Ananas Sativus Fruit Extract,Good,['Evens Skin Tone' 'Anti-Aging'],['Plant Extracts' 'Exfoliant'],['Actives' 'Support'],[],Paula's Choice
Anacystis Nidulans Extract,Good,['Hydration'],['Antioxidant' 'Plant Extracts' 'Texture Enhancer'],['Actives' 'Support' 'Sensory'],[],Paula's Choice
Anacyclus Pyrethrum Root Extract,Good,['Anti-Aging' 'Soothing'],['Antioxidant' 'Plant Extracts'],['Actives' 'Support'],"['Long used in traditional Moroccan medicine'
 'Root extract has skin-beneficial antioxidant properties'
 'Oil has fragrant components'
 'Also called pellitory, Spanish pellitory, or Mount Atlas daisy']",Paula's Choice
Amylopectin,Good,[],['Texture Enhancer'],['Sensory'],"['A polysaccharide commonly known as starch'
 'Adds bulk, binds and helps improve texture of cosmetics'
 'Derived from common foods such as bananas and potatoes'
 'Considered safe for topical use']",Paula's Choice
Amygdalic Acid,Good,['Anti-Aging' 'Evens Skin Tone' 'Dark Spot Fading'],['Exfoliant' 'Antioxidant'],['Actives'],"['Also known as mandelic acid'
 'An alpha hydroxy acid (AHA) that can exfoliate skin'
 'Generally more tolerable for those with sensitive skin'
 'Must be in opaque packaging to maintain its effectiveness']",Paula's Choice
Amodimethicone,Good,['Hydration'],['Silicone' 'Texture Enhancer' 'Emollient'],['Support' 'Sensory'],[],Paula's Choice
Ammonium Polyacryloyldimethyl Taurate,Good,[],['Texture Enhancer' 'Emulsifier'],['Utility' 'Sensory'],"['Synthetic polymer that helps stabilize cosmetics and control their texture'
 'Works especially well as an emulsifier in clear formulas'
 'Contributes to a soft, refreshed finish on skin'
 'Can be used in a wide variety of formulas without causing stability issues']",Paula's Choice
Ammonium Lauryl Sulfate,Good,[],['Cleansing Agent'],['Utility'],[],Paula's Choice
Ammonium Laureth Sulfate,Good,[],['Cleansing Agent'],['Utility'],[],Paula's Choice
Ammonium Glycyrrhizate,Good,['Soothing'],['Plant Extracts'],['Support'],"['Compound isolated from licorice plants'
 'Used as a soothing, skin-conditioning agent in personal care products'
 'Delivers a sweet flavor, hence may be used in products such as lipstick or lip balm5% maximum concentration recommended in cosmetic products']",Paula's Choice
Ammonium Acryloyldimethyltaurate/VP Copolymer,Good,['Hydration'],['Texture Enhancer' 'Film-Forming Agent' 'Polymer'],['Sensory'],[],Paula's Choice
Aminopropyl Triethoxysilane,Good,[],['Texture Enhancer'],['Sensory'],"['Synthetic texture enhancer and surface modifier'
 'Helps improve the aesthetics and performance of other ingredients'
 'Sometimes used in dispersions with film-forming ingredients'
 'Used to crosslink polymers to create gels in water-based solution']",Paula's Choice
Aminopropyl Ascorbyl Phosphate,Good,['Anti-Acne' 'Dark Spot Fading'],['Antioxidant'],['Actives'],"['Derivative of l-ascorbic acid (pure vitamin C)Purported to be more stable than l-ascorbic acid'
 'Has antioxidant properties'
 'Mitigates the visible effects of sun damage']",Paula's Choice
Aminomethyl Propanol,Good,[],['pH Adjuster/Stabilizer'],['Utility'],"['Used to adjust and control the p' 'H of a formulation'
 'Enhances the penetration of other skin care ingredients, making them more effective'
 'Often used in exfoliating acid formulations'
 'Also common in hair care products and other forms of skin care like serums and lotions'
 'Considered safe for skin in 2% concentration or less']",Paula's Choice
Aminomethyl Propanediol,Good,[],['pH Adjuster/Stabilizer'],['Utility'],[],Paula's Choice
Amino Esters-1,Good,['Anti-Aging'],['Polymer'],['Sensory'],"['Skin conditioning ingredient'
 'Lab synthesized precursor to non-canonical amino acids'
 'Not commonly used']",Paula's Choice
Aminobutyric Acid,Good,['Hydration'],['Antioxidant' 'Humectant'],['Actives' 'Support'],"['An amino acid' 'Helps promote hydration'
 'Can also promote skin-soothing']",Paula's Choice
Aluminum Stearate,Good,[],['Texture Enhancer' 'pH Adjuster/Stabilizer'],['Utility' 'Sensory'],[],Paula's Choice
Aluminum Starch Octenylsuccinate,Good,['Oil Control'],['Texture Enhancer' 'Absorbent'],['Sensory'],[],Paula's Choice
Aluminum Powder,Good,[],['Coloring Agent/Pigment'],['Sensory'],[],Paula's Choice
Aluminum Magnesium Silicate,Good,['Oil Control'],['Absorbent' 'pH Adjuster/Stabilizer'],['Utility' 'Sensory'],[],Paula's Choice
Aluminum Hydroxide,Good,['Oil Control'],['Texture Enhancer' 'Absorbent'],['Sensory'],"['Found naturally in certain minerals'
 'Opacifying agent, skin protectant, and absorbent'
 'Ruled safe as used in cosmetics' 'Also used as an antacid']",Paula's Choice
Aluminum/Magnesium Hydroxide Stearate,Good,[],['Emulsifier' 'Texture Enhancer'],['Utility' 'Sensory'],"['Aluminum and magnesium hydroxides + stearic acid' 'Texture enhancer'
 'Emulsifier' 'Improves viscosity' 'Used in amounts from 1.5-30%']",Paula's Choice
Aluminum,Good,[],[],[],[],Paula's Choice
Althaea Rosea,Good,['Soothing'],['Plant Extracts' 'Texture Enhancer'],['Support' 'Sensory'],"['Also called mallow' 'Used as a texture enhancer in cosmetics'
 'May have soothing properties']",Paula's Choice
Alteromonas Ferment Extract,Good,['Hydration'],['Plant Extracts' 'Antioxidant'],['Actives' 'Support'],[],Paula's Choice
Allyl Methacrylates Crosspolymer,Good,[],['Film-Forming Agent' 'Texture Enhancer' 'Polymer'],['Sensory'],[],Paula's Choice
Aliphatic Hydrocarbon,Good,['Hydration'],['Emollient' 'Texture Enhancer'],['Support' 'Sensory'],[],Paula's Choice
Algin,Good,['Anti-Aging' 'Hydration' 'Soothing'],['Antioxidant' 'Plant Extracts' 'Emollient'],['Actives' 'Support'],[],Paula's Choice
Albizia Julibrissin Bark Extract,Good,['Anti-Aging'],['Antioxidant' 'Plant Extracts'],['Actives' 'Support'],"['Plant extract derived from the Persian silk tree'
 'Contains antioxidant compounds'
 'Mitigates pro-aging damage from external aggressors'
 'Used in concentrations between 1 and 3%']",Paula's Choice
Alanine,Good,['Anti-Aging' 'Hydration'],['Antioxidant'],['Actives'],"['An amino acid, one of the building blocks for the creation of protein'
 'Occurs naturally in the human body'
 'Significantly impacts skin’s appearance due to its protein-building capabilities'
 'Exhibits calming properties when applied topically']",Paula's Choice
Ahnfeltia Extract,Good,['Soothing'],['Antioxidant' 'Plant Extracts' 'Texture Enhancer'],['Actives' 'Support' 'Sensory'],[],Paula's Choice
Ahnfeltia Concinna Extract,Good,['Soothing' 'Anti-Aging'],['Antioxidant' 'Plant Extracts' 'Texture Enhancer'],['Actives' 'Support' 'Sensory'],[],Paula's Choice
Agrimonia Eupatoria Leaf Extract,Good,[],['Plant Extracts' 'Antioxidant'],['Actives' 'Support'],[],Paula's Choice
Agastache Mexicana Flower/Leaf/Stem Extract,Good,['Anti-Aging'],['Plant Extracts' 'Antioxidant'],['Actives' 'Support'],"['Molecules, May 2014, pages 5,490-5,507Phytochemistry Reviews, April 2014, e'
 'Publication']",Paula's Choice
Agastache Mexicana (Hyssop) Flower/Leaf/Stem Extract,Good,['Anti-Aging'],['Plant Extracts' 'Antioxidant'],['Actives' 'Support'],[],Paula's Choice
Agar,Good,['Hydration'],['Plant Extracts' 'Texture Enhancer' 'Emollient'],['Support' 'Sensory'],"['Natural ingredient that serves as a thickener in skin care'
 'Composed of polysaccharides taken from the cell walls of some algae'
 'Also used in food as a vegan substitute for gelatin'
 'Ruled safe as used in cosmetics']",Paula's Choice
Aesculus Hippocastanum,Good,['Soothing' 'Anti-Aging'],['Antioxidant' 'Plant Extracts'],['Actives' 'Support'],[],Paula's Choice
Adipic Acid/Neopentyl Glycol/Trimellitic Anhydride Copolymer,Good,[],['Texture Enhancer' 'Film-Forming Agent' 'Polymer'],['Sensory'],[],Paula's Choice
Acrylates Copolymer,Good,['Hydration'],['Texture Enhancer' 'Film-Forming Agent' 'Emollient'],['Support' 'Sensory'],"['Commonly used as a film-forming agent in skin care formulations, leaving a soft after feel'
 'Can improve water-resistance' 'May also add thickening properties'
 'Track record of safety backed by the Cosmetics Ingredient Review Expert Panel']",Paula's Choice
Acrylates/Steareth-20 Methacrylate Copolymer,Good,[],['Texture Enhancer' 'Film-Forming Agent' 'Polymer'],['Sensory'],"['A synthetic polymer that blends steareth-20 with one or more forms of methacrylic acid'
 'Used as a thickening agent in skin care and hair care products'
 'Rinses more easily from skin and hair than some other polymers used in cosmetics'
 'Deemed safe as used in skin care and hair care products']",Paula's Choice
Acrylates/Dimethicone Copolymer,Good,[],['Texture Enhancer' 'Film-Forming Agent' 'Polymer'],['Sensory'],[],Paula's Choice
Acrylates/C10-30 Alkyl Acrylate Crosspolymer,Good,[],['Texture Enhancer' 'pH Adjuster/Stabilizer' 'Polymer'],['Utility' 'Sensory'],"['Primarily functions as a polymeric emulsifier'
 'Used to enhance the texture of skin care and hair care products'
 'In its raw form, it is a white powder'
 'Works particularly well in spray-on skin care products'
 'Deemed safe as used in cosmetics']",Paula's Choice
Acrylate,Good,[],['Texture Enhancer' 'Film-Forming Agent' 'pH Adjuster/Stabilizer'],['Utility' 'Sensory'],[],Paula's Choice
Acetyl Tyrosine,Good,['Hydration'],['Texture Enhancer'],['Sensory'],[],Paula's Choice
Acetyl Octapeptide-3,Good,['Anti-Aging' 'Hydration'],['Peptides'],['Actives'],[],Paula's Choice
Acetyl Methionine,Good,['Anti-Aging' 'Hydration'],['Antioxidant' 'Humectant'],['Actives' 'Support'],"['An amino acid, which are fundamental building blocks of all proteins in the body'
 'Helps protect skin from environmental aggressors'
 'Helps skin retain moisture' 'A derivative of methionine']",Paula's Choice
Acetyl Glyceryl Ricinoleate,Good,['Hydration'],['Texture Enhancer' 'Emollient'],['Support' 'Sensory'],[],Paula's Choice
Acetyl Glutamine,Good,['Hydration'],['Humectant'],['Support'],"['Derivative of glutamine, the most abundant amino acid in the body'
 'Classified as a skin-conditioning agent with research backing its ability to enhance moisture retention'
 'Proven to improve skin’s barrier'
 'May help extends skin’s healthspan as it supports related pathways (more research is needed)']",Paula's Choice
Acetylated Palm Kernel Glycerides,Good,['Hydration'],['Emollient' 'Texture Enhancer'],['Support' 'Sensory'],[],Paula's Choice
Acetylated Lanolin Alcohol,Good,['Hydration'],['Emollient' 'Occlusive/Opacifying Agent'],['Support'],"['An ester of lanolin' 'Serves as an emollient and thickener'
 'Helps promote skin hydration' 'Discourages water loss']",Paula's Choice
Acetylated Lanolin,Good,['Hydration'],['Emollient' 'Occlusive/Opacifying Agent'],['Support'],[],Paula's Choice
Acetylated Hydrogenated Cottonseed Glyceride,Good,['Hydration'],['Texture Enhancer' 'Occlusive/Opacifying Agent'],['Support' 'Sensory'],[],Paula's Choice
Acetylated Castor Oil,Good,['Hydration'],['Texture Enhancer' 'Emollient' 'Occlusive/Opacifying Agent'],['Support' 'Sensory'],"['Derived from castor oil' 'An occlusive emollient' 'Prevents water loss'
 'Also serves as a thickening agent']",Paula's Choice
Acetylarginyltryptophyl Diphenylglycine,Good,['Anti-Aging' 'Soothing'],['Peptides'],['Actives'],"['Synthetically produced  cell-communicating tetrapeptide'
 'Promotes youthful skin by visibly restoring  firmness and curbing sagginess'
 'Created through the reaction of acetic acid, arginine, phenylglycine and tryptophan'
 'Sold as Relistase® when combined with glycerin']",Paula's Choice
Acer Saccharum Extract,Good,['Anti-Aging'],['Antioxidant' 'Plant Extracts'],['Actives' 'Support'],"['Plant extract noted in research for its antioxidant compounds'
 'May also be used for skin-conditioning properties'
 'Despite claims, this ingredient does not work like an AHA exfoliant'
 'Comes from the bark and sap of the sugar maple tree (native to North America)']",Paula's Choice
Acacia Seyal Gum Extract,Good,['Anti-Aging' 'Soothing'],['Antioxidant' 'Plant Extracts' 'Texture Enhancer'],['Actives' 'Support' 'Sensory'],"['Type of polysaccharide' 'Used as a thickener'
 'Has antioxidant and soothing benefits' 'Also called gum arabic']",Paula's Choice
Acacia Senegal Gum,Good,['Soothing'],['Texture Enhancer' 'Emulsifier'],['Utility' 'Sensory'],[],Paula's Choice
4-T-Butylcyclohexanol,Good,[],['Emollient'],['Support'],"['A synthetic fatty alcohol (the non-irritating kind)Functions as an emollient and skin-soothing agent'
 'Can reduce surface stinging on contact'
 'Capable of visibly diminishing redness on skin']",Paula's Choice
"2,3-Butanediol",Good,['Hydration'],['Humectant' 'Solvent' 'Suspending/Dispersing Agent'],['Support' 'Utility' 'Sensory'],"['Primarily a humectant of either natural or synthetic origin'
 'Helps stabilize formulas and keep key ingredients suspended'
 'Also works as a solvent' 'Similar to butylene glycol']",Paula's Choice
10-Hydroxydecanoic Acid,Good,['Hydration'],['Emollient' 'Occlusive/Opacifying Agent'],['Support'],[],Paula's Choice
"1, 2-Hexanediol",Good,['Hydration'],['Preservative' 'Humectant' 'Solvent' 'Texture Enhancer'],['Support' 'Utility' 'Sensory'],"['Synthetic multi-tasking ingredient'
 'Works as a preservative, solvent, humectant, and texture enhancer'
 'Active against bacteria, not molds or fungi'
 'Considered non-sensitizing in amounts used in cosmetics']",Paula's Choice
Hydrolyzed Opuntia Ficus-Indica Flower Extract,Best,['Anti-Aging' 'Soothing' 'Smooths Bumpy Skin'],['Antioxidant' 'Plant Extracts'],['Actives' 'Support'],"['Considered an excellent soothing ingredient'
 'Very good source of antioxidants'
 'Helps refine skin texture for improved smoothness'
 'Also known as prickly pear and barbary fig']",Paula's Choice
Zinc PCA,Best,['Hydration'],['Humectant'],['Support'],"['Derived from zinc'
 ""Contradictory research demonstrating it's ability to help acne-prone skin""
 'Has anti-aging benefits']",Paula's Choice
Zinc Oxide,Best,['Anti-Aging' 'Soothing' 'Oil Control'],['UV Filters' 'Occlusive/Opacifying Agent' 'Absorbent'],['Actives' 'Support' 'Sensory'],"['Broad spectrum mineral UV filter'
 'Proven gentle enough for sensitive skin'
 'Serves multiple functions in cosmetics']",Paula's Choice
Zinc,Best,['Soothing' 'Anti-Aging'],['Antioxidant'],['Actives'],"['Essential nutrient for humans' 'Found naturally in many foods'
 'Well known for its soothing properties' 'Component of zinc oxide']",Paula's Choice
Zerumbone,Best,['Anti-Aging' 'Evens Skin Tone' 'Soothing'],['Antioxidant' 'Plant Extracts'],['Actives' 'Support'],"['Extracted from the stems of fully grown wild ginger'
 'Shown to visibly reduce multiple types of dark circles'
 'Soothing action calms skin and reduces the look of puffy eyes'
 'Potent antioxidant qualities help protect skin from UV light']",Paula's Choice
Zea Mays (Corn) Oil,Best,['Hydration'],['Emollient' 'Plant Extracts'],['Support'],[],Paula's Choice
Yerba Mate Extract,Best,['Anti-Aging' 'Soothing'],['Antioxidant' 'Plant Extracts'],['Actives' 'Support'],[],Paula's Choice
Yeast Extract,Best,['Anti-Aging' 'Hydration' 'Soothing'],['Antioxidant'],['Actives'],"['Most often used type in skin care is from Saccharomyces cerevisiae'
 'Rich source of antioxidant compounds known as flavonoids'
 'Soothing properties proven to relieve skin surface discomfort'
 'Supports the interruption of excess melanin synthesis']",Paula's Choice
Xylitol,Best,['Hydration' 'Soothing'],['Humectant' 'Texture Enhancer' 'Prebiotic/Probiotic/Postbiotic'],['Actives' 'Support' 'Sensory'],"['A sugar that may be plant-derived or lab-made'
 'Has prebiotic ability that helps skin stay healthy'
 'Attracts and binds moisture without a greasy feel'
 'Approved for use in foods and is safe for skin']",Paula's Choice
Xanthophylls,Best,['Anti-Aging' 'Soothing'],['Antioxidant' 'Plant Extracts' 'Occlusive/Opacifying Agent'],['Actives' 'Support'],"['Carotenoid pigments derived from plants, algae and fish'
 'Deliver powerful antioxidant properties to offset environmental stressors'
 'Improve various aspects of skin health, while mitigating visible signs of aging'
 'Believed to intercept and neutralize the damaging molecules blue light exposure triggers']",Paula's Choice
Xanthophyll,Best,['Anti-Aging' 'Soothing'],['Antioxidant' 'Plant Extracts' 'Occlusive/Opacifying Agent'],['Actives' 'Support'],"['Carotenoid pigments that exhibit yellow or brown colorings'
 'Functions as an antioxidant when used in skin care and cosmetics'
 'Derived from plants, algae and fish'
 'Helps defend skin against pro-aging, pro-damaging external aggressors, like UV rays and blue light']",Paula's Choice
Withania Somnifera Root Extract,Best,['Anti-Aging'],['Antioxidant' 'Plant Extracts'],['Actives' 'Support'],"['Plant extract that is also known as ashwagandha'
 'Compromised of antioxidant compounds that help defend skin from environmental stressors'
 'Can also help mitigate visible signs of aging'
 'Contains skin-beneficial acids: ascorbic, caffeic, and ferulic']",Paula's Choice
Willow Herb,Best,['Soothing' 'Anti-Aging'],['Antioxidant' 'Plant Extracts'],['Actives' 'Support'],[],Paula's Choice
Willow Bark,Best,['Soothing' 'Anti-Acne' 'Anti-Aging'],['Plant Extracts' 'Antioxidant'],['Actives' 'Support'],"['Plant extract with proven skin-soothing, antioxidant benefits\u202fContains beneficial compounds of salicin, polyphenols, and flavonoids\u202fCan play a supportive role with salicylic acid for blemish-prone skin\u202fAlso known as Salix alba or Salix nigra']",Paula's Choice
White Tea Leaf Extract,Best,['Anti-Aging' 'Soothing'],['Antioxidant' 'Plant Extracts'],['Actives' 'Support'],[],Paula's Choice
Vitis Vinifera (Grape) Seed Oil,Best,['Anti-Aging' 'Hydration'],['Antioxidant' 'Emollient' 'Plant Extracts'],['Actives' 'Support'],"['An emollient, non-fragrant plant oil'
 'Offers strong antioxidant properties'
 'Has a thinner texture and less greasy feel'
 'Derived from the seeds of grapes']",Paula's Choice
Vitis Vinifera (Grape) Seed Extract,Best,['Anti-Aging'],['Antioxidant' 'Plant Extracts'],['Actives' 'Support'],"['Contains proanthocyanidins, polyphenols, flavonoids, and anthocyanins, all of which are very potent antioxidants'
 'Helps keep skin youthful by defending against environmental stressors'
 'Has also been shown to have soothing properties'
 'Red grapes contain resveratrol, considered a very effective anti-aging antioxidant']",Paula's Choice
Vitis Vinifera (Grape) Fruit Extract,Best,['Anti-Aging' 'Soothing'],['Antioxidant' 'Plant Extracts'],['Actives' 'Support'],"['Extracted from the fruit of grapes' 'Rich in antioxidants'
 'Has skin conditioning properties' 'Also soothes skin'
 'Found safe as used in cosmetics']",Paula's Choice
Vitis Vinifera,Best,[],['Antioxidant' 'Plant Extracts'],['Actives' 'Support'],[],Paula's Choice
Vitamin F,Best,['Hydration' 'Anti-Aging'],['Antioxidant' 'Emollient'],['Actives' 'Support'],[],Paula's Choice
Vitamin E,Best,['Anti-Aging' 'Soothing' 'Evens Skin Tone'],['Antioxidant'],['Actives'],[],Paula's Choice
Vitamin C,Best,['Anti-Aging' 'Evens Skin Tone' 'Dark Spot Fading'],['Antioxidant'],['Actives'],"['One of the most well-researched antioxidants'
 'Improves the look of multiple signs of aging'
 'Brightens an uneven skin tone' 'Also referred to as ascorbic acid']",Paula's Choice
Vitamin B5,Best,['Anti-Aging' 'Hydration' 'Soothing'],['Antioxidant' 'Humectant'],['Actives' 'Support'],[],Paula's Choice
Vitamin B3,Best,['Anti-Aging' 'Evens Skin Tone' 'Pore Minimizer'],['Antioxidant'],['Actives'],"['Famous for visibly reducing enlarged pores and improving dull, uneven skin tone'
 'Boosts skin’s barrier strength and hydration'
 'Helps mitigate negative effects of environmental stressors'
 'Also known as niacinamide or nicotinamide'
 'Stable in the presence of light (which is unique for an antioxidant)']",Paula's Choice
Vitamin B12,Best,['Anti-Aging' 'Soothing'],['Antioxidant'],['Actives'],"['Antioxidant with benefits for skin barrier'
 'Can help relieve signs of sensitivity'
 'Stable form used in skin care: cyanocobalamin'
 'Naturally occurring forms: adenosylcobalamin and methylcobalamin']",Paula's Choice
Vitamin A,Best,['Anti-Aging' 'Anti-Acne' 'Pore Minimizer'],['Antioxidant'],['Actives'],"['Also known as retinol'
 'Has more than 70 years of research proving its anti-aging abilities'
 'Communicates with skin, telling it how to look and behave younger'
 'Effective at several strengths' 'Is sensitive to light and air exposure']",Paula's Choice
Vaccinum Angustifolium (Blueberry) Fruit Extract,Best,[],['Antioxidant'],['Actives'],"['Excellent source of antioxidants known as polyphenols'
 'Also a good source of vitamin CHelps shield skin from the harmful effects of blue light exposure'
 'Common berry that is as good for your skin as it is for your body'
 'Blueberries are native to North America']",Paula's Choice
Vaccinium Vitis-Idaea Fruit Extract,Best,['Anti-Aging' 'Soothing'],['Antioxidant' 'Plant Extracts'],['Actives' 'Support'],"['Rich in antioxidants that defend skin against environmental stressors'
 'Delivers signficant skin-calming properties'
 'Good source of the beneficial mineral manganese'
 'Also known as lingonberry']",Paula's Choice
Vaccinium Vitis-Idaea (Lingonberry) Fruit Extract,Best,['Anti-Aging' 'Soothing'],['Antioxidant' 'Plant Extracts'],['Actives' 'Support'],"['Rich in antioxidants that defend skin against environmental stressors'
 'Delivers signficant skin-calming properties'
 'Good source of the beneficial mineral manganese'
 'Also known as lingonberry']",Paula's Choice
Vaccinium Myrtillus Seed Oil,Best,['Anti-Aging' 'Hydration' 'Soothing'],['Antioxidant' 'Plant Extracts'],['Actives' 'Support'],"['Oil extracted from the bilberry plant, which is a known source of antioxidants'
 'Rich in soothing omega fatty acids that help strengthen skin’s barrier'
 'Helps seal in moisture, thereby boosting hydration'
 'May be sourced as an “upcycled” byproduct of the food industry']",Paula's Choice
Vaccinium Myrtillus Leaf Extract,Best,['Anti-Aging' 'Soothing'],['Plant Extracts' 'Antioxidant'],['Actives' 'Support'],"['Natural extract that comes from the bilberry plant'
 'Good source of resveratrol and anthocyanins (potent antioxidants that help inhibit photoaging in skin)Provides skin-calming benefits, especially helpful for compromised or sensitized skin\u202fCan be sourced as an “upcycled” byproduct of the food industry']",Paula's Choice
Vaccinium Myrtillus Fruit Extract,Best,['Anti-Aging' 'Soothing'],['Antioxidant' 'Plant Extracts'],['Actives' 'Support'],"['Natural extract that comes from bilberry (a dark berry similar to blueberries)Good source of anthocyanins (potent antioxidants that boost skin’s defense against stressors)Helps visibly minimize the look of wrinkles, dark spots, and other signs of aging'
 'Provides skin-calming benefits, especially helpful for compromised or sensitized skin']",Paula's Choice
Vaccinium Myrtillus,Best,['Anti-Aging' 'Soothing'],['Antioxidant' 'Plant Extracts'],['Actives' 'Support'],"['Also known as bilberry'
 'Source of antioxidant compounds known as anthocyanins'
 'Has calming abilities'
 'Can boost skin’s environmental defenses against UVA light']",Paula's Choice
Vaccinium Macrocarpon Fruit Extract,Best,['Anti-Aging' 'Soothing'],['Antioxidant' 'Plant Extracts'],['Actives' 'Support'],"['Natural extract derived from cranberries'
 'Rich in anti-aging antioxidants'
 'Offers soothing benefits for compromised skin'
 'Reddish liquid in raw material form']",Paula's Choice
Vaccinium Macrocarpon (Cranberry) Seed Oil,Best,['Anti-Aging' 'Hydration' 'Soothing'],['Plant Extracts' 'Emollient' 'Antioxidant'],['Actives' 'Support'],"['Soothing, fragrance-free plant oil' 'Rich in skin-nourishing omegas'
 'Contains vitamin E antioxidants' 'Softens skin and improves hydration']",Paula's Choice
Vaccinium Angustifolium (Blueberry) Fruit Extract,Best,['Anti-Aging'],['Antioxidant'],['Actives'],"['Common berry that is as good for your skin as it is for your body'
 'Excellent source of antioxidants known as polyphenols'
 'Helps shield skin from the harmful effects of blue light exposure'
 'Blueberries are native to North America']",Paula's Choice
Urolithin A,Best,['Anti-Aging' 'Hydration' 'Soothing'],['Antioxidant'],['Actives'],"['Naturally produced inside the gut' 'Byproduct of ellagic acid digestion'
 'Has antioxidant properties' 'Helps prevent cell senescence']",Paula's Choice
Urea,Best,['Hydration' 'Smooths Bumpy Skin' 'Evens Skin Tone'],['Humectant' 'Exfoliant' 'pH Adjuster/Stabilizer'],['Actives' 'Support' 'Utility'],"['Humectant found in skin’s Natural Moisturizing Factor'
 'Significantly improves signs of dry to very dry, scaly skin'
 'Amounts above 5% have mild to significant exfoliating properties'
 'Higher amounts can present aesthetic and odor issues'
 'Synthetic versions used in cosmetics']",Paula's Choice
Undaria Pinnatifida (Algae) Extract,Best,['Anti-Aging' 'Soothing'],['Antioxidant' 'Plant Extracts' 'Texture Enhancer'],['Actives' 'Support' 'Sensory'],[],Paula's Choice
Ubiquinone,Best,['Anti-Aging' 'Soothing'],['Antioxidant'],['Actives'],"['Also known as coenzyme Q10 or Co' 'Q10Occurs naturally in the body'
 'Has antioxidant, skin-soothing, and anti-aging properties'
 'Can impart a yellow color to skin care products']",Paula's Choice
Turmeric,Best,['Anti-Aging' 'Soothing' 'Evens Skin Tone'],['Antioxidant'],['Actives'],"['A spice derived from Curcuma longa roots'
 'Contains curcumin, a lipophilic, polyphenolic antioxidant pigment'
 'Helps calm skin' 'May help reducw the look of blemish-related redness']",Paula's Choice
Troxerutin,Best,['Anti-Aging'],['Antioxidant' 'Plant Extracts'],['Actives' 'Support'],"['Flavonoid ingredient' 'Extract from the Sophora japonica plant'
 'Functions as an antioxidant']",Paula's Choice
Tripeptide-29,Best,['Anti-Aging'],['Peptides'],['Actives'],"['Peptide consisting of amino acids glycine, proline + amino acid derivative hydroxyproline'
 'Shown to strengthen skin’s supportive elements'
 'Helps improve uneven texture, the look of fine lines, and reverse a dehydrated appearance'
 'Small size allows it to penetrate skin’s upper layers more easily']",Paula's Choice
Tripeptide-1,Best,['Anti-Aging'],['Peptides'],['Actives'],[],Paula's Choice
Triolein,Best,['Hydration'],['Emollient'],['Support'],"['Triglyceride derived from glycerin and three units of oleic acid'
 'Used as a skin protectant, conditioning agent, and emollient'
 'Exhibits many characteristics of oleic acid'
 'Can have anti-inflammatory benefits + help reduce oxidative stress'
 'Ruled safe as used in cosmetics']",Paula's Choice
Trimethylsiloxyamodimethicone,Best,['Hydration'],['Silicone' 'Polymer' 'Texture Enhancer'],['Sensory'],[],Paula's Choice
Trifolium Pratense (Clover) Extract,Best,['Anti-Aging' 'Soothing'],['Plant Extracts' 'Antioxidant'],['Actives' 'Support'],[],Paula's Choice
Trifolium Pratense,Best,['Anti-Aging' 'Soothing'],['Plant Extracts' 'Antioxidant'],['Actives' 'Support'],[],Paula's Choice
Triethyl Citrate,Best,['Oil Control'],['Solvent' 'Suspending/Dispersing Agent' 'Texture Enhancer'],['Utility' 'Sensory'],"['Solvent and texture-enhancing agent'
 'Studied in conjunction with ethyl linoleate + actives where it was shown to improve efficacy'
 'Positively effects pores and keratolytic activity (suitable for blemish-prone skin)May also be used to enhance the dispersion of UV filters in sunscreen'
 'Used by some deodorant manufacturer to inhibit components of sweat']",Paula's Choice
Tridecapeptide-1,Best,['Anti-Aging' 'Hydration'],['Peptides'],['Actives'],"['Helps improve the appearance of wrinkles'
 'Can also visibly improve rough texture'
 'Has benefits immediately and over time']",Paula's Choice
Tremella Fuciformis Sporocarp Extract,Best,['Anti-Aging' 'Soothing' 'Hydration'],['Antioxidant' 'Plant Extracts'],['Actives' 'Support'],[],Paula's Choice
Tranexamic Acid,Best,['Dark Spot Fading' 'Evens Skin Tone' 'Anti-Aging'],['Humectant'],['Support'],"['Disrupts pathways that cause uneven tone'
 'Beneficial for reducing dark spots and brown/gray patches'
 'May also help reduce skin redness'
 'Rivals the results of over-the-counter concentrations of hydroquinone'
 'Works most effectively in formulas with oil-soluble ingredients designed to improve its penetration into skin']",Paula's Choice
Tocotrienols,Best,['Anti-Aging' 'Evens Skin Tone' 'Soothing'],['Antioxidant'],['Actives'],"['Potent, stable forms of vitamin EConsidered powerful antioxidants'
 'Known to offer skin-conditioning + soothing benefits'
 'Can help mitigate the unwanted effects of sun exposure'
 'May be naturally or synthetically derived as a cosmetic ingredient']",Paula's Choice
Tocopheryl Succinate,Best,['Anti-Acne'],['Antioxidant'],['Actives'],"['Succinic acid ester of vitamin EHelps protect skin from environmental damage'
 'Ruled safe as used in cosmetics'
 'Usage amounts range from 0.00001-0.038%']",Paula's Choice
Tocopheryl Linoleate,Best,['Anti-Aging' 'Hydration' 'Soothing'],['Antioxidant' 'Emollient'],['Actives' 'Support'],"['Form of vitamin E (technically, the ester of tocopherol and linoleic acid)Skin-conditioning agent (moisturizing) and antioxidant (anti-aging)Works well to mitigate the negative impact environmental stressors have on skin'
 'Deemed safe by the Cosmetic Ingredient Review Expert Panel']",Paula's Choice
Tocopheryl Lineolate,Best,['Anti-Aging' 'Hydration' 'Soothing'],['Antioxidant' 'Emollient'],['Actives' 'Support'],[],Paula's Choice
Tocopheryl Acetate,Best,['Anti-Aging' 'Soothing'],['Antioxidant'],['Actives'],"['Also referred to as tocopherol acetate'
 'One of many forms of vitamin EOffers anti-aging benefits due to its antioxidant properties'
 'Typical usage range hovers between 0.1–0.5%']",Paula's Choice
Tocopherol Acetate,Best,['Anti-Aging' 'Soothing'],['Antioxidant'],['Actives'],"['One of many forms of vitamin EOffers significant antioxidant benefits'
 'Defends skin from pollutants and other environmental stressors'
 'Deemed safe as used in cosmetics']",Paula's Choice
Tocopherol,Best,['Anti-Aging' 'Evens Skin Tone' 'Soothing'],['Antioxidant'],['Actives'],"['The name of one of four forms of vitamin ETocopherols can be either naturally occurring or synthetically derived'
 'Offers significant antioxidant properties, including defense from pollution'
 'Works as a supporting ingredient to help stabilize vitamin C']",Paula's Choice
Titanium Dioxide,Best,['Anti-Aging'],['UV Filters' 'Coloring Agent/Pigment' 'Occlusive/Opacifying Agent'],['Actives' 'Support' 'Sensory'],"['Used as a pigment and sunscreen ingredient'
 'Protects against both UVA and UVB rays'
 'Gentle enough even for sensitive skin'
 'Deemed safe as used in cosmetics products']",Paula's Choice
Tilia Cordata Extract,Best,['Anti-Aging'],['Antioxidant' 'Plant Extracts'],['Actives' 'Support'],[],Paula's Choice
Tilia Cordata,Best,['Anti-Aging'],['Antioxidant' 'Plant Extracts'],['Actives' 'Support'],[],Paula's Choice
Thioctic Acid,Best,['Anti-Aging'],['Antioxidant'],['Actives'],"['AKA alpha lipoic acid' 'An enzyme that offers antioxidant properties'
 'Both water-soluble and oil-soluble' 'Can help defend skin from damage']",Paula's Choice
Thermus Thermophillus Ferment,Best,['Anti-Aging'],['Antioxidant'],['Actives'],"['Result from the fermentation of Thermus thermophilus'
 'Can help protect skin’s support structure'
 'Has antioxidant and anti-pollution benefits'
 'A very good source of alpha-galactosidase']",Paula's Choice
Theobroma Grandiflorum Seed Butter,Best,['Anti-Aging' 'Hydration'],['Antioxidant' 'Emollient' 'Plant Extracts'],['Actives' 'Support'],"['Also called cupuacu seed butter'
 'Well known for its emollient properties'
 'Contains fatty acids oleic and linoleic acid'
 'Some research suggest it could mitigate UVB damage'
 'Ruled safe as used in cosmetics']",Paula's Choice
Theobroma Cacao (Cocoa) Seed Butter,Best,['Hydration' 'Anti-Aging' 'Soothing'],['Emollient' 'Plant Extracts' 'Antioxidant'],['Actives' 'Support'],"['Emollient lipid extracted from cocoa beans'
 'Moisturizes & soothes dry, sensitive skin'
 'Rich in fatty acids & antioxidants that support skin health'
 'Ineffective for stretch marks, despite common claims'
 'Solid at room temperature but melts on contact with the skin']",Paula's Choice
Theanine,Best,['Hydration' 'Soothing'],['Emollient' 'Humectant' 'Antioxidant'],['Actives' 'Support'],"['Amino acid found primarily in green tea'
 'Proven antioxidant and soothing benefits'
 'Helps attract and hold water throughout skin’s uppermost layers'
 'Also used as a flavor enhancer in foods and beverages']",Paula's Choice
Tetrapeptide-30,Best,['Anti-Acne' 'Dark Spot Fading' 'Soothing'],['Peptides'],['Actives'],"['Peptide composed of amino acids proline, glutamic acid, and lysine'
 'Helps interrupt pathways that lead to skin discolorations'
 'Has soothing properties' 'Can revitalize a dull skin tone']",Paula's Choice
Tetrahydromethoxycurcumin,Best,['Anti-Aging' 'Soothing'],['Antioxidant' 'Plant Extracts'],['Actives' 'Support'],[],Paula's Choice
Tetrahydrodiferuloylmethane,Best,['Anti-Aging' 'Soothing'],['Antioxidant' 'Plant Extracts'],['Actives' 'Support'],"['Occurs naturally in the root of the turmeric plant'
 'Native to India and has a long history of use in Ayurvedic medicine'
 'A synthetic form is used in skin care due to the natural ingredient’s strong yellow color'
 'Offers potent antioxidant and skin-soothing benefits'
 'Research shows it fades discolorations for a more even skin tone']",Paula's Choice
Tetrahydrodemethoxydiferuloylmethane,Best,['Anti-Aging' 'Soothing'],['Antioxidant' 'Plant Extracts'],['Actives' 'Support'],"['Occurs naturally in the root of the turmeric plant'
 'Native to India and has a long history of use in Ayurvedic medicine'
 'A synthetic form is used in skin care due to the natural ingredient’s strong yellow color'
 'Offers potent antioxidant and skin-soothing benefits'
 'Research shows it fades the look of discolorations for a more even skin tone']",Paula's Choice
Tetrahydrodemethoxycurcumin,Best,['Anti-Aging' 'Soothing'],['Antioxidant' 'Plant Extracts'],['Actives' 'Support'],[],Paula's Choice
Tetrahydrobisdemethoxydiferuloylmethane,Best,[],['Antioxidant'],['Actives'],"['Occurs naturally in the root of the turmeric plant'
 'Native to India and has a long history of use in Ayurvedic medicine'
 'A synthetic form is used in skin care due to the natural ingredient’s strong yellow color'
 'Offers potent antioxidant and skin-soothing benefits'
 'Research shows it visibly fades discolorations for a more even skin tone']",Paula's Choice
Tetrahydrobisdemethoxycurcumin,Best,['Anti-Aging' 'Soothing'],['Antioxidant' 'Plant Extracts'],['Actives' 'Support'],[],Paula's Choice
Tetrahexyldecyl Ascorbate,Best,['Anti-Aging' 'Evens Skin Tone' 'Dark Spot Fading'],['Antioxidant'],['Actives'],"['Oil-soluble, more stable form of vitamin CCan help preserve’s skin collagen'
 'Antioxidant helps fight damaging free radicals']",Paula's Choice
Tetradecyl Aminobutyroylvalylaminobutyric Urea Acetate,Best,['Anti-Aging'],['Peptides'],['Actives'],"['Synthetic peptide helps improve skin’s hyaluronic acid content'
 'Helps maintain surface hydration and smoothness'
 'Contributes to a firmer look and feel'
 'Not shown to improve wrinkle depth better than placebo']",Paula's Choice
Terminalia Ferdinandiana (Kakadu Plum) Extract,Best,['Anti-Aging' 'Evens Skin Tone' 'Soothing'],['Antioxidant' 'Plant Extracts'],['Actives' 'Support'],"['Extract from an Australia-native plant, commonly known as kakadu plum'
 'Concentrated in anti-aging antioxidants, including vitamin CHigh ORAC rating indicates strong skin defense against environmental stressors'
 'Shows potential for collagen preservation'
 'Should be packaged to in way that restricts air and light exposure as much as possible']",Paula's Choice
Terminalia Chebula Fruit Extract,Best,['Anti-Aging' 'Soothing'],['Antioxidant' 'Plant Extracts'],['Actives' 'Support'],"['Ayurvedic plant native to South Asia'
 'Has a protective effect on skin exposed to daylight'
 'Rich source of phenolic compounds with antioxidant activity'
 'Defends against different types of free radicals']",Paula's Choice
Terephthalylidene Dicamphor Sulfonic Acid,Best,['Anti-Aging'],['UV Filters'],['Actives'],[],Paula's Choice
Teprenone,Best,['Anti-Aging' 'Soothing'],['Antioxidant'],['Actives'],"['Has antioxidant properties' 'Also an anti-inflammatory agent'
 'Can inhibit melanin synthesis' 'Also called geranylgeranylacetone']",Paula's Choice
Taurine,Best,['Anti-Aging'],['Antioxidant'],['Actives'],"['Amino acid found naturally in skin'
 'Helps the body maintain homeostasis'
 'Taurine loss over time contributes to signs of aging'
 'Topical application can help improve wrinkle + restore skin’s moisture barrier']",Paula's Choice
Tartaric Acid,Best,['Smooths Bumpy Skin' 'Evens Skin Tone' 'Anti-Aging'],['Exfoliant' 'pH Adjuster/Stabilizer'],['Actives' 'Utility'],"['Is an alpha hydroxy acid (AHA)Is one of the chief acids in wine'
 'Has antioxidant properties' 'Helps maintain the p'
 'H that other AHAs need to act as exfoliants'
 'Is safe as used in cosmetics']",Paula's Choice
Tannic Acid,Best,['Anti-Aging'],['Antioxidant'],['Actives'],[],Paula's Choice
SYN-TC,Best,['Anti-Aging'],['Peptides'],['Actives'],"['Synthetic blend of three peptides'
 'Helps support collagen quality and maintenance'
 'Daily usage shown to result in plumper, firmer-feeling, more elastic skin'
 'Visible results in 28 days at a usage level of 2.5%']",Paula's Choice
Sweet Almond Oil,Best,['Hydration' 'Anti-Aging' 'Soothing'],['Emollient' 'Plant Extracts' 'Antioxidant'],['Actives' 'Support'],[],Paula's Choice
Superoxide Dismutase,Best,['Anti-Aging' 'Hydration'],['Antioxidant' 'Humectant'],['Actives' 'Support'],"['Enzyme found in the cells of living organisms'
 'Breaks down potentially harmful oxygen molecules, making it a potent antioxidant'
 'Has calming properties for skin'
 'Some forms show promise in defending skin from UV damage']",Paula's Choice
Sunflower Seed Oil,Best,['Hydration' 'Anti-Aging'],['Emollient' 'Plant Extracts' 'Antioxidant'],['Actives' 'Support'],"['A non-volatile, non-fragrant plant oil derived from sunflower seeds'
 'Used as an emollient in cosmetics'
 'Due to its high linoleic acid content, it can help replenish, strengthen and soothe skin'
 'Great at reducing signs of skin stress or irritation']",Paula's Choice
Stellaria Media Extract,Best,['Anti-Aging' 'Soothing'],['Antioxidant' 'Plant Extracts'],['Actives' 'Support'],"['Herb-derived skin care ingredient'
 'Offers skin-soothing and antioxidant benefits'
 'Suitable for compromised skin.Noteworthy bioactive compounds include ferulic acid, vitamin C, and genistein']",Paula's Choice
Stearyl Glycyrrhetinate,Best,['Soothing' 'Anti-Aging' 'Evens Skin Tone'],['Plant Extracts' 'Antioxidant'],['Actives' 'Support'],"['Derivative of licorice root' 'Delivers skin-soothing properties'
 'Functions as an antioxidant'
 'Can be found in skin care and hair care formulations, as well as makeup products'
 'Lends mattifying aesthetics and is sometimes used as a flavoring agent']",Paula's Choice
Squalene,Best,['Hydration' 'Anti-Aging'],['Emollient' 'Antioxidant'],['Actives' 'Support'],[],Paula's Choice
Squalane,Best,['Hydration' 'Anti-Aging'],['Emollient' 'Antioxidant'],['Actives' 'Support'],"['Helps prevent moisture loss' 'Restores suppleness to skin'
 'Helps strengthen skin’s barrier' 'Lightweight and non-greasy']",Paula's Choice
Spiraea Ulmaria Extract,Best,['Anti-Aging' 'Soothing' 'Oil Control'],['Antioxidant' 'Plant Extracts'],['Actives' 'Support'],"['Calms factors in skin that would otherwise lead to signs of irritation'
 'Helps reduce sensitivity-related redness'
 'Potential to inhibit an oil-triggering enzyme in skin'
 'Antioxidants, flavonoids and phenolic acids in meadowsweet are believed to be the key contributors of this ingredient’s benefits'
 'Contrary to claims on the internet, this is not a natural exfoliating alternative to salicylic acid']",Paula's Choice
Spinacia Oleracea Leaf Extract,Best,['Anti-Aging' 'Soothing'],['Antioxidant' 'Plant Extracts'],['Actives' 'Support'],"['Antioxidant-rich plant extract derived from spinach'
 'Delivers anti-aging and soothing properties'
 'May also help visibly decrease the appearance of skin discolorations'
 'Avoid jar packaging as it allows this extract’s beneficial compounds to deteriorate prematurely']",Paula's Choice
Sphingolipids,Best,['Hydration' 'Anti-Aging' 'Soothing'],['Emollient'],['Support'],"['Long chain skin-replenishing + conditioning lipids'
 'Help skin make more ceramides' 'Prevent water loss']",Paula's Choice
Soy Oil,Best,['Anti-Aging' 'Hydration'],['Emollient' 'Antioxidant' 'Plant Extracts'],['Actives' 'Support'],[],Paula's Choice
Soy Isoflavones,Best,['Soothing' 'Anti-Aging' 'Evens Skin Tone'],['Antioxidant' 'Plant Extracts'],['Actives' 'Support'],"['Specific compounds derived from the soybean plant that offer numerous benefits for skin'
 'Help safely counteract the visible changes skin goes through when estrogen decreases'
 'Positively impact the look of skin’s elasticity, texture, tone, density, and resilience'
 'Aids hydration plus neutralizes negative effects of environmental stressors'
 'May also be referred to as phytoestrogens']",Paula's Choice
Soy Extract,Best,['Anti-Aging' 'Soothing' 'Evens Skin Tone'],['Antioxidant' 'Plant Extracts'],['Actives' 'Support'],"['Natural, plant-based extract derived from soybeans'
 'Has potent antioxidant properties' 'Also soothes skin'
 'Can improve the look of an uneven tone']",Paula's Choice
Sorbitol,Best,['Hydration'],['Humectant' 'Texture Enhancer'],['Support' 'Sensory'],"['Type of sugar that attracts and holds moisture to skin'
 'Helps stabilize and improve texture of gel formulas'
 'Can keep clear formulas from becoming cloudy'
 'Naturally sweet taste is sometimes used to flavor lip products']",Paula's Choice
Soothing Skin Care & Ingredients,,[],[],[],[],Paula's Choice
Sodium PCA,Best,['Hydration' 'Soothing'],['Humectant'],['Support'],"['Related to amino acids' 'Helps skin’s upper layers retain moisture'
 'Staple ingredient in many moisturizing products'
 'Considered safe as used in cosmetic']",Paula's Choice
Sodium Lauroyl Oat Amino Acids,Best,['Hydration' 'Soothing'],['Cleansing Agent'],['Utility'],[],Paula's Choice
Sodium Hyaluronate Crosspolymer,Best,['Hydration' 'Anti-Aging' 'Soothing'],['Humectant' 'Antioxidant' 'Polymer'],['Actives' 'Support' 'Sensory'],[],Paula's Choice
Sodium Hyaluronate,Best,['Hydration' 'Anti-Aging' 'Soothing'],['Humectant' 'Antioxidant'],['Actives' 'Support'],"['Salt form of hyaluronic acid' 'Excellent skin-replenishing ingredient'
 'More readily absorbed into skin than hyaluronic acid']",Paula's Choice
Sodium Chondroitin Sulfate,Best,['Hydration'],['Humectant'],['Support'],[],Paula's Choice
Sodium Ascorbyl Phosphate,Best,['Anti-Aging' 'Evens Skin Tone' 'Dark Spot Fading'],['Antioxidant'],['Actives'],"['Stable, water-soluble derivative of vitamin CHelps improves signs of aging'
 'Also helps visibly improve the look of dark spots'
 'Enzymes in skin convert this ingredient to pure vitamin CDoesn’t require a low p'
 'H range to be effective'
 'Works well with other forms of vitamin C and vitamin E']",Paula's Choice
Sodium Ascorbate,Best,['Anti-Aging' 'Evens Skin Tone' 'Dark Spot Fading'],['Antioxidant'],['Actives'],[],Paula's Choice
Sodium Acetylated Hyaluronate,Best,['Hydration' 'Anti-Aging'],['Humectant' 'Antioxidant'],['Actives' 'Support'],"['A derivative of hyaluronic acid'
 'Acetyl groups increase bioavailability and stability'
 'Hydrates and helps to protect skin from environmental damage'
 'Included in cosmetics in percentages between 0.002 and 0.1%']",Paula's Choice
Snail Secretion Filtrate,Best,['Anti-Aging'],['Antioxidant' 'Peptides'],['Actives'],"['Also known as snail mucin' 'Filtered form of the secretion from snails'
 'Contains elastin, collagen, glycolic acid, allantoin, and peptides'
 'Fights multiple visible signs of aging'
 'Usage levels usually between 2–5%']",Paula's Choice
Skin-Restoring Ingredients,,[],[],[],[],Paula's Choice
Skin-Replenishing Ingredients,Best,['Hydration' 'Anti-Aging'],['Humectant' 'Emollient'],['Support'],[],Paula's Choice
Skin Conditioning Ingredients,Best,['Hydration'],['Emollient' 'Humectant' 'Occlusive/Opacifying Agent'],['Support'],"['Have emollient, humectant, and occlusive properties'
 'Include a wide range of ingredients, including silicones & glycerin'
 'Leave skin looking plumped and smooth'
 'Help alleviate dryness + rough, flaky texture']",Paula's Choice
Simmondsia Chinensis (Jojoba) Seed Oil,Best,['Hydration' 'Anti-Aging' 'Soothing'],['Antioxidant' 'Emollient' 'Plant Extracts'],['Actives' 'Support'],"['Non-fragrant emollient'
 'Has been shown to enhance skin’s restorative properties'
 'Provides topical skin-soothing benefits'
 'Rich source of numerous fatty acids and antioxidants']",Paula's Choice
Simmondsia Chinensis (Jojoba) Butter,Best,['Hydration'],['Emollient' 'Plant Extracts'],['Support'],[],Paula's Choice
Simmondsia Chinensis,Best,['Hydration' 'Anti-Aging' 'Soothing'],['Emollient' 'Plant Extracts' 'Antioxidant'],['Actives' 'Support'],[],Paula's Choice
Silybum Marianum Seed Oil,Best,['Anti-Aging' 'Soothing' 'Dark Spot Fading'],['Emollient' 'Antioxidant' 'Plant Extracts'],['Actives' 'Support'],"['Naturally derived oil from the milk thistle plant'
 'Provides soothing, reparative benefits when applied to skin'
 'Can help inhibit destructive enzymes that would otherwise lead to visibly aged skin'
 'May also help fade discoloration from sun exposure']",Paula's Choice
Silybum Marianum Fruit Extract,Best,['Anti-Aging' 'Dark Spot Fading' 'Soothing'],['Antioxidant' 'Plant Extracts'],['Actives' 'Support'],[],Paula's Choice
Silybum Marianum Extract,Best,['Anti-Aging' 'Dark Spot Fading' 'Soothing'],['Antioxidant' 'Plant Extracts'],['Actives' 'Support'],"['Has pronounced antioxidant and soothing benefits'
 'Contains a flavanolignan chemical known as silymarin'
 'Might help prevent dark spots']",Paula's Choice
Silver Tip White Tea Leaf Extract,Best,['Anti-Aging' 'Soothing'],['Antioxidant' 'Plant Extracts'],['Actives' 'Support'],[],Paula's Choice
Sh-Polypeptide-121,Best,['Anti-Aging' 'Soothing'],['Peptides'],['Actives'],"['Helps improve the look of wrinkles' 'Aids in boosting skin’s resilience'
 'Soothing properties' 'Excellent synergy with vitamin C']",Paula's Choice
Shea Butter,Best,['Anti-Aging' 'Hydration' 'Soothing'],['Antioxidant' 'Plant Extracts' 'Emollient'],['Actives' 'Support'],"['Used as an emollient in skin care'
 'Contains potent anti-aging antioxidants' 'Helps improve dry skin']",Paula's Choice
Sesamum Indicum (Sesame) Seed Oil,Best,['Anti-Aging' 'Hydration'],['Emollient' 'Antioxidant' 'Plant Extracts'],['Actives' 'Support'],[],Paula's Choice
Sesamum Indicum (Sesame) Seed Extract,Best,['Anti-Aging'],['Antioxidant' 'Plant Extracts'],['Actives' 'Support'],"['Antioxidant-rich extract derived from sesame seeds'
 'Supports a healthier skin barrier via its fatty acid content'
 'Noted for skin-conditioning and soothing properties'
 'Found in a wide variety of beauty/personal care products']",Paula's Choice
Sesame Oil,Best,['Hydration' 'Anti-Aging'],['Emollient' 'Antioxidant' 'Plant Extracts'],['Actives' 'Support'],[],Paula's Choice
Selenium,Best,['Anti-Aging'],['Antioxidant'],['Actives'],[],Paula's Choice
Sea Whip Extract,Best,['Soothing'],['Plant Extracts'],['Support'],"['Powerful soothing ingredient, especially beneficial for those with sensitive/redness-prone skin'
 'Has the ability to halt skin-irritating triggers preventatively'
 'Derived from Pseudopterogorgia elisabethae, naturally found in coral reefs'
 'Tightly controlled harvesting practices are put into place for sustainable use']",Paula's Choice
Sea Buckthorn,Best,['Anti-Aging' 'Soothing'],['Antioxidant' 'Plant Extracts'],['Actives' 'Support'],[],Paula's Choice
Sclerocarya Birrea Seed Oil,Best,['Hydration' 'Anti-Aging'],['Emollient' 'Antioxidant' 'Plant Extracts'],['Actives' 'Support'],[],Paula's Choice
Sclerocarya Birrea,Best,['Hydration' 'Anti-Aging'],['Emollient' 'Antioxidant' 'Plant Extracts'],['Actives' 'Support'],[],Paula's Choice
Schizophyllan,Best,[],['Polymer' 'Plant Extracts' 'Antioxidant' 'Humectant'],['Actives' 'Support' 'Sensory'],"['Bio-polymer derived from the thread-like mycelium from which mushrooms grow'
 'Helps reduce signs of sensitized  skin'
 'Hydrating ability is said to surpass hyaluronic acid'
 'Supports a firm look and feel']",Paula's Choice
Schisandra Chinensis Fruit Extract,Best,['Anti-Aging' 'Soothing' 'Hydration'],['Antioxidant' 'Plant Extracts'],['Actives' 'Support'],[],Paula's Choice
Schisandra Chinensis (Magnolia) Fruit Extract,Best,['Anti-Aging' 'Soothing' 'Hydration'],['Antioxidant' 'Plant Extracts'],['Actives' 'Support'],[],Paula's Choice
Sarcosine,Best,['Hydration'],['Humectant'],['Support'],"['Natural amino acid found in the body'
 'A synthetic derivative is what’s used in skin care to condition/soften skin'
 'Plays a role in enhancing the penetration of the other ingredients'
 'May help diminish the impact UV light exposure has on skin’s surface'
 'Considered safe and non-irritating']",Paula's Choice
Sambucus Nigra Fruit Extract,Best,['Anti-Aging' 'Soothing'],['Antioxidant' 'Plant Extracts'],['Actives' 'Support'],"['Also known as black elderberry' 'Has potent antioxidant properties'
 'Shown to have skin-soothing effects'
 'Helps defend skin against environmental factors']",Paula's Choice
Sambucus Nigra Flower Extract,Best,['Anti-Aging' 'Soothing'],['Antioxidant' 'Plant Extracts'],['Actives' 'Support'],"['Extract of black elderberry flowers' 'Rich in antioxidant polyphenols'
 'Has anti-inflammatory properties' 'Can support firmer skin']",Paula's Choice
Sambucus Nigra,Best,['Anti-Aging' 'Soothing'],['Antioxidant' 'Plant Extracts'],['Actives' 'Support'],[],Paula's Choice
Salvia Hispanica Seed Oil,Best,['Hydration' 'Anti-Aging' 'Soothing'],['Emollient' 'Antioxidant' 'Plant Extracts'],['Actives' 'Support'],"['Non-fragrant plant oil'
 'Considered the richest plant source of omega-3 fatty acids'
 'Also contains phenolic acids and isoflavones, two potent sources of antioxidants'
 'Has excellent moisturizing properties'
 'Able to combat free radical damage']",Paula's Choice
Salvia Hispanica (Chia) Seed Oil,Best,['Hydration' 'Anti-Aging' 'Soothing'],['Emollient' 'Plant Extracts' 'Antioxidant'],['Actives' 'Support'],"['Non-fragrant plant oil'
 'Considered the richest plant source of omega-3 fatty acids'
 'Also contains phenolic acids and isoflavones, two potent sources of antioxidants'
 'Has excellent moisturizing properties'
 'Able to combat free radical damage']",Paula's Choice
Salix Nigra (Willow) Bark Extract,Best,['Soothing' 'Anti-Aging' 'Anti-Acne'],['Plant Extracts' 'Antioxidant'],['Actives' 'Support'],"['Plant extract with proven skin-soothing, antioxidant benefits\u202fContains beneficial compounds of salicin, polyphenols, and flavonoids\u202fCan play a supportive role with salicylic acid for blemish-prone skin\u202fAlso goes by the name willow bark']",Paula's Choice
Salix Alba Extract,Best,['Soothing' 'Anti-Acne' 'Anti-Aging'],['Plant Extracts' 'Antioxidant'],['Actives' 'Support'],"['Plant extract with proven skin-soothing, antioxidant benefits\u202fContains beneficial compounds of salicin, polyphenols, and flavonoids\u202fCan play a supportive role with salicylic acid for blemish-prone skin\u202fAlso goes by the name willow bark']",Paula's Choice
Salix Alba (Willow) Bark Extract,Best,['Soothing' 'Anti-Acne' 'Anti-Aging'],['Plant Extracts' 'Antioxidant'],['Actives' 'Support'],"['Plant extract with proven skin-soothing, antioxidant benefits\u202fContains beneficial compounds of salicin, polyphenols, and flavonoids\u202fCan play a supportive role with salicylic acid for blemish-prone skin\u202fAlso goes by the name willow bark']",Paula's Choice
Salicyloyl Phytosphingosine,Best,['Anti-Aging' 'Soothing'],['Emollient'],['Support'],"['Derivative of skin-identical substance phytosphingosine'
 'The starting point for some ceramides skin’s barrier requires'
 'Visibly smooths lines and wrinkles' 'Offers soothing properties']",Paula's Choice
Salicylic Acid,Best,['Anti-Acne' 'Anti-Aging' 'Blackhead Reducing'],['Exfoliant' 'Humectant'],['Actives' 'Support'],"['Also known as beta hydroxy acid (BHA)Best known for exfoliating properties'
 'Oil solubility lets it exfoliate inside pores' 'Can help soothe skin']",Paula's Choice
Safflower Seed Oil,Best,['Hydration' 'Anti-Aging'],['Emollient' 'Antioxidant' 'Plant Extracts'],['Actives' 'Support'],[],Paula's Choice
Saccharomyces Lysate,Best,['Hydration' 'Soothing'],['Humectant'],['Support'],"['Postbiotic derived from yeast fermentation'
 'Good source of nutrients and amino acids for skin'
 'Provides soothing properties'
 'Helps support a healthy microbiome on skin’s surface']",Paula's Choice
Saccharides,Best,['Hydration'],['Humectant'],['Support'],[],Paula's Choice
Saccharide Isomerate,Best,['Hydration'],['Humectant'],['Support'],"['Humectant derived from plant sugars'
 'Attracts and hold moisture as it soothes'
 'Has a natural affinity for skin']",Paula's Choice
Rutin,Best,['Anti-Aging' 'Hydration'],['Antioxidant' 'Plant Extracts'],['Actives' 'Support'],[],Paula's Choice
Rubus Villoscus (Blackberry) Fruit Extract,Best,['Anti-Aging' 'Soothing'],['Antioxidant' 'Plant Extracts'],['Actives' 'Support'],[],Paula's Choice
Rubus Ursinus X Idaeus,Best,[],['Plant Extracts'],['Support'],[],Paula's Choice
Rubus Ursinus Fruit Extract,Best,['Anti-Aging'],['Plant Extracts' 'Antioxidant'],['Actives' 'Support'],"['Also known as California blackberry and Pacific blackberry'
 'Best known for antioxidant properties'
 'Has anti-aging benefits for skin'
 'Contains potent polyphenols like ellagic acid'
 'Native to parts of North America']",Paula's Choice
Rubus Occidentalis Fruit Extract,Best,['Anti-Aging'],['Antioxidant' 'Plant Extracts'],['Actives' 'Support'],"['Also known as black raspberry extract'
 'Best known for antioxidant and anti-aging benefits'
 'Helps defend skin against pro-aging external damage'
 'Contains skin-beneficial compounds like anthocyanins and ellagitannins']",Paula's Choice
Rubus Idaeus (Raspberry) Seed Oil,Best,['Anti-Aging' 'Hydration'],['Emollient' 'Plant Extracts' 'Antioxidant'],['Actives' 'Support'],"['A lightweight, plant-derived oil also known as raspberry seed oil'
 'Best known for emollient and antioxidant properties'
 'Prevents water loss to help boost skin hydration'
 'Cannot provide adequate protection from UV rays when used alone']",Paula's Choice
Rubus Idaeus (Raspberry) Fruit Extract,Best,['Anti-Aging' 'Soothing'],['Antioxidant' 'Plant Extracts'],['Actives' 'Support'],"['Contains a broad range of antioxidants, including vitamins C & ECan inhibit enzymes in skin that lead to discoloration'
 'Helps skin defend itself in the presence of UVB light'
 'Popularly known as red raspberry']",Paula's Choice
Rubus Idaeus,Best,['Anti-Aging'],['Antioxidant' 'Plant Extracts'],['Actives' 'Support'],"['Contains a broad range of antioxidants, including vitamins C & ECan inhibit enzymes in skin that lead to discoloration'
 'Helps skin defend itself in the presence of UVB light'
 'Popularly known as red raspberry']",Paula's Choice
Rubus Fruticosus (Blackberry) Fruit Extract,Best,['Anti-Aging'],['Antioxidant' 'Plant Extracts'],['Actives' 'Support'],"['Antioxidant-rich extract from blackberries'
 'Helps bolster skin’s defense against photoaging'
 'Contains vitamin C, known to provide a host of anti-aging benefits for skin'
 'Offers high ORAC value for inhibiting negative effects of environmental stressors']",Paula's Choice
Rubus Deliciosus Extract,Best,['Anti-Aging'],['Antioxidant' 'Plant Extracts'],['Actives' 'Support'],[],Paula's Choice
Rubus Chamaemorus (Cloudberry) Fruit Extract,Best,['Anti-Aging' 'Soothing'],['Antioxidant' 'Plant Extracts'],['Actives' 'Support'],"['Rich source of anthocyanins, beta-carotene, & vitamin EAlso contains trace minerals and fatty acids'
 'Helps replenish + repair visibly compromised skin'
 'Has potent calming properties']",Paula's Choice
Rose Hip Oil,Best,['Hydration' 'Anti-Aging' 'Soothing'],['Emollient' 'Antioxidant' 'Plant Extracts'],['Actives' 'Support'],"['Non-fragrant emollient plant oil derived from seed pods of the rose plant'
 'Hydrates skin with skin-beneficial fatty acids'
 'Assists in protecting skin from aging environmental stressors'
 'Also referred to as Rosa Canina Seed Oil and Rose Hip']",Paula's Choice
Rose Hip,Best,['Anti-Aging'],['Plant Extracts' 'Antioxidant'],['Actives' 'Support'],[],Paula's Choice
Rosa Rubiginosa Fruit Extract,Best,['Anti-Aging'],['Plant Extracts' 'Antioxidant'],['Actives' 'Support'],[],Paula's Choice
Rosa Rubiginosa,Best,['Anti-Aging'],['Plant Extracts' 'Antioxidant'],['Actives' 'Support'],[],Paula's Choice
Rosa Roxburghii Extract,Best,['Anti-Aging'],['Antioxidant' 'Plant Extracts'],['Actives' 'Support'],[],Paula's Choice
Rosa Multiflora Fruit Extract,Best,['Anti-Aging'],['Antioxidant' 'Plant Extracts'],['Actives' 'Support'],"['Fruit of the Japanese rose' 'One of many varieties of rose hips'
 'Has antioxidant abilities + is a natural source of vitamin CStudies show it is effective against photoaging'
 'Might also have anti-inflammatory properties']",Paula's Choice
Rosa Mosqueta,Best,[],['Plant Extracts' 'Antioxidant'],['Actives' 'Support'],[],Paula's Choice
Rosa Moschata Seed Oil,Best,['Hydration' 'Anti-Aging'],['Antioxidant' 'Emollient' 'Plant Extracts'],['Actives' 'Support'],"['Commonly referred to as rose hip oil' 'Contains soothing fatty acids'
 'Offers antioxidant benefits'
 'Long history of use in cosmetics formulations, dating back to 1864']",Paula's Choice
Rosa Moschata Leaf Extract,Best,[],['Plant Extracts' 'Antioxidant'],['Actives' 'Support'],[],Paula's Choice
Rosa Canina Seed Oil,Best,['Hydration' 'Anti-Aging'],['Emollient' 'Antioxidant' 'Plant Extracts'],['Actives' 'Support'],"['Also known as rose hip oil'
 'Non-fragrant emollient plant oil derived from seed pods of the rose plant'
 'Hydrates  with skin-beneficial fatty acids'
 'Assists in protecting skin from aging environmental stressors']",Paula's Choice
Rosa Canina Seed Extract,Best,['Anti-Aging'],['Plant Extracts' 'Antioxidant'],['Actives' 'Support'],[],Paula's Choice
Rosa Canina Fruit Oil,Best,['Hydration' 'Anti-Aging'],['Antioxidant' 'Emollient' 'Plant Extracts'],['Actives' 'Support'],"['Non-fragrant, emollient plant oil that delivers moisturizing benefits'
 'Provides beneficial fatty acids that soothe and strengthen skin’s barrier\u202fKnown to be a source of antioxidants, including vitamin C and vitamin ECommonly referred to as rose hip oil']",Paula's Choice
Rosa Canina,Best,['Anti-Aging'],['Plant Extracts' 'Antioxidant'],['Actives' 'Support'],[],Paula's Choice
Ricinus Communis (Castor) Seed Oil,Best,['Hydration'],['Plant Extracts' 'Emollient'],['Support'],"['Oil derived from the castor bean, which is noted as a rich source of skin-beneficial fatty acids'
 'Forms a solid, water-binding film when dry'
 'Enhances the absorption of other cosmetic ingredients'
 'Known for maintaining its fluidity at extremely high and very low temperatures']",Paula's Choice
Ribes Nigrum (Black Currant) Seed Oil,Best,['Hydration' 'Anti-Aging'],['Plant Extracts' 'Emollient' 'Antioxidant'],['Actives' 'Support'],"['Sourced from black currant, or cassis' 'Rich in antioxidant compounds'
 'Good source of linolenic acid' 'Non-fragrant plant oil']",Paula's Choice
Rhodiola Rosea Root Extract,Best,['Anti-Acne'],['Antioxidant'],['Actives'],[],Paula's Choice
Rhamnose,Best,['Anti-Aging' 'Soothing'],['Humectant' 'Plant Extracts' 'Prebiotic/Probiotic/Postbiotic'],['Actives' 'Support'],"['Naturally-derived prebiotic sugar (sources include buckthorn and other plants)Helps facilitate healthy microbiome restoration'
 'Provides soothing, hydrating, and anti-aging benefits'
 'Raw material form: water-soluble crystalline powder']",Paula's Choice
Retinyl Retinoate,Best,['Anti-Aging' 'Anti-Acne' 'Pore Minimizer'],['Antioxidant' 'Retinoids'],['Actives'],[],Paula's Choice
Retinyl Propionate,Best,"['Anti-Acne' 'Anti-Aging' 'Dark Spot Fading' 'Evens Skin Tone'
 'Pore Minimizer']",['Antioxidant' 'Retinoids'],['Actives'],"['Stable, synthetic derivative of vitamin AHas an impressive synergy with niacinamide'
 'Offers the same benefits of retinol' 'Gentler than pure retinol']",Paula's Choice
Retinyl Palmitate,Best,['Anti-Aging'],['Antioxidant' 'Retinoids'],['Actives'],"['Combination of retinol and fatty acid palmitic acid'
 'Found naturally in skin and is the most abundant form of vitamin A storage in animals'
 'Works as an antioxidant, preventing visible signs of aging']",Paula's Choice
Retinyl Ascorbate,Best,['Anti-Aging' 'Anti-Acne' 'Pore Minimizer'],['Antioxidant' 'Retinoids'],['Actives'],[],Paula's Choice
Retinol,Best,['Anti-Aging' 'Anti-Acne' 'Pore Minimizer'],['Antioxidant' 'Retinoids'],['Actives'],"['Name for the entire vitamin A molecule'
 'Research proves its anti-aging abilities'
 'Helps tell skin how to look and behave younger'
 'Effective at several strengths']",Paula's Choice
Retinoids,Best,['Anti-Aging' 'Evens Skin Tone' 'Pore Minimizer'],['Antioxidant' 'Retinoids'],['Actives'],"['Umbrella term used for vitamin A derivatives'
 'Have been widely used since the 1970s'
 'Skin-communicating and skin-restoring ingredients'
 'Includes retinol, retinaldehyde and tretinoin among many others']",Paula's Choice
Retinal,Best,['Anti-Aging' 'Evens Skin Tone' 'Oil Control'],['Antioxidant' 'Retinoids'],['Actives'],"['AKA retinaldehyde' 'A direct anti-aging precursor to retinoic acid'
 'Helps improve the look of blemish-prone skin'
 'Reduces look of fine lines and wrinkles'
 'Requires one less conversion step in skin compared to pure retinol to become its active form'
 'Tolerated equally well or in some cases even better compared to pure retinol']",Paula's Choice
Resveratrol,Best,['Anti-Aging' 'Dark Spot Fading' 'Soothing'],['Antioxidant' 'Plant Extracts'],['Actives' 'Support'],"['Protects skin’s surface'
 'Helps inhibit factors behind skin discolorations'
 'Supports skin’s collagen content'
 'Antioxidant found in red grapes, red wine, nuts, and fruits such as blueberries and cranberries'
 'Resveratrol’s calming properties may help minimize the look of redness']",Paula's Choice
Rehmannia Glutinosa Root Extract,Best,['Anti-Acne' 'Soothing'],['Antioxidant' 'Plant Extracts'],['Actives' 'Support'],"['One of the key herbs used in traditional Chinese medicine'
 'Protects skin from environmental aggressors'
 'Fights factors that can lead to signs of irritation'
 'May help mitigate visible signs of aging due to estrogen loss']",Paula's Choice
Raphanus Sativus (Radish) Seed Oil,Best,['Hydration' 'Anti-Aging'],['Emollient' 'Plant Extracts' 'Antioxidant'],['Actives' 'Support'],[],Paula's Choice
Rambutan,Best,['Anti-Aging' 'Dark Spot Fading' 'Soothing'],['Antioxidant' 'Plant Extracts'],['Actives' 'Support'],"['Extract derived from the tropical fruit rambutan (cousin to lychee)The peel portion is particularly rich in skin-beneficial antioxidants'
 'Proven to visibly improve signs of aging & sun damage'
 'Shows potential for supporting skin’s natural supply of collagen'
 'Exhibits soothing properties']",Paula's Choice
Quercetin,Best,['Anti-Aging' 'Soothing'],['Antioxidant' 'Plant Extracts'],['Actives' 'Support'],"['Occurs naturally in red wine (grapes), tea, kale, tomatoes, and berries'
 'Antioxidant, skin-soothing, and restorative ingredient'
 'Present in St. John’s wort and Ginkgo biloba']",Paula's Choice
Pyrus Malus (Apple) Fruit Extract,Best,['Anti-Aging' 'Hydration'],['Antioxidant' 'Plant Extracts' 'Humectant'],['Actives' 'Support'],"['Rich source of polyphenolic antioxidants'
 'Scavenges free radicals before they damage skin'
 'Improves skin’s hydration' 'Deemed safe as used in skin care products']",Paula's Choice
Pycnogenol,Best,['Anti-Aging' 'Soothing'],['Antioxidant' 'Plant Extracts'],['Actives' 'Support'],"['Plant-derived ingredient extracted from pine tree bark'
 'Potent source of antioxidant compounds' 'Provides anti-aging benefits'
 'Helps protect skin from environmental stressors']",Paula's Choice
Purslane,Best,['Anti-Aging' 'Soothing'],['Antioxidant' 'Plant Extracts'],['Actives' 'Support'],"['Helps rejuvenate skin that has become lax'
 'Contains vitamins A, C + E plus glutathione'
 'Rich in potassium, magnesium + omega-3 fatty acids']",Paula's Choice
Punica Granatum Seed Oil,Best,['Anti-Aging' 'Hydration' 'Soothing'],['Antioxidant' 'Emollient' 'Plant Extracts'],['Actives' 'Support'],"['Non-fragrant plant oil, also known as pomegranate seed oil'
 'Rich in beneficial fatty acids, antioxidants, and phytoestrogen compounds'
 'Delivers skin-soothing and restorative effects'
 'Imparts moisturizing properties to help alleviate dry skin']",Paula's Choice
Punica Granatum Pericarp Extract,Best,['Anti-Aging' 'Hydration' 'Soothing'],['Antioxidant' 'Plant Extracts'],['Actives' 'Support'],"['Commonly known as pomegranate peel'
 'Incredibly rich source of potent antioxidants'
 'Helps maintain healthy-looking, firmer-feeling skin'
 'Helps skin better utilize retinoids while reducing irritation']",Paula's Choice
Punica Granatum Fruit Juice,Best,['Anti-Aging'],['Antioxidant' 'Plant Extracts'],['Actives' 'Support'],"['Juice from the pomegranate fruit' 'High in antioxidant punicalagans'
 'Has anti-inflammatory properties' 'Also has antibacterial benefits']",Paula's Choice
Punica Granatum Fruit Extract,Best,['Anti-Aging' 'Soothing'],['Antioxidant' 'Plant Extracts'],['Actives' 'Support'],"['Also known as pomegranate fruit extract' 'Has antioxidant properties'
 'May soothe skin' 'Addresses visible damage from environmental stressors']",Paula's Choice
Punica Granatum Extract,Best,['Anti-Aging' 'Soothing'],['Antioxidant' 'Plant Extracts'],['Actives' 'Support'],"['Commonly known as pomegranate extract'
 'Offers antioxidant properties that can help improve the appearance of aging'
 'Contains powerful antioxidant ellagic acid']",Paula's Choice
Pumpkin Seed Extract,Best,['Anti-Aging' 'Hydration'],['Antioxidant' 'Plant Extracts' 'Humectant'],['Actives' 'Support'],[],Paula's Choice
Pumpkin,Best,['Anti-Aging' 'Hydration'],['Antioxidant' 'Plant Extracts'],['Actives' 'Support'],[],Paula's Choice
Pueraria Lobata Root Extract,Best,['Anti-Aging' 'Evens Skin Tone'],['Antioxidant' 'Plant Extracts'],['Actives' 'Support'],[],Paula's Choice
Pueraria Lobata,Best,['Anti-Aging' 'Evens Skin Tone'],['Antioxidant' 'Plant Extracts'],['Actives' 'Support'],[],Paula's Choice
Psidium Guajava Seed Oil,Best,['Anti-Aging' 'Hydration'],['Antioxidant' 'Emollient' 'Plant Extracts'],['Actives' 'Support'],"['Oil from the seeds of the common guava plant'
 'Rich in moisturizing fatty acids' 'Also a good source of antioxidants']",Paula's Choice
Psidium Guajava Fruit Extract,Best,['Anti-Aging'],['Antioxidant' 'Plant Extracts'],['Actives' 'Support'],[],Paula's Choice
Pseudopterogorgia Elisabethae,Best,['Soothing'],['Antioxidant'],['Actives'],[],Paula's Choice
Prunus Serotina (Wild Cherry) Fruit Extract,Best,['Anti-Aging' 'Soothing'],['Antioxidant' 'Plant Extracts'],['Actives' 'Support'],[],Paula's Choice
Prunus Lannesiana (Cherry Blossom) Flower Extract,Best,['Anti-Aging' 'Soothing'],['Antioxidant' 'Plant Extracts'],['Actives' 'Support'],"['Derived from the ornamental cherry blossom tree.Helps interrupt the visible damage from advanced glycation end-products.Capable of soothing irritated, compromised skin.Helps protect skin from oxidative damage due to UVB light.']",Paula's Choice
Prunus Domestica Seed Oil,Best,['Hydration' 'Anti-Aging' 'Soothing'],['Emollient' 'Antioxidant' 'Plant Extracts'],['Actives' 'Support'],"['Smooths and helps soften skin and lips'
 'Contains antioxidant compounds + vitamins'
 'Oil expressed from the seeds of the plum fruit'
 'Rich source of replenishing omega + other fatty acids'
 'Deemed safe as used in cosmetics']",Paula's Choice
Prunus Armeniaca Kernel Extract,Best,['Anti-Aging' 'Hydration'],['Antioxidant' 'Plant Extracts'],['Actives' 'Support'],"['Extracted from apricot kernels'
 'Good source of moisturizing fatty acids'
 'Also has high antioxidant content']",Paula's Choice
Prunus Armeniaca (Apricot) Kernel Oil,Best,['Anti-Aging' 'Hydration'],['Antioxidant' 'Plant Extracts' 'Emollient'],['Actives' 'Support'],"['Non-volatile, non-fragrant plant oil'
 'Composed of oleic and linoleic acids'
 'Has moisturizing + skin-restoring properties'
 'Contains vitamins A, C, and E']",Paula's Choice
Prunus Amygdalus Dulcis (Sweet Almond) Oil,Best,['Anti-Aging' 'Hydration'],['Antioxidant' 'Plant Extracts' 'Emollient'],['Actives' 'Support'],"['Non-volatile, non-fragrant plant oil' 'Used as an emollient ingredient'
 'Rich source of triglycerides + fatty acids' 'Has antioxidant properties']",Paula's Choice
Protease,Best,['Anti-Aging'],['Exfoliant'],['Actives'],"['Name for a diverse group of enzymes'
 'Found in animals, plants, bacteria, and fungi'
 'Break down proteins and peptides'
 'Help skin shed old and damaged tissue']",Paula's Choice
Propyl Gallate,Best,[],['Antioxidant'],['Actives'],"['Synthetic antioxidant used in skin care formulas to reduce oxidative damage and enhance stability'
 'Protects fats and oils in cosmetics products from becoming rancid'
 'Comes as a white to beige crystalline powder in its raw material form'
 'Recommended in concentration of 0.1% or less'
 'Also used an additive to prevent lipid oxidation in foods']",Paula's Choice
Proline,Best,['Hydration' 'Anti-Aging'],['Humectant'],['Support'],"['Amino acid used in the body’s synthesis of proteins'
 'Considered a conditionally essential amino acid'
 'Helps skin retain moisture'
 'Supports structures that keep skin looking and feeling younger']",Paula's Choice
Prickly Pear,Best,['Anti-Aging' 'Soothing' 'Smooths Bumpy Skin'],['Antioxidant' 'Plant Extracts'],['Actives' 'Support'],[],Paula's Choice
Potassium PCA,Best,['Hydration'],['Humectant'],['Support'],"['A mineral electrolyte'
 'Plays an influential role in skin’s natural moisturizing factor'
 'Ensures balanced hydration levels' 'Aids in reinforcing skin’s barrier'
 'Helps optimizes skin’s desquamation (shedding) process']",Paula's Choice
Potassium Azeloyl Diglycinate,Best,['Evens Skin Tone' 'Soothing' 'Dark Spot Fading'],['Antioxidant'],['Actives'],"['Has been studied for soothing sensitive skin conditions, including reducing redness'
 'Known to offer improvement for uneven skin tone'
 'Helps with issues related to excessive oiliness in skin'
 'Water-soluble ingredient obtained from the condensation of azelaic acid mixed with glycine'
 'The glycine component gives it a hydrating/moisturizing effect']",Paula's Choice
Potassium Ascorbyl Tocopheryl Phosphate,Best,['Anti-Aging'],['Antioxidant'],['Actives'],[],Paula's Choice
Portulaca Pilosa Extract,Best,['Anti-Aging' 'Hydration'],['Antioxidant' 'Plant Extracts'],['Actives' 'Support'],"['An herbaceous plant native to Asia (Japan, China, Singapore)Contains several potent antioxidant compounds + hydrating saccharides'
 'Proven to soothe and help repair compromised skin'
 'May play a role in reducing the look of discolorations']",Paula's Choice
Portulaca Oleracea Extract,Best,['Anti-Aging' 'Soothing' 'Hydration'],['Antioxidant' 'Plant Extracts'],['Actives' 'Support'],"['Rich in vitamins A, C, and E plus the “super antioxidant” glutathione'
 'Source of skin-beneficial minerals such as potassium, magnesium, and omega-3 fatty acids'
 'Contains genistein, which helps rejuvenate skin that has become lax/crepey'
 'Purslane’s beneficial components address numerous skin concerns, including wrinkles and other signs of aging'
 'Comes from a weed-like succulent plant']",Paula's Choice
Porphyra Umbilicalis Extract,Best,['Anti-Aging' 'Hydration' 'Soothing'],['Antioxidant' 'Humectant' 'Plant Extracts'],['Actives' 'Support'],"['Type of red algae able to withstand environmental stressors'
 'Helps prevent deeper UV damage to skin'
 'Excellent paired with UV filters and antioxidants like vitamin CHas natural soothing + hydrating properties'
 'May play a role in skin’s natural renewal']",Paula's Choice
Poria Cocos Extract,Best,['Anti-Aging' 'Soothing'],['Antioxidant' 'Plant Extracts'],['Actives' 'Support'],[],Paula's Choice
Pongamia Glabra Seed Oil,Best,['Anti-Aging' 'Hydration'],['Emollient' 'Antioxidant' 'Plant Extracts'],['Actives' 'Support'],[],Paula's Choice
Pomegranate Extract,Best,['Anti-Aging' 'Soothing'],['Antioxidant' 'Plant Extracts'],['Actives' 'Support'],"['Antioxidant-rich plant extract'
 'Can help improve the appearance of aging skin'
 'Helps inhibit damaging environmental stressors'
 'Might contribute to soothing skin']",Paula's Choice
Polysaccharide,Best,['Hydration' 'Anti-Aging'],['Antioxidant' 'Humectant'],['Actives' 'Support'],[],Paula's Choice
Polyhydroxy Acid,Best,['Evens Skin Tone' 'Smooths Bumpy Skin' 'Anti-Aging'],['Exfoliant'],['Actives'],"['Include gluconolactone + lactobionic acid'
 'Larger molecular size than AHAs'
 'Less sensitizing than AHAs for some skin types'
 'Function as antioxidants' ""Improve skin's surface strength""]",Paula's Choice
Polygonum Cuspidatum Root Extract,Best,['Anti-Aging' 'Soothing'],['Antioxidant' 'Plant Extracts'],['Actives' 'Support'],"['Excellent source of potent antioxidant resveratrol'
 'Helps inhibit the formation of collagen-degrading substances in skin'
 'Higher amounts shown to visibly improve hyperpigmentation'
 'Capable of reducing signs of irritation']",Paula's Choice
Polygonum Bistorta Root Extract,Best,['Anti-Aging' 'Evens Skin Tone' 'Hydration' 'Soothing'],['Antioxidant' 'Plant Extracts'],['Actives' 'Support'],"['Helps support normal communication in skin’s lower layers'
 'Revives radiance and promotes a more even skin tone'
 'Helps soften the appearance of lines and wrinkles'
 'Excellent source of skin-soothing antioxidants']",Paula's Choice
Polyglyceryl-4 Olivate,Best,[],['Emollient' 'Emulsifier'],['Support' 'Utility'],"['Multitalented ingredient that can work as an emulsifier, stabilizer, emollient, and cleansing agent'
 'The olive oil portion of this ingredient is a beneficial source of fatty acids and antioxidants'
 'Touted for exceptional spreadability combined with fast absorption and a cushiony, silky after feel'
 'Considered non-sensitizing and safe for use in cosmetics']",Paula's Choice
Polyglyceryl-3 Rice Branate,Best,['Hydration'],['Cleansing Agent' 'Emulsifier' 'Emollient'],['Support' 'Utility'],[],Paula's Choice
Polyglutamic Acid,Best,['Hydration' 'Anti-Aging'],['Humectant' 'Polymer'],['Support' 'Sensory'],"['Humectant that provides long-lasting hydration'
 'Hydrating efficacy rivals (some studies show it surpasses) hyaluronic acid'
 'Made via fermentation of glutamic acid with Bacillus subtilis.May be animal-derived or synthetic']",Paula's Choice
Polydeoxyribonucleotide (PDRN),Best,['Anti-Aging' 'Hydration' 'Soothing'],['Antioxidant' 'Plant Extracts'],['Actives' 'Support'],"['DNA building block that’s a source of beneficial nucleotides'
 'Signal ingredient with barrier-strengthening, repairing and antioxidant benefits'
 'Can be derived from fish (salmon) or ginseng root'
 'More research is needed to draw firm conclusions on use in professional settings']",Paula's Choice
Plum Seed Oil,Best,['Anti-Aging' 'Hydration'],['Antioxidant' 'Emollient' 'Plant Extracts'],['Actives' 'Support'],[],Paula's Choice
Plukenetia Volubilis Seed Oil,Best,['Anti-Aging' 'Hydration' 'Soothing'],['Antioxidant' 'Emollient' 'Plant Extracts'],['Actives' 'Support'],"['Fragrance-free plant oil rich in skin-nourishing fatty acids'
 'Delivers beneficial antioxidants, including vitamin EOffers emollience/moisturizing benefits for skin'
 'Also goes by “Sacha inchi oil”Considered safe for topical use']",Paula's Choice
Plinia Cauliflora Fruit Extract,Best,['Anti-Aging'],['Antioxidant' 'Plant Extracts'],['Actives' 'Support'],"['Rich source of nearly a dozen antioxidants'
 'Visibly helps skin and shores up its natural defenses'
 'Antioxidant benefits are also present when eaten'
 'Also known as jabuticaba']",Paula's Choice
Plinia Cauliflora (Jabuticaba) Fruit Extract,Best,['Anti-Aging'],['Antioxidant' 'Plant Extracts'],['Actives' 'Support'],[],Paula's Choice
Pisum Sativum (Pea) Extract,Best,['Anti-Aging' 'Soothing'],['Antioxidant' 'Plant Extracts'],['Actives' 'Support'],"['Extract derived from the garden pea'
 'Contains antioxidants (ellagic acid, beta-sitosterol, gallic acid, and quercetin)Can help reduce factors within skin that lead to signs of sensitivity'
 'Also classified as a skin-conditioning agent']",Paula's Choice
Piperine,Best,['Anti-Aging' 'Soothing'],['Antioxidant' 'Plant Extracts'],['Actives' 'Support'],"['Derived from black pepper' 'Has antioxidant and soothing properties'
 'Potential penetration enhancer' 'Defends skin against UVB damage']",Paula's Choice
Picea Abies Wood Extract,Best,['Soothing'],['Antioxidant' 'Plant Extracts'],['Actives' 'Support'],"['Wood extract derived from Norway spruce (also known as “common spruce”)Extolled for its soothing properties'
 'Picea abies is a rich source of antioxidants'
 'Considered an upcycled skin care ingredient since it’s a byproduct of the timber industry']",Paula's Choice
Phytosteryl/Octyldodecyl Lauroyl Glutamate,Best,['Hydration'],['Emollient'],['Support'],[],Paula's Choice
Phytosterols,Best,['Hydration' 'Soothing'],['Plant Extracts'],['Support'],"['Naturally occurring, cholesterol-like molecules'
 'Found in vegetable oils such as canola and sesame'
 'Soothe and moisturize skin'
 'Soy phytosterols replenish + restore aging skin']",Paula's Choice
Phytosphingosine Phosphate,Best,['Anti-Aging' 'Hydration'],['Emollient'],['Support'],[],Paula's Choice
Phytosphingosine,Best,['Anti-Aging' 'Hydration'],['Emollient'],['Support'],"['Found naturally in skin’s upper layers'
 'Part of skin’s natural moisturizing factor (NMF)Replenishes skin’s barrier'
 'Has a calming effect on skin']",Paula's Choice
Phytoceramides,Best,['Anti-Aging' 'Hydration'],['Emollient'],['Support'],[],Paula's Choice
Physalis Angulata Extract,Best,['Anti-Aging' 'Soothing'],['Antioxidant' 'Plant Extracts'],['Actives' 'Support'],[],Paula's Choice
Phyllanthus Emblica Fruit Extract,Best,['Anti-Aging' 'Soothing'],['Antioxidant' 'Plant Extracts'],['Actives' 'Support'],[],Paula's Choice
Phycocyanin,Best,['Soothing' 'Anti-Aging'],['Antioxidant' 'Coloring Agent/Pigment' 'Plant Extracts'],['Actives' 'Support' 'Sensory'],"['Antioxidant-rich algae extract that helps skin defend itself against environmental stressors'
 'Provides soothing benefits, especially great for reactive or compromised skin'
 'Certain types of phycocyanins show potential for visibly reducing the appearance of skin discolorations'
 'Most stable when air and light exposure are limited, hence jar packaging is not recommended']",Paula's Choice
Phospholipids,Best,['Hydration'],['Humectant' 'Emollient' 'Antioxidant'],['Actives' 'Support'],"['Occur naturally in skin and can be derived from plant and animal sources'
 'Are hygroscopic, meaning they attract water from surrounding air and hold it where hydration is needed'
 'Have antioxidant properties'
 'Can help deliver other ingredients more effectively to skin']",Paula's Choice
Phospholipid,Best,['Hydration'],['Humectant' 'Emollient' 'Antioxidant'],['Actives' 'Support'],"['Occur naturally in skin' 'Have antioxidant properties'
 'Are hygroscopic, so they attract water to skin'
 'Can be derived from plant + animal sources'
 'Can help deliver other ingredients more effectively to skin']",Paula's Choice
Phosphatidylethanolamine,Best,['Hydration' 'Dark Spot Fading'],['Humectant'],['Support'],[],Paula's Choice
Phosphatidylcholine,Best,['Hydration'],['Emollient' 'Emulsifier' 'Cleansing Agent'],['Support' 'Utility'],[],Paula's Choice
Phloretin,Best,['Anti-Aging' 'Evens Skin Tone'],['Antioxidant' 'Plant Extracts'],['Actives' 'Support'],[],Paula's Choice
PHA,Best,['Anti-Aging' 'Evens Skin Tone' 'Smooths Bumpy Skin'],['Exfoliant'],['Actives'],"['PHA stands for polyhydroxy acid'
 'Supposed to be as effective as AHAs, but less sensitizing'
 'Includes gluconolactone and lactobionic acid']",Paula's Choice
Peucedanum Graveolens (Dill) Extract,Best,['Anti-Aging' 'Soothing'],['Antioxidant' 'Plant Extracts'],['Actives' 'Support'],"[""Improves skin's resiliency + works as an antioxidant""
 'Has a calming action on sensitive skin'
 'Rich source of minerals iron and potassium'
 'Also a source of beta-carotene']",Paula's Choice
Petrolatum,Best,['Hydration' 'Soothing'],['Emollient' 'Occlusive/Opacifying Agent'],['Support'],"['One of the best ingredients for dry skin'
 'Highly purified before being used in cosmetics'
 'FDA-approved skin protectant'
 'Widely used in healthcare settings and applications'
 'Also known as petroleum jelly']",Paula's Choice
Persicaria Hydropiper Extract,Best,['Anti-Aging' 'Soothing' 'Hydration'],['Antioxidant' 'Plant Extracts'],['Actives' 'Support'],[],Paula's Choice
Persicaria Hydropiper,Best,['Anti-Aging' 'Soothing' 'Hydration'],['Antioxidant' 'Plant Extracts'],['Actives' 'Support'],[],Paula's Choice
Persea Gratissima (Avocado) Oil,Best,['Hydration' 'Anti-Aging' 'Soothing'],['Emollient' 'Antioxidant' 'Plant Extracts'],['Actives' 'Support'],[],Paula's Choice
Peptides,Best,['Anti-Aging' 'Hydration' 'Soothing'],['Peptides'],['Actives'],"['Portions of short or long-chain amino acids'
 'All peptides have some amount of skin-restorative ability'
 'Peptides have a range of benefits, many of which are anti-aging'
 'Peptides can become unstable in water-based formulas']",Paula's Choice
Pentapeptides,Best,['Anti-Aging'],['Peptides'],['Actives'],[],Paula's Choice
Pentapeptide-59,Best,['Anti-Aging' 'Soothing'],['Peptides'],['Actives'],[],Paula's Choice
Pelvetia Canaliculata Extract,Best,['Anti-Acne' 'Hydration'],['Antioxidant' 'Plant Extracts'],['Actives' 'Support'],"['Exerts antioxidant, soothing, and hydrating effects'
 'Helps neutralize damage from airborne metal pollutants'
 'Rich source of skin-beneficial amino acids'
 'Also known as Channeled wrack']",Paula's Choice
Pelvetia Canaliculata (Algae) Extract,Best,['Anti-Aging' 'Hydration'],['Antioxidant' 'Plant Extracts'],['Actives' 'Support'],[],Paula's Choice
Passiflora Edulis Seed Oil,Best,['Anti-Aging' 'Hydration'],['Emollient' 'Plant Extracts' 'Antioxidant'],['Actives' 'Support'],"['Also known as maracuja oil' 'Plant-based oil derived from passion fruit'
 'Can improve the look and feel of dry skin'
 'Has documented skin-soothing properties']",Paula's Choice
Parsol 1789,Best,['Anti-Aging'],['UV Filters'],['Actives'],[],Paula's Choice
Pantothenic Acid,Best,['Hydration' 'Soothing'],['Humectant' 'Solvent'],['Support' 'Utility'],[],Paula's Choice
Panthenol,Best,['Hydration' 'Soothing'],['Humectant' 'Solvent'],['Support' 'Utility'],"['Well-known hydrating ingredient' 'May also help soothe sensitivity'
 'Often referred to as pro-vitamin B5']",Paula's Choice
Pantethine,Best,['Hydration'],['Humectant'],['Support'],[],Paula's Choice
Panax Ginseng Root Extract,Best,['Anti-Aging'],['Antioxidant' 'Plant Extracts'],['Actives' 'Support'],"['AKA ginseng root extract'
 'Contains numerous antioxidant compounds, including flavonoids'
 'Helps defend skin from pro-aging external aggressors'
 'Topical application of ginseng root boosts skin hydration']",Paula's Choice
Palm Oil,Best,['Hydration' 'Anti-Aging'],['Emollient' 'Antioxidant' 'Plant Extracts'],['Actives' 'Support'],"['Also called Elaeis guineensis oil'
 'Contains antioxidant beta-carotene + vitamin ERich in fatty acids']",Paula's Choice
Palmitoyl Tripeptide-8,Best,['Anti-Aging'],['Peptides'],['Actives'],[],Paula's Choice
Palmitoyl Tripeptide-5,Best,['Anti-Aging'],['Peptides'],['Actives'],"['Synthetic tripeptide proven to help aging skin'
 'Improves the look of fine lines and wrinkles'
 'Encourages a firmer look and feel' 'Helps improve rough texture']",Paula's Choice
Palmitoyl Tripeptide-38,Best,['Anti-Aging' 'Hydration'],['Peptides'],['Actives'],"['Synthetic peptide that has signaling properties'
 'Plumps, hydrates & improves fullness'
 'Smooths to help the look of lines and wrinkles'
 'Helps support key proteins in skin’s extracellular matrix'
 'Effective at very low use levels as part of a blend']",Paula's Choice
Palmitoyl Tripeptide-1,Best,['Anti-Aging'],['Peptides'],['Actives'],"['Helps strengthen skin’s supportive elements'
 'Can minimize the appearance of wrinkles'
 'Designated as a “signal peptide”Has the ability to “tell” skin how to look better'
 'Also goes by the names pal-GHK and palmitoyl oligopeptide'
 'Safe history of use in cosmetics']",Paula's Choice
Palmitoyl Tetrapeptide-72 Amide,Best,['Anti-Aging'],['Peptides'],['Actives'],"['Supports skin’s tensile strength'
 'Encourages supportive elements in skin'
 'Helps skin maintain a youthful bounce']",Paula's Choice
Palmitoyl Tetrapeptide-7,Best,['Anti-Aging'],['Peptides'],['Actives'],"['Composed of four amino acids + palmitic acid'
 'Can fight factors in skin that cause irritation'
 'Ongoing use helps restore a firmer feel']",Paula's Choice
Palmitoyl Proline,Best,['Hydration'],['Humectant'],['Support'],[],Paula's Choice
Palmitoyl Pentapeptide-4,Best,['Anti-Aging'],['Peptides'],['Actives'],[],Paula's Choice
Palmitoyl Oligopeptide,Best,['Anti-Aging'],['Peptides'],['Actives'],[],Paula's Choice
Palmitoyl Hexapeptide-12,Best,['Anti-Aging'],['Peptides'],['Actives'],"['A synthetic peptide that matches a sequence of amino acids found in skin'
 'Signals skin to look younger by boosting its firm feeling'
 'Creates a supple surface by strengthening skin’s barrier'
 'Requires a surprisingly low amount for efficacy']",Paula's Choice
Palmitoyl Dipeptide-5 Diaminobutyroyl Hydroxythreonine,Best,['Anti-Aging'],['Peptides'],['Actives'],"['A synthetic peptide that supports key proteins in skin'
 'Promotes a firmer, less lined look'
 'Great synergy with similar signal peptides'
 'Made using an amino acid complex and palmitic acid']",Paula's Choice
Palmitoyl Dipeptide-10,Best,['Anti-Aging'],['Peptides'],['Actives'],[],Paula's Choice
P. Elisabethae,Best,['Soothing'],['Antioxidant'],['Actives'],[],Paula's Choice
Oxidoreductase,Best,['Anti-Aging' 'Hydration'],['Antioxidant' 'Humectant'],['Actives' 'Support'],[],Paula's Choice
Oryza Sativa Rice Bran Oil,Best,['Anti-Aging' 'Hydration'],['Antioxidant' 'Emollient' 'Plant Extracts'],['Actives' 'Support'],"['Oil extracted from husks of rice grains' 'Has antioxidant benefits'
 'Rich source of barrier repairing fatty acids'
 'Disrupts factors that lead to skin discolorations and dark spots'
 'Ruled safe as used in cosmetics']",Paula's Choice
Oryza Sativa Cera,Best,['Hydration'],['Emollient'],['Support'],[],Paula's Choice
Oryza Sativa (Rice) Bran Oil,Best,['Hydration'],['Emollient' 'Plant Extracts' 'Antioxidant'],['Actives' 'Support'],"['Oil extracted from husks of rice grains' 'Has antioxidant benefits'
 'Rich source of barrier repairing fatty acids'
 'Disrupts factors that lead to skin discolorations and dark spots'
 'Ruled safe as used in cosmetics']",Paula's Choice
Oryza Sativa (Rice) Bran Extract,Best,['Hydration'],['Humectant' 'Antioxidant' 'Chelating Agent'],['Actives' 'Support' 'Utility'],"['Used in cosmetics to soften and condition skin'
 'A rich source of more than 100 antioxidant compounds, including ferulic acid'
 'Contains moisturizing polysaccharides and omega-3 fatty acids'
 'Is the brown outer layer of the rice kernel, a byproduct of milling rice']",Paula's Choice
Oryzanol,Best,['Anti-Aging'],['Antioxidant' 'Plant Extracts'],['Actives' 'Support'],[],Paula's Choice
Orbignya Oleifera Seed Oil,Best,['Hydration' 'Anti-Aging'],['Emollient' 'Plant Extracts' 'Antioxidant'],['Actives' 'Support'],"['Also called babassu oil' 'Rich in antioxidants'
 'High in moisturizing fatty acids'
 'Lauric acid content helps support skin’s microbiome']",Paula's Choice
Opuntia Ficus-Indica Stem Extract,Best,['Anti-Aging'],['Antioxidant' 'Plant Extracts'],['Actives' 'Support'],"['Rich source of polyphenolic antioxidants to soothe and help strengthen skin'
 'Helps offset skin damage due to airborne pollutants'
 'Considered non-fragrant and non-irritating'
 'Derived from a type of cactus known as the prickly pear']",Paula's Choice
Ophiopogon Japonicus Root Extract,Best,[],['Plant Extracts' 'Antioxidant'],['Actives' 'Support'],"['Plant extract with pronounced soothing benefits'
 'Roots are a rich source of skin-soothing antioxidants'
 'Interrupts pathways that lead to signs of irritation'
 'Native to southeast Asia and used in Chinese Medicine']",Paula's Choice
Oligopeptide-1,Best,['Anti-Aging'],['Peptides'],['Actives'],"['Plant-derived cell-rejuvenating peptide'
 ""Targets skin's elasticity network"" 'Visibly firms skin from within'
 'Classified as a skin-conditioning agent'
 'May be used as an umbrella term for oligopeptide derivatives'
 'Potential benefits include collagen and elastin support']",Paula's Choice
Oleyl Adapalenate,Best,['Anti-Aging' 'Evens Skin Tone' 'Oil Control' 'Pore Minimizer' 'Soothing'],['Antioxidant' 'Retinoids'],['Actives'],"['AKA Adapinoid®Targets signs of sun damage'
 'Interrupts an underlying trigger of blemishes'
 'Helps reduce the look of enlarged pores'
 'Synthetic precursor to longstanding retinoid adapalene']",Paula's Choice
Oleic Acid,Best,[],['Cleansing Agent' 'Texture Enhancer'],['Utility' 'Sensory'],"['Omega-9 fatty acid found in many plants'
 'Primary fatty acid found in olive oil'
 'Cleansing agent + texture enhancer'
 'Has improved skin calming abilities when combined with other lipids']",Paula's Choice
Oleanolic Acid,Best,['Soothing'],['Antioxidant'],['Actives'],"['Potent soothing ingredient for skin'
 'Found in a wide range of food, medical herbs, and plants'
 'Also functions as an antioxidant'
 'Usually encapsulated to ensure maximum effectiveness in skin care']",Paula's Choice
Olea Europaea Oil Unsaponifiables,Best,['Anti-Aging' 'Hydration' 'Soothing'],['Antioxidant' 'Emollient' 'Plant Extracts'],['Actives' 'Support'],[],Paula's Choice
Olea Europaea Leaf Extract,Best,['Anti-Aging'],['Antioxidant' 'Plant Extracts'],['Actives' 'Support'],"['Extract of the leaves from the olive plant'
 'Has strong antioxidant properties'
 'Contains phenolic compounds, including catechin and rutin'
 'May have some photoprotective ability'
 'Considered an environmentally friendly byproduct of the olive oil industry']",Paula's Choice
Oenothera Biennis Oil,Best,['Hydration' 'Anti-Aging' 'Soothing'],['Emollient' 'Plant Extracts' 'Antioxidant'],['Actives' 'Support'],"['Known as evening primrose' ""Helps restore skin barrier's""
 'Has a high vitamin E content' 'Contains 74% linoleic acid'
 'Also contains linolenic acid']",Paula's Choice
Octyl Salicylate,Best,['Anti-Aging'],['UV Filters'],['Actives'],[],Paula's Choice
Octyl Methoxycinnamate,Best,['Anti-Aging'],['UV Filters'],['Actives'],[],Paula's Choice
Octocrylene,Best,['Anti-Aging'],['UV Filters'],['Actives'],"['Effective stabilizer for UVA filter avobenzone as well as an approved UVB absorber'
 'Primarily provides UVB protection but kicks in some UVA screening'
 'Globally approved up to a 10% concentration (Canada permits 12%)Emollient texture helps moisturize skin'
 'Highly stable in the presence of UV light']",Paula's Choice
Octisalate,Best,['Anti-Aging'],['UV Filters'],['Actives'],"['Works primarily in the UVB range' 'Has excellent stability'
 'Improves the stability of other UV filters'
 'Globally approved in amounts from 5–10%Helps neutralize the sun-induced formation of oxygen radicals']",Paula's Choice
Octinoxate,Best,['Anti-Aging'],['UV Filters'],['Actives'],"['Globally approved UV filter used for 50+ years'
 'Provides excellent UVB protection' 'Filters a portion of UVA rays'
 'Backed by numerous studies confirming its safety as used in sunscreens'
 'Its cinnamic acid component can be allergenic for some'
 'Also known as octyl methoxycinnamate and ethylhexyl methoxycinnamate']",Paula's Choice
Oatmeal,Best,['Soothing'],['Antioxidant' 'Plant Extracts'],['Actives' 'Support'],[],Paula's Choice
Oat Kernel Extract,Best,['Soothing'],['Antioxidant' 'Plant Extracts'],['Actives' 'Support'],[],Paula's Choice
Oat Bran Extract,Best,['Soothing'],['Antioxidant' 'Plant Extracts'],['Actives' 'Support'],"['Has antioxidant compounds' 'Good source of soothing beta-glucan'
 'Excellent for sensitive, compromised skin'
 'Also called Avena sativa bran extract']",Paula's Choice
Oat Beta-Glucan,Best,['Soothing' 'Hydration'],['Antioxidant' 'Plant Extracts'],['Actives' 'Support'],[],Paula's Choice
Nymphaea Tetragona Extract,Best,[],['Antioxidant' 'Plant Extracts'],['Actives' 'Support'],[],Paula's Choice
Nymphaea Tetragona,Best,[],[],[],[],Paula's Choice
Nordihydroguaiaretic Acid,Best,['Anti-Aging'],['Antioxidant'],['Actives'],"['Powerful antioxidant that can be naturally or synthetically derived'
 'Stands out for its ability to help mitigate visible effects of UV exposure'
 'Helps prevent the oxidation of oil, which formulators theorize may reduce the appearance of blackheads'
 'The natural form of this ingredient comes from the twigs and leaves of the shrub Larrea tridentata']",Paula's Choice
Nicotinic Acid,Best,['Anti-Aging' 'Pore Minimizer' 'Soothing'],['Antioxidant' 'Humectant'],['Actives' 'Support'],[],Paula's Choice
Nicotinamide Adenine Dinucleotide,Best,['Anti-Aging' 'Hydration' 'Soothing'],['Antioxidant' 'Humectant'],['Actives' 'Support'],"['Coenzyme responsible for supplying energy to every cell in the body'
 'Not easily bioavailable when applied to skin'
 'Niacinamide is a precursor to NAD+Unknown if topical niacinamide directly converts to NAD+']",Paula's Choice
Nicotinamide,Best,['Anti-Aging' 'Pore Minimizer' 'Soothing'],['Antioxidant' 'Humectant'],['Actives' 'Support'],"['Famous for visibly reducing enlarged pores and improving dull, uneven skin tone'
 'Boosts skin’s barrier strength and hydration'
 'Helps mitigate negative effects of environmental stressors'
 'Also known as vitamin B3 or niacinamide'
 'Stable in the presence of light (which is unique for an antioxidant)']",Paula's Choice
Nicotiana Benthamiana Hexapeptide-40 sh-Oligopeptide-1,Best,['Anti-Aging'],['Peptides'],['Actives'],"['Plant-derived peptide'
 'Sends messages from skin’s surface to key proteins'
 'Helps support collagen and elastin within skin'
 'Proven to visibly reduce wrinkles'
 'May be referred to simply as oligopeptide-1']",Paula's Choice
Niacinamide,Best,['Anti-Aging' 'Pore Minimizer' 'Soothing'],['Antioxidant' 'Humectant'],['Actives' 'Support'],"['Improves the appearance of enlarged pores' 'Brightens dull, uneven tone'
 'Boosts skin’s barrier strength']",Paula's Choice
Niacin,Best,['Anti-Aging' 'Hydration'],['Antioxidant' 'Humectant'],['Actives' 'Support'],[],Paula's Choice
N-Hydroxysuccinimide,Best,['Hydration'],['Humectant'],['Support'],"['Used to soften and condition skin'
 'Is a reagent, meaning it triggers a reaction that creates a new substance'
 'Can trigger the production of peptides and polymers'
 'Is a white solid in its raw form']",Paula's Choice
Neem Extract,Best,[],[],[],[],Paula's Choice
Natural Moisturizing Factor (NMF),Best,['Hydration'],['Humectant'],['Support'],"['Otherwise known as NMFs'
 'Substances within skin’s uppermost layers that help keep it smooth'
 'Assists with hydration and skin health'
 'NMF include peptides, amino acids, sodium PCA and more']",Paula's Choice
Naringin,Best,['Anti-Aging'],['Antioxidant' 'Plant Extracts'],['Actives' 'Support'],"['A biolflavonoid antioxidant found in certain foods, like citrus'
 'Allows skin to better defend itself when exposed to environmental threats'
 'Can assist in reinforcing the skin’s natural supply of antioxidants']",Paula's Choice
Naringenin,Best,['Anti-Aging' 'Hydration' 'Soothing'],['Antioxidant' 'Plant Extracts'],['Actives' 'Support'],"['Antioxidant-rich flavonoid that can be derived naturally from plants or created synthetically'
 'Improves skin’s innate ability to repair itself and maintain a youthful look'
 'Helps soothes compromised skin'
 'Enhances skin’s ability to retain moisture'
 'Found in grapes, grapefruit, lemons, oranges, and tomatoes']",Paula's Choice
NaPCA,Best,['Hydration' 'Soothing'],['Humectant'],['Support'],"['Also known as sodium PCAIs related to amino acids and occurs naturally in skin'
 'Helps skin’s upper layers draw in and retain moisture'
 'Is a staple ingredient in many moisturizing products']",Paula's Choice
Myristyl Nicotinate,Best,['Hydration' 'Anti-Aging' 'Dark Spot Fading'],['Humectant'],['Support'],[],Paula's Choice
Myristoyl Tripeptide-31,Best,['Anti-Aging'],['Peptides'],['Actives'],[],Paula's Choice
Myristoyl Pentapeptide-17,Best,['Hydration' 'Soothing'],['Peptides'],['Actives'],[],Paula's Choice
Myristoyl Hexapeptide-16,Best,['Hydration' 'Soothing'],['Peptides'],['Actives'],[],Paula's Choice
Myrica Cerifera (Bayberry) Fruit Extract,Best,['Anti-Aging' 'Soothing'],['Antioxidant' 'Plant Extracts'],['Actives' 'Support'],"['Bluish-white edible berries derived from an evergreen shrub'
 'Potent source of antioxidants'
 'Helps soothe skin and protect against oxidative damage'
 'Plays a helpful role in minimizing glycation']",Paula's Choice
Myrciaria Dubia Fruit Extract,Best,['Anti-Aging'],['Antioxidant' 'Plant Extracts'],['Actives' 'Support'],[],Paula's Choice
Myrciaria Dubia (Camu Camu) Fruit Extract,Best,['Anti-Aging'],['Antioxidant' 'Plant Extracts'],['Actives' 'Support'],[],Paula's Choice
Mushroom Extract,Best,['Anti-Aging' 'Evens Skin Tone' 'Hydration' 'Soothing'],['Plant Extracts' 'Antioxidant'],['Actives' 'Support'],"['Potent source of antioxidant compounds to reduce signs of aging'
 'Known for soothing properties that benefit sensitive, redness-prone, reactive skin'
 'No single best mushroom extract to seek out—there are several beneficial species'
 'Only a small amount is needed to obtain benefit']",Paula's Choice
Mulberry Extract,Best,['Anti-Aging' 'Dark Spot Fading' 'Evens Skin Tone'],['Antioxidant' 'Plant Extracts'],['Actives' 'Support'],[],Paula's Choice
Mucopolysaccharide,Best,['Hydration'],['Humectant'],['Support'],[],Paula's Choice
Morus Alba (White Mulberry) Root Extract,Best,['Anti-Aging' 'Soothing'],['Antioxidant' 'Plant Extracts'],['Actives' 'Support'],[],Paula's Choice
Moringa Oleifera Seed Oil,Best,['Hydration' 'Anti-Aging'],['Emollient' 'Antioxidant' 'Plant Extracts'],['Actives' 'Support'],[],Paula's Choice
Mexoryl SX,Best,['Anti-Aging'],['UV Filters'],['Actives'],[],Paula's Choice
Methylene Bis-Benzotriazolyl Tetramethylbutylphenol,Best,['Anti-Aging'],['UV Filters'],['Actives'],"['Synthetic broad-spectrum UV filter that helps defend skin against UVA and UVB rays'
 'Unique in that its mechanism of action is a hybrid of a chemical and physical protection'
 'Also used to stabilize other ingredients and prevent formulary deterioration'
 'Approved as UV filter in many global markets but not in the U.S.\u202f\u202fAlso goes by Tinosorb M or Bisoctrizole']",Paula's Choice
Meradimate,Best,['Anti-Aging'],['UV Filters'],['Actives'],[],Paula's Choice
Menthyl Anthranilate,Best,[],['UV Filters'],['Actives'],[],Paula's Choice
Melia Azadirachta Leaf Extract,Best,['Anti-Aging'],['Antioxidant' 'Plant Extracts'],['Actives' 'Support'],[],Paula's Choice
Melia Azadirachta Flower Extract,Best,['Anti-Aging'],['Antioxidant' 'Plant Extracts'],['Actives' 'Support'],[],Paula's Choice
Medicago Sativa (Alfalfa) Extract,Best,['Anti-Aging' 'Soothing'],['Antioxidant' 'Plant Extracts'],['Actives' 'Support'],"['Non-fragrant plant extract' 'Rich in antioxidants'
 'Has anti-inflammatory properties' 'Also called lucerne']",Paula's Choice
Meadowfoam Seed Oil,Best,['Hydration' 'Anti-Aging'],['Emollient' 'Occlusive/Opacifying Agent' 'Plant Extracts'],['Support'],"['Highly stable due to its composition of long-chain fatty acids'
 'Functions as an emollient and softening agent'
 'More resistant to rancidity than other natural oils'
 'Contains compounds that can help offset the negative impact of UVB light exposure']",Paula's Choice
Mauritia Flexuosa Fruit Oil,Best,['Hydration' 'Soothing'],['Antioxidant' 'Emollient' 'Plant Extracts'],['Actives' 'Support'],"['Plant oil rich in antioxidants (including carotenoids, vitamin E and vitamin C)Supplies skin with beneficial fatty acids and phytosterols'
 'Provides moisturizing and anti-aging benefits'
 'Does not contain volatile fragrance compounds that irritate skin']",Paula's Choice
Matrixyl 3000,Best,['Anti-Aging'],['Peptides'],['Actives'],"['Trademarked blend that includes two synthetic peptides with anti-aging benefits'
 'Proven to reduce wrinkle depth' 'Calms signs of skin irritation'
 'Helps mitigate visible skin damage']",Paula's Choice
Mate Extract,Best,['Anti-Aging' 'Soothing'],['Antioxidant' 'Plant Extracts'],['Actives' 'Support'],[],Paula's Choice
Marshmallow,Best,['Soothing'],['Plant Extracts' 'Texture Enhancer'],['Support' 'Sensory'],"['AKA Althaea officinalis root extract'
 'Plant-derived skin care ingredient' 'Used to help soothe skin']",Paula's Choice
Manuka Oil,Best,['Hydration' 'Anti-Aging'],['Emollient' 'Plant Extracts'],['Support'],[],Paula's Choice
Manuka Honey,Best,['Anti-Aging' 'Soothing'],['Antioxidant' 'Plant Extracts'],['Actives' 'Support'],"['Primarily produced in New Zealand'
 'Has more methylglyoxal that other honey'
 'Methylglyoxal aids in skin healing' 'Also has soothing properties']",Paula's Choice
Mangifera Indica (Mango) Seed Butter,Best,['Hydration'],['Emollient' 'Plant Extracts'],['Support'],[],Paula's Choice
Mandelic Acid,Best,['Smooths Bumpy Skin' 'Evens Skin Tone'],['Exfoliant'],['Actives'],"['The gentlest alpha hydroxy acid' 'Excellent choice for sensitive skin'
 'Helps firm and fade post-breakout marks']",Paula's Choice
Malpighia Glabra (Acerola) Fruit Juice,Best,['Anti-Aging' 'Evens Skin Tone'],['Antioxidant' 'Plant Extracts'],['Actives' 'Support'],"['AKA acerola cherry juice or acerola juice'
 'Best known for anti-aging benefits'
 'High antioxidant concentrations support even skin tone'
 'Contains high levels of vitamin C']",Paula's Choice
Malpighia Emarginata (Acerola) Fruit Extract,Best,['Anti-Aging'],['Antioxidant' 'Plant Extracts'],['Actives' 'Support'],"['A potent source of antioxidants, including vitamin CCan help protect skin from environmental damage'
 'Assisits with skin hydration'
 'AKA Barbados cherry or the acerola cherry']",Paula's Choice
Mallow,Best,['Soothing'],['Texture Enhancer' 'Plant Extracts'],['Support' 'Sensory'],[],Paula's Choice
Malic Acid,Best,['Evens Skin Tone' 'Smooths Bumpy Skin'],['Exfoliant' 'pH Adjuster/Stabilizer'],['Actives' 'Utility'],"['Exfoliating ingredient derived from unripe fruit'
 'Has AHA and BHA properties' 'Boosts efficacy of other exfoliants'
 'Ideal exfoliating range is between p'
 'H 3-4Also used as a food additive']",Paula's Choice
Magnesium PCA,Best,['Hydration'],['Humectant'],['Support'],"['A skin-replenishing mineral electrolyte'
 'Boosts hydration and optimizes moisture balance'
 'Helps strengthen skin’s barrier'
 'Deemed safe by the Cosmetic Ingredient Review Expert Panel']",Paula's Choice
Magnesium Ascorbyl Phosphate,Best,['Anti-Aging' 'Hydration'],['Antioxidant' 'Humectant'],['Actives' 'Support'],"['Water-soluble yet oil-loving stabilized form of vitamin CDelivers many of the same benefits as vitamin CPromotes hydration deeper in skin, but not as potent an antioxidant as pure vitamin CIsn’t beholden to a low p'
 'H for efficacy and is generally well tolerated'
 'Soothing properties may play a role in reducing blemishes']",Paula's Choice
Madecassoside,Best,['Anti-Aging' 'Soothing'],['Antioxidant' 'Plant Extracts'],['Actives' 'Support'],"['Found in Centella asiatica plant' 'Potent antioxidant properties'
 'Also has soothing abilities'
 'Helps improve the appearance of dark spots']",Paula's Choice
Madecassic Acid,Best,['Anti-Aging' 'Soothing'],['Antioxidant' 'Plant Extracts'],['Actives' 'Support'],"['One of four main bioactive compounds in Centella asiatica'
 'Assists in soothing reddened or sensitized skin'
 'Contributes to hydration'
 'Helps shield skin from pro-aging environmental aggressors']",Paula's Choice
Lysophosphatidylethanolamine,Best,['Hydration' 'Dark Spot Fading'],['Humectant'],['Support'],[],Paula's Choice
Lysine HCI,Best,['Hydration' 'Anti-Aging'],['Humectant' 'Antioxidant'],['Actives' 'Support'],"['Amino acid salt' 'May be animal-derived or made in a lab'
 'Plays a role in helping keep skin hydrated'
 'Produces supportive substances that keep skin looking youthful and smooth']",Paula's Choice
Lysine Carboxymethyl Cysteinate,Best,['Hydration' 'Anti-Aging'],['Antioxidant'],['Actives'],"['Amino acid derivative that conditions skin and hair'
 'Potent antioxidant that helps “recycle” antioxidants on skin'
 'Made from specialized bonds of lysine and cysteine'
 'Considered safe and non-irritating as used in cosmetics']",Paula's Choice
Lycopene,Best,['Anti-Aging'],['Antioxidant' 'Plant Extracts'],['Actives' 'Support'],[],Paula's Choice
Lycium Barbarum Fruit Extract,Best,['Anti-Aging' 'Hydration'],['Antioxidant' 'Plant Extracts'],['Actives' 'Support'],[],Paula's Choice
Lutein,Best,['Anti-Aging'],['Antioxidant' 'Plant Extracts' 'Humectant'],['Actives' 'Support'],[],Paula's Choice
Lupinus Albus Seed Extract,Best,['Anti-Aging'],['Antioxidant' 'Plant Extracts'],['Actives' 'Support'],"['Rich in anti-aging/skin-soothing antioxidants'
 'Helps offset certain triggers of uneven tone'
 'Delivers skin-replenishing fatty acids'
 'Plant extract derived from the white lupin'
 'May be sourced through “upcycling”']",Paula's Choice
Lupinus Albus (White Lupine) Seed Oil,Best,['Anti-Aging' 'Hydration' 'Soothing'],['Antioxidant' 'Emollient' 'Plant Extracts'],['Actives' 'Support'],[],Paula's Choice
Lupine Oil,Best,['Hydration' 'Anti-Aging'],['Antioxidant' 'Emollient' 'Plant Extracts'],['Actives' 'Support'],[],Paula's Choice
Lupine,Best,['Anti-Aging'],['Antioxidant' 'Plant Extracts'],['Actives' 'Support'],[],Paula's Choice
Lotus Seed Extract,Best,['Anti-Aging' 'Soothing'],['Antioxidant' 'Plant Extracts'],['Actives' 'Support'],[],Paula's Choice
Loquat Extract,Best,['Anti-Aging' 'Hydration'],['Antioxidant' 'Plant Extracts' 'Humectant'],['Actives' 'Support'],[],Paula's Choice
Lonicera Japonica Flower Extract,Best,['Soothing'],['Plant Extracts'],['Support'],[],Paula's Choice
Lonicera Japonica,Best,['Soothing'],['Plant Extracts'],['Support'],[],Paula's Choice
Lonicera Caprifolium Flower Extract,Best,['Soothing'],['Plant Extracts'],['Support'],[],Paula's Choice
Lithospermum Erythrorhizon Root Extract,Best,['Anti-Aging' 'Soothing'],['Antioxidant' 'Plant Extracts'],['Actives' 'Support'],"['Herb native to China, Japan, and Korea' 'Improves skin’s barrier'
 'Protects against oxidative stress'
 'Potentially shields skin from UVB-related photoaging']",Paula's Choice
Lithospermum Erythrorhizon,Best,['Anti-Aging' 'Soothing'],['Antioxidant' 'Plant Extracts'],['Actives' 'Support'],[],Paula's Choice
Lipid,Best,['Hydration'],['Emollient' 'Occlusive/Opacifying Agent'],['Support'],[],Paula's Choice
Linum Usitatissimum Extract,Best,[],['Plant Extracts'],['Support'],[],Paula's Choice
Linum Usitatissimum (Linseed) Seed Oil,Best,['Anti-Aging' 'Hydration' 'Soothing'],['Emollient' 'Antioxidant' 'Occlusive/Opacifying Agent'],['Actives' 'Support'],"['Plant-derived oil more commonly known as flaxseed oil'
 'Significant source of omega fatty acids'
 'Enhance skin’s hydration by preventing moisture loss'
 'Can also have antioxidant properties']",Paula's Choice
Linseed Seed Oil,Best,['Anti-Aging' 'Hydration' 'Soothing'],['Emollient' 'Antioxidant' 'Occlusive/Opacifying Agent'],['Actives' 'Support'],"['More commonly known as flaxseed oil'
 'Significant plant source of omega fatty acids'
 'Shown to have a soothing effect on skin']",Paula's Choice
Linolenic Acid,Best,['Hydration'],['Emollient' 'Cleansing Agent'],['Support' 'Utility'],"['Omega-3 fatty acid' 'Skin conditioning and restorative ingredient'
 'Has soothing properties'
 'Is one of two essential fatty acids for humans']",Paula's Choice
Linoleic Acid,Best,['Anti-Aging' 'Hydration'],['Emollient'],['Support'],"['Unsaturated omega-6 fatty acid found in corn, safflower, and sunflower oils'
 'The most abundant fatty acid found in skin’s upper layers'
 'Acts as an emollient'
 'Research shows it’s an antioxidant, restorative, calming, and discoloration-fighting ingredient']",Paula's Choice
Linden Flower Extract,Best,['Anti-Aging' 'Hydration'],['Antioxidant' 'Plant Extracts'],['Actives' 'Support'],[],Paula's Choice
Limnanthes Alba Seed Oil,Best,['Hydration' 'Anti-Aging'],['Emollient' 'Plant Extracts' 'Occlusive/Opacifying Agent'],['Support'],"['AKA meadowfoam seed oil' 'Functions as an emollient and softening agent'
 'Has a high concentration of highly stable fatty acids']",Paula's Choice
Limnanthes Alba (Meadowfoam) Seed Oil,Best,['Hydration'],['Emollient' 'Occlusive/Opacifying Agent' 'Plant Extracts'],['Support'],[],Paula's Choice
Limnanthes Alba,Best,['Anti-Aging'],['Plant Extracts' 'Antioxidant'],['Actives' 'Support'],[],Paula's Choice
Licorice Root,Best,['Dark Spot Fading' 'Soothing' 'Anti-Aging'],['Antioxidant' 'Plant Extracts'],['Actives' 'Support'],"['Has antioxidant and soothing properties' 'Helps fight dark spots'
 'Also called Glycyrrhiza glabra root extract']",Paula's Choice
Licorice Extract,Best,['Dark Spot Fading' 'Soothing' 'Anti-Aging'],['Antioxidant' 'Plant Extracts'],['Actives' 'Support'],"['General term for extracts from licorice'
 'Defends skin against oxidative stress'
 'Glycyrrhetinic acid helps soothe skin'
 'Also minimizes dark patches and uneven tone']",Paula's Choice
Leucine,Best,['Hydration'],['Humectant'],['Support'],[],Paula's Choice
Leptospermum Scoparium Oil,Best,['Hydration' 'Anti-Aging'],['Emollient' 'Plant Extracts' 'Antioxidant'],['Actives' 'Support'],[],Paula's Choice
Leontopodium Alpinum (Edelweiss) Extract,Best,['Soothing'],['Antioxidant' 'Plant Extracts'],['Actives' 'Support'],[],Paula's Choice
Lentinus Edodes Extract,Best,['Anti-Aging' 'Soothing'],['Antioxidant' 'Plant Extracts'],['Actives' 'Support'],[],Paula's Choice
Lecithin,Best,['Hydration'],['Emollient' 'Emulsifier' 'Cleansing Agent'],['Support' 'Utility'],"['Assists in improving skin’s moisture retention'
 'Is also emulsifying agent'
 'Long track record of safety in skin care products'
 'Can also be used to encapsulate key ingredients to achieve improved dermal delivery'
 'Typically derived from soy, sunflower and rapeseed in cosmetic formulas']",Paula's Choice
Lauryl Laurate,Best,['Hydration'],['Emollient' 'Texture Enhancer'],['Support' 'Sensory'],"['Wax-like emollient that contributes to a soft after feel and smooth glide'
 'Helps bioactive ingredients better integrate with skin’s surface'
 'Can be used to add opacity to a formula'
 'Deemed safe by the Cosmetic Ingredient Review']",Paula's Choice
Lauric Acid,Best,['Hydration' 'Soothing'],['Cleansing Agent' 'Humectant' 'Emulsifier'],['Support' 'Utility'],"['Natural component of skin’s oil'
 'Plays a role in reinforcing skin’s innate defenses by strengthening its microbiome'
 'Functions as a cleansing agent/emulsifier in cosmetic formulas'
 'Studies have shown lauric acid offers antimicrobial activity'
 'Can be sourced from coconut oil, babassu butter and other natural fats']",Paula's Choice
L-Ascorbic Acid,Best,['Anti-Aging' 'Dark Spot Fading' 'Evens Skin Tone'],['Antioxidant' 'pH Adjuster/Stabilizer'],['Actives' 'Utility'],"['Potent antioxidant and form of vitamin CCan improve the appearance of signs of aging'
 'Promotes skin longevity' 'Improves uneven tone' 'AKA ascorbic acid']",Paula's Choice
Lamium Album Flower Extract,Best,['Anti-Aging' 'Soothing'],['Antioxidant' 'Plant Extracts'],['Actives' 'Support'],[],Paula's Choice
Laminaria Sacharina,Best,['Anti-Aging' 'Soothing'],['Plant Extracts' 'Antioxidant'],['Actives' 'Support'],[],Paula's Choice
Laminaria Saccharina Extract,Best,['Anti-Aging' 'Soothing'],['Plant Extracts' 'Antioxidant'],['Actives' 'Support'],"['Extract derived from a species of yellow/brown algae'
 'Most well-known for its skin-soothing and anti-aging antioxidant properties'
 'Offers chelating action to promote cosmetic formula stability'
 'Rich in polysaccharides that can boost hydration']",Paula's Choice
Laminaria Ochroleuca Extract,Best,['Anti-Aging' 'Soothing'],['Plant Extracts' 'Antioxidant'],['Actives' 'Support'],"['Type of kelp that helps soothe skin'
 'Offers hydration-enhancing properties'
 'Can play a role in reinforcing skin’s barrier'
 'Helps ward off environmental stressors'
 'Offers anti-aging benefits, partly due to antioxidant content'
 'Researchers note that this ingredient is particularly useful for those prone to sensitive skin']",Paula's Choice
Laminaria Digitata Extract,Best,['Anti-Aging' 'Soothing'],['Plant Extracts' 'Antioxidant'],['Actives' 'Support'],"['Marine plant extract that can soothe distressed skin'
 'Visibly eases signs of aging due to sun damage'
 'Plays a role in reducing acne-related redness'
 'Also known as sea kelp and brown seaweed']",Paula's Choice
Laminaria Digitata,Best,['Anti-Aging' 'Soothing'],['Plant Extracts' 'Antioxidant'],['Actives' 'Support'],[],Paula's Choice
Lady's Thistle (Milk Thistle) Extract,Best,['Anti-Aging' 'Dark Spot Fading' 'Evens Skin Tone'],['Antioxidant' 'Plant Extracts' 'Emollient'],['Actives' 'Support'],[],Paula's Choice
Lactoperoxidase,Best,['Hydration'],['Humectant'],['Support'],"['Natural enzyme derived from milk'
 'Also found in human saliva and mucosal systems'
 'Antimicrobial + hydrating action helps restore skin’s microbiome'
 'Considered safe as used in cosmetics']",Paula's Choice
Lactobionic Acid,Best,['Smooths Bumpy Skin' 'Evens Skin Tone' 'Hydration'],['Exfoliant' 'pH Adjuster/Stabilizer'],['Actives' 'Utility'],"['One of the polyhydroxy acids, chemically similar to AHAs'
 'Slower penetration means a gentler experience'
 'Exfoliates but is also a powerful humectant' 'Has antioxidant ability']",Paula's Choice
Lactobacillus Ferment Lysate,Best,['Soothing'],['Prebiotic/Probiotic/Postbiotic'],['Actives'],"['Fermented byproduct of the probiotic Lactobacillus'
 'Delivers skin-soothing properties'
 'Has the potential to positively influence skin’s microbiome'
 'May also help address signs of photoaging (though more independent research is needed)Can make other ingredients more bioavailable through fermentation']",Paula's Choice
Lactobacillus Ferment,Best,['Hydration' 'Soothing'],['Prebiotic/Probiotic/Postbiotic'],['Actives'],[],Paula's Choice
Lactobacillus/Rye Flour Ferment,Best,['Hydration'],['Humectant' 'Prebiotic/Probiotic/Postbiotic'],['Actives' 'Support'],[],Paula's Choice
Lactobacillus/Portulaca Oleracea Ferment Extract,Best,['Anti-Aging'],['Antioxidant' 'Plant Extracts' 'Prebiotic/Probiotic/Postbiotic'],['Actives' 'Support'],"['Created by fermentation of the purslane plant'
 'Has antioxidant benefits' 'Fermentation can promote further benefits'
 'Also a skin conditioning ingredient']",Paula's Choice
Lactobacillus/Coconut Fruit Juice Ferment Filtrate,Best,['Hydration'],['Humectant'],['Support'],"['Result of combining lactobacillus bacteria + coconut juice'
 'Blend starts a fermentation process that releases natural sugars'
 'Work on skin as prebiotics' ""Helps support skin's microbiome""
 'Softens & conditions skin']",Paula's Choice
Lactobacillius,Best,['Hydration'],['Humectant' 'Prebiotic/Probiotic/Postbiotic'],['Actives' 'Support'],"['Typically made by fermentation of simple organisms'
 'Helps condition and bind moisture to skin' 'Supports skin’s microbiome'
 'Often used with skin-beneficial prebiotics']",Paula's Choice
Lactic Acid,Best,['Anti-Aging' 'Evens Skin Tone' 'Hydration'],['Exfoliant' 'Humectant' 'pH Adjuster/Stabilizer'],['Actives' 'Support' 'Utility'],"['Exfoliates the surface of skin' 'Has hydrating properties'
 'Strengthens skin’s barrier'
 'Helps positively influence skin’s microbiome']",Paula's Choice
Kudzu Root,Best,['Anti-Aging' 'Evens Skin Tone'],['Antioxidant' 'Plant Extracts'],['Actives' 'Support'],[],Paula's Choice
Kinetin,Best,['Anti-Aging'],['Antioxidant' 'Plant Extracts'],['Actives' 'Support'],"['Type of plant hormone' 'Has antioxidant properties'
 'Also defends against cell senescence'
 'Derivatives may help defend against sun damage']",Paula's Choice
Ju Hua,Best,['Soothing'],['Plant Extracts'],['Support'],[],Paula's Choice
Jojoba Wax,Best,['Hydration'],['Emollient' 'Texture Enhancer' 'Plant Extracts'],['Support' 'Sensory'],[],Paula's Choice
Jojoba Oil,Best,['Hydration' 'Anti-Aging'],['Emollient' 'Plant Extracts' 'Antioxidant'],['Actives' 'Support'],"['Emollient, non-fragrant oil' ""Enhances skin's restorative properties""
 'Rich source of fatty acids' 'Texture similar to sebum']",Paula's Choice
Jojoba Esters,Best,['Hydration'],['Emollient' 'Plant Extracts' 'Texture Enhancer'],['Support' 'Sensory'],[],Paula's Choice
Jojoba Butter,Best,['Hydration'],['Emollient' 'Plant Extracts'],['Support'],[],Paula's Choice
Italica Broccoli Seed Oil,Best,['Anti-Aging' 'Hydration'],['Antioxidant' 'Plant Extracts'],['Actives' 'Support'],"['Oil from the broccoli plant' 'Rich in antioxidants and fatty acids'
 'Ruled safe as used in skin care'
 'Highest usage level in cosmetics reported at 3%Golden oil in its raw form']",Paula's Choice
Isoflavone,Best,['Anti-Aging'],['Antioxidant' 'Plant Extracts'],['Actives' 'Support'],[],Paula's Choice
Iron Oxides,Best,[],['Coloring Agent/Pigment'],['Sensory'],[],Paula's Choice
Irish Moss Extract,Best,['Hydration' 'Anti-Aging'],['Antioxidant' 'Plant Extracts'],['Actives' 'Support'],[],Paula's Choice
Ipomoea Batatas Root Extract,Best,['Anti-Aging' 'Soothing'],['Antioxidant' 'Plant Extracts'],['Actives' 'Support'],"['From the sweet potato plant' 'Rich in antioxidant polyphenols'
 'Higher concentrations can boost collagen' 'Has skin soothing properties']",Paula's Choice
Inulin,Best,['Hydration' 'Soothing'],['Humectant' 'Texture Enhancer' 'Prebiotic/Probiotic/Postbiotic'],['Actives' 'Support' 'Sensory'],"['A prebiotic, plant-derived polysaccharide fiber'
 'Helps support a healthy skin microbiome'
 'Offers water-binding properties to hydrate and softens skin'
 'Can improve texture of products without changing viscosity']",Paula's Choice
Inositol,Best,['Hydration'],[],[],"['Major component of fatty acid lecithin'
 'Also known as myo-inositol and d-chiro inositol'
 'Produced in the body, where it assists many healthy processes'
 'Not a vitamin, but sometimes lumped in with the B vitamin group.']",Paula's Choice
Ilex Paraguariensis Leaf Extract,Best,['Anti-Aging' 'Soothing'],['Antioxidant' 'Plant Extracts'],['Actives' 'Support'],[],Paula's Choice
Ilex Paraguariensis,Best,['Anti-Aging' 'Soothing'],['Antioxidant' 'Plant Extracts'],['Actives' 'Support'],[],Paula's Choice
Idebenone,Best,['Anti-Aging'],['Antioxidant'],['Actives'],[],Paula's Choice
Hydroxysteroid Oxidoreductase,Best,['Anti-Aging' 'Hydration'],['Antioxidant' 'Humectant'],['Actives' 'Support'],[],Paula's Choice
Hydroxypropyltrimonium Hyaluronate,Best,['Anti-Aging' 'Hydration'],['Film-Forming Agent' 'Humectant' 'Polymer'],['Support' 'Sensory'],"['Next-gen derivative of moisture magnet hyaluronic acid'
 'Strongly adheres to skin for instant + long-lasting hydration'
 'Supports key proteins and lipids required for a strong barrier'
 'Cationic charge resists water rinse-off'
 'Texture-smoothing film-forming properties minus a tacky finish']",Paula's Choice
Hydroxypinacolone Retinoate,Best,['Anti-Acne' 'Anti-Aging' 'Evens Skin Tone'],['Antioxidant' 'Retinoids'],['Actives'],"['Ester of retinoic acid also known as Granactive Retinoid'
 'More stable and gentle vitamin A derivative'
 'Helps reduce and offset visible signs of aging, like fines lines and wrinkles'
 'Is sensitive to light and air']",Paula's Choice
Hydroxypalmitoyl Sphinganine,Best,['Anti-Aging' 'Hydration'],['Emollient'],['Support'],"['Ceramide precursor that helps improve skin barrier function'
 'Boosts hydration by stopping moisture loss from skin’s uppermost layers'
 'Can improve skin’s firm, plump appearance'
 'Nudges skin to make more of its own ceramides naturally']",Paula's Choice
Hydroxylated Lecithin,Best,['Hydration'],['Emollient' 'Emulsifier' 'Cleansing Agent'],['Support' 'Utility'],[],Paula's Choice
Hydroxyacetophenone,Best,['Anti-Aging' 'Hydration'],['Antioxidant' 'Humectant'],['Actives' 'Support'],"['Synthetic antioxidant and humectant in skin care'
 'Helps boost preservative systems in many types of formulas'
 'Noted for its soothing ability' 'Considered safe as used in cosmetics']",Paula's Choice
Hydroquinone,Best,['Anti-Acne' 'Dark Spot Fading'],['Antioxidant'],['Actives'],"['Gold standard ingredient for fading discolorations'
 'Inhibits enzyme responsible for melanin production'
 'Available in the U.S. through a prescription'
 'No human cases of cancer related to hydroquinone use']",Paula's Choice
Hydrolyzed Yeast Extract,Best,['Anti-Aging' 'Hydration' 'Soothing'],['Antioxidant' 'Humectant'],['Actives' 'Support'],"['Rich source of soothing compounds, lipids, and hydrating saccharides'
 'Typically obtained via fermentation of Saccharomyces cerevisiae yeast'
 'Helps support skin’s barrier and improve resilience'
 'Soothing properties can help reduce itchy skin']",Paula's Choice
Hydrolyzed sr-(Polypeptide 168 Oligopeptide 178),Best,['Anti-Aging' 'Hydration' 'Soothing'],['Film-Forming Agent' 'Humectant' 'Peptides' 'Texture Enhancer'],['Actives' 'Support' 'Sensory'],"['Lab-engineered vegan silk peptide'
 'Helps protect skin’s surface from environmental threats'
 'Acts as a barrier and a carrier'
 'Clinical evidence of signs of aging improvements'
 'Adds to a product’s pleasant aesthetics']",Paula's Choice
Hydrolyzed Soy Protein,Best,['Anti-Aging'],['Plant Extracts' 'Antioxidant'],['Actives' 'Support'],[],Paula's Choice
Hydrolyzed Sodium Hyaluronate,Best,['Hydration'],['Humectant'],['Support'],"['Sodium hyaluronate that has gone through the process of hydrolysis'
 'Lower molecular weight than sodium hyaluronate (whose molecular weight is lower than hyaluronic acid)Sometimes referred to as “ultra-low weight hyaluronic acid”White power in its raw form']",Paula's Choice
Hydrolyzed Rice Protein,Best,['Anti-Aging' 'Evens Skin Tone' 'Hydration'],['Plant Extracts' 'Peptides'],['Actives' 'Support'],"['Most well known as a skin/hair conditioning agent'
 'Research shows the benefits extend to anti-aging thanks to antioxidant and peptide content'
 'May help with evening skin tone' 'Rich in amino acids'
 'Can be “upcycled” as a byproduct of the rice production process']",Paula's Choice
Hydrolyzed Rhodophycea (Red Algae) Extract,Best,['Hydration' 'Soothing'],['Plant Extracts' 'Humectant'],['Support'],[],Paula's Choice
Hydrolyzed Pumpkin Seedcake,Best,['Hydration' 'Anti-Aging'],['Plant Extracts' 'Occlusive/Opacifying Agent'],['Support'],"['Used as a skin conditioning ingredient' 'Rich in phenols and flavonoids'
 'High antioxidant activity' 'Byproduct of commercial pumpkin production']",Paula's Choice
Hydrolyzed Jojoba Esters,Best,['Hydration'],['Emollient' 'Plant Extracts' 'pH Adjuster/Stabilizer'],['Support' 'Utility'],"['Essential fatty acids from the jojoba plant'
 'Help skin retain moisture and improve its barrier function'
 'Deemed safe as used in cosmetics'
 'Has a tacky, viscous texture at room temperature']",Paula's Choice
Hydrolyzed Hyaluronic Acid,Best,['Hydration'],['Humectant'],['Support'],"['Hydrolyzed form of hyaluronic acid'
 'Has a lower molecular weight than hyaluronic acid'
 'More readily penetrates skin' 'Good moisturizing ingredient']",Paula's Choice
Hydrolyzed Glycosaminoglycans,Best,['Hydration' 'Anti-Aging'],['Humectant'],['Support'],[],Paula's Choice
Hydrolyzed Eruca Sativa (Arugula) Leaf,Best,['Anti-Aging'],['Antioxidant' 'Plant Extracts'],['Actives' 'Support'],[],Paula's Choice
Hydrolyzed Algae Extract,Best,[],['Plant Extracts'],['Support'],[],Paula's Choice
Hydrogenated Soybean Oil,Best,['Hydration'],['Emollient' 'Antioxidant' 'Occlusive/Opacifying Agent'],['Actives' 'Support'],[],Paula's Choice
Hydrogenated Rapeseed Oil,Best,['Hydration'],['Emollient' 'Texture Enhancer' 'Occlusive/Opacifying Agent'],['Support' 'Sensory'],"['Non-fragrant plant oil' 'Works as an emollient that promotes hydration'
 'Also serves as a thickener and occlusive' 'AKA canola oil']",Paula's Choice
Hydrogenated Olive Oil Unsaponifiables,Best,['Anti-Aging' 'Hydration' 'Soothing'],['Antioxidant' 'Emollient' 'Plant Extracts'],['Actives' 'Support'],"['Byproduct of olive oil production'
 'Hydrating emollient that reduces moisture loss'
 'Has antioxidant benefits that promote youthful skin'
 'Used at concentrations between 0.05%-5.0%']",Paula's Choice
Hydrogenated Olive Oil,Best,['Anti-Aging' 'Hydration'],['Emollient' 'Antioxidant' 'Plant Extracts'],['Actives' 'Support'],[],Paula's Choice
Hydrogenated Lecithin,Best,['Hydration'],['Emollient' 'Emulsifier' 'Suspending/Dispersing Agent'],['Support' 'Utility' 'Sensory'],"['Functions as a skin-conditioning emollient'
 'Can enhance the penetration of other ingredients'
 'Also functions as a dispersing agent and emulsifier'
 'May be manufactured synthetically or derived from plant or animal sources'
 'Raw material descriptions range from a white to beige-gray powder appearance'
 'Reported as safe in 15% concentration or les']",Paula's Choice
Hydrogenated Ethylhexyl Olivate,Best,['Hydration'],['Emollient'],['Support'],"['Hydrogenated form of ethylhexyl olivate derived from olive oil'
 'Functions as an emollient and conditioning ingredient'
 'Considered an environmentally friendly alternative to silicone'
 'Ruled safe as used in cosmetics']",Paula's Choice
Hydrocotyl Extract,Best,['Anti-Aging' 'Soothing'],['Plant Extracts' 'Antioxidant'],['Actives' 'Support'],[],Paula's Choice
Hydrocolloid,Best,['Anti-Acne'],['Absorbent' 'Polymer'],['Sensory'],"['Type of adhesive wound dressing'
 'Comprised of polymers for a gel-like texture'
 'Helps absorb exudates from wounds'
 'Effective in improving the look of whiteheads']",Paula's Choice
Hyaluronic Acid,Best,['Anti-Aging' 'Hydration'],['Humectant' 'Antioxidant' 'Texture Enhancer'],['Actives' 'Support' 'Sensory'],"[""Boosts skin's moisture content"" 'Provides antioxidant defense'
 'Has skin-soothing properties' 'Natural component of skin']",Paula's Choice
Humectants,Best,['Hydration'],['Humectant'],['Support'],"['Ingredients that draw and bind moisture to skin'
 'Keep skin’s water levels balanced'
 'Can give skin a plump, dewy, smooth look'
 'Commonly found in moisturizers and serums']",Paula's Choice
Houttuynia Cordata Extract,Best,['Anti-Aging' 'Soothing'],['Antioxidant' 'Plant Extracts'],['Actives' 'Support'],"['Extract of a leafy plant native to Southeast Asia'
 'Rich source of antioxidants'
 'Could have the ability to protect skin from damage from UVB rays'
 'Potentially inhibits pathways leading to skin inflammation'
 'Usage levels in skin care range from 1–3%']",Paula's Choice
Honeysuckle Flower Extract,Best,['Soothing'],['Plant Extracts'],['Support'],"['Extract of the flowers from the\xa0Lonicera family'
 'Functions as an skin-soothing agent'
 'A good source of flavonoids, which have antioxidant benefits']",Paula's Choice
Honey Extract,Best,['Hydration' 'Soothing'],['Humectant' 'Solvent' 'Antioxidant'],['Actives' 'Support' 'Utility'],[],Paula's Choice
Honey,Best,['Hydration' 'Soothing' 'Anti-Aging'],['Humectant' 'Solvent' 'Antioxidant'],['Actives' 'Support' 'Utility'],"['Substance produced by bees from the nectar of flowering plants'
 'Has antioxidant and soothing properties' 'Is not considered vegan']",Paula's Choice
Homosalate,Best,['Anti-Aging'],['UV Filters' 'Solvent'],['Actives' 'Utility'],"['A globally approved UV filter' 'Mostly protects within the UVB range'
 'Serves as a solvent for other UV filters'
 'Considered low risk for triggering an allergic reaction'
 'Often seen in sunscreens with higher SPF ratings']",Paula's Choice
Hoelen,Best,['Anti-Aging' 'Soothing'],['Antioxidant' 'Plant Extracts' 'Preservative'],['Actives' 'Support' 'Utility'],[],Paula's Choice
Histidine,Best,['Anti-Aging' 'Soothing'],['Antioxidant'],['Actives'],"['An amino acid that provides antioxidant benefits'
 'Is also capable of soothing skin' 'Alternate name is L-histidine'
 'May be animal-derived or synthetic']",Paula's Choice
Hippophae Rhamnoides Fruit Extract,Best,['Anti-Aging' 'Soothing'],['Antioxidant' 'Plant Extracts'],['Actives' 'Support'],[],Paula's Choice
Hippophae Rhamnoides (Seaberry) Fruit Extract,Best,['Anti-Aging' 'Soothing'],['Antioxidant' 'Plant Extracts'],['Actives' 'Support'],[],Paula's Choice
Hippophae Rhamnoides,Best,['Anti-Aging' 'Soothing'],['Antioxidant' 'Plant Extracts'],['Actives' 'Support'],[],Paula's Choice
Hexylresorcinol,Best,['Anti-Aging' 'Dark Spot Fading' 'Soothing'],['Antioxidant' 'Preservative'],['Actives' 'Utility'],"['Helps preserve skin’s firmness'
 'Visibly improves the look of dark spots'
 'Promotes a more even skin tone']",Paula's Choice
Hexapeptide-11,Best,['Anti-Aging' 'Hydration'],['Antioxidant' 'Peptides'],['Actives'],"['Hexapeptide-11 is classified as a synthetic ingredient, although it can be initially derived from yeast (Saccharomyces cerevisiae) before undergoing synthesis for high purity. As a cosmetic ingredient, it is supplied as a powder or liquid solution. Suppliers recommend usage levels between 0.001% to 0.01%.']",Paula's Choice
Hexanoyl Dipeptide-3 Norleucine Acetate,Best,['Anti-Aging' 'Evens Skin Tone'],['Peptides' 'Exfoliant'],['Actives'],"['A synthetic peptide that improves skin surface renewal'
 'Has hydrating properties' 'Visibly improves wrinkles'
 'Engineered to work specifically in the stratum corneum']",Paula's Choice
Hesperidin Methyl Chalcone,Best,['Anti-Aging'],['Antioxidant' 'Plant Extracts'],['Actives' 'Support'],"['Synthetic antioxidant'
 'Derived from hesperidin, which is found in citrus fruit'
 'Helps protect skin from UV damage'
 'Possesses soothing and anti-redness properties']",Paula's Choice
Hesperidin,Best,['Anti-Aging'],['Antioxidant' 'Plant Extracts'],['Actives' 'Support'],[],Paula's Choice
Hemp Seed Oil,Best,['Hydration' 'Anti-Aging'],['Emollient' 'Plant Extracts' 'Antioxidant'],['Actives' 'Support'],[],Paula's Choice
Helianthus Oil,Best,['Hydration' 'Anti-Aging'],['Emollient' 'Plant Extracts' 'Antioxidant'],['Actives' 'Support'],[],Paula's Choice
Helianthus Annuus Sunflower Seed Extract,Best,['Hydration'],['Antioxidant' 'Plant Extracts'],['Actives' 'Support'],"['Sunflower seeds are a rich source of polyphenol antioxidants and vitamin EHelps protect skin and hair from environmental damage'
 'Oil in the seeds helps to repair skin’s barrier'
 'Has documented soothing benefits']",Paula's Choice
Helianthus Annuus Seed Oil,Best,['Anti-Aging' 'Hydration'],['Emollient' 'Plant Extracts' 'Antioxidant'],['Actives' 'Support'],[],Paula's Choice
Helianthus Annuus (Sunflower) Sprout Extract,Best,['Anti-Aging' 'Soothing'],['Antioxidant' 'Plant Extracts'],['Actives' 'Support'],"['Derived from sunflower plant seedlings'
 'High in phenolic compounds + flavonoids' 'Also high in fatty acids'
 'Fights skin inflammation' 'Can inhibit UVB-induced skin aging']",Paula's Choice
Helianthus Annuus (Sunflower) Seed Oil,Best,['Anti-Aging'],['Emollient' 'Plant Extracts' 'Antioxidant'],['Actives' 'Support'],"['Non-volatile, non-fragrant plant oil'
 'Contains beneficial fatty acids, including oleic, stearic, & linoleic acid'
 'Helps skin synthesize its own fats, including ceramides'
 ""Aids in visibly repairing skin's barrier""
 'Has a natural calming effect on skin']",Paula's Choice
Haematococcus Pluvialis Extract,Best,['Anti-Aging' 'Soothing'],['Plant Extracts' 'Antioxidant'],['Actives' 'Support'],"['A type of algae rich in a potent antioxidant compound known as astaxanthin'
 'Works powerfully for both anti-aging and soothing skin'
 'Has been shown to boost SPF values in sunscreen formulations'
 'Its fatty acid profile shows promise for calming environmentally damaged skin']",Paula's Choice
Guava,Best,['Anti-Aging'],['Antioxidant' 'Plant Extracts'],['Actives' 'Support'],[],Paula's Choice
Guaiazulene,Best,['Anti-Aging' 'Soothing'],['Antioxidant' 'Coloring Agent/Pigment' 'Plant Extracts'],['Actives' 'Support' 'Sensory'],"['Compound found in some essential oils' 'Has antioxidant properties'
 'Also a soothing ingredient' 'Approved by the FDA as a colorant']",Paula's Choice
Growth Factors,Best,['Anti-Aging'],['Peptides'],['Actives'],"['Chains of amino acids' 'Usually refers to epidermal growth factors'
 'Regulate cell growth'
 'Show promise in improving numerous skin conditions']",Paula's Choice
Gromwell,Best,['Anti-Aging' 'Soothing'],['Plant Extracts' 'Antioxidant'],['Actives' 'Support'],"['Also known as Lithospermum erythrorhizon'
 'Its roots have antioxidant and skin-soothing properties']",Paula's Choice
Grifola Frondosa Fruiting Body Extract,Best,['Anti-Aging' 'Soothing'],['Antioxidant' 'Plant Extracts'],['Actives' 'Support'],"['Mushroom-derived polysaccharidentioxidant that helps defend skin from environmental stressors and signs of aging'
 'Provides skin-soothing benefits'
 'Also serves edible/medicinal purposes, including use in supplements']",Paula's Choice
Green Tea,Best,['Anti-Aging' 'Soothing' 'Oil Control'],['Antioxidant' 'Plant Extracts'],['Actives' 'Support'],"['Has anti-aging and soothing benefits'
 'Contains antioxidant epigallocatechin gallate'
 'Helps improve the appearance of sun-damaged skin']",Paula's Choice
Grape Seed Oil,Best,['Anti-Aging' 'Hydration'],['Antioxidant' 'Emollient' 'Plant Extracts'],['Actives' 'Support'],"['Soothing, non-fragrant plant oil'
 ""Supports skin's barrier via fatty acids""
 'Rich in youth-preserving antioxidants'
 'Delivers moisturization & skin-softening']",Paula's Choice
Grape Seed Extract,Best,['Anti-Aging'],['Antioxidant' 'Plant Extracts'],['Actives' 'Support'],"['Rich source of antioxidants' 'Contains anti-aging resveratrol'
 'Promotes hydration from an improved barrier' 'Has soothing properties']",Paula's Choice
Gotu Kola,Best,['Anti-Aging' 'Soothing'],['Plant Extracts' 'Antioxidant'],['Actives' 'Support'],"['Star ingredient of South Korean cica creams'
 'Has potent antioxidant properties and is a rich source of amino acids'
 'Good hydrating ingredient to soothe compromised skin'
 'Used for culinary and medical purposes in Asia']",Paula's Choice
Goji Fruit Extract,Best,['Anti-Aging'],['Antioxidant' 'Plant Extracts'],['Actives' 'Support'],"['Also known as Lycium barbarum fruit extract'
 'Contains antioxidant compounds and polysaccharides'
 'Can help defend the skin from environmental damage']",Paula's Choice
Glycyrrhiza Uralensis Root Extract,Best,['Soothing' 'Anti-Aging'],['Antioxidant' 'Plant Extracts'],['Actives' 'Support'],[],Paula's Choice
Glycyrrhiza Glabra (Licorice) Root Extract,Best,['Soothing' 'Dark Spot Fading' 'Anti-Aging'],['Antioxidant' 'Plant Extracts'],['Actives' 'Support'],"['Antioxidant AKA licorice root extract' 'Offers skin-soothing properties'
 'Helps improve uneven tone']",Paula's Choice
Glycyrrhiza Glabra,Best,['Soothing' 'Anti-Aging' 'Dark Spot Fading'],['Antioxidant' 'Plant Extracts'],['Actives' 'Support'],"['AKA licorice root extract' 'Offers skin-soothing properties'
 'Can be effective in improving the look of an uneven skin tone'
 'Contains glabridin, a potent antioxidant and skin-soother']",Paula's Choice
Glycyrrhetinic Acid,Best,['Soothing' 'Anti-Aging' 'Dark Spot Fading'],['Antioxidant' 'Plant Extracts'],['Actives' 'Support'],"['Main ingredient found in licorice' 'Potent antioxidant properties'
 'Helps fight UVB-induced skin aging' 'Exerts soothing effects on skin'
 'Helps minimize uneven skin tone']",Paula's Choice
Glycyrrhetic Acid,Best,['Soothing' 'Anti-Aging' 'Dark Spot Fading'],['Antioxidant' 'Plant Extracts'],['Actives' 'Support'],[],Paula's Choice
Glycosphingolipid,Best,['Hydration'],['Emollient'],['Support'],[],Paula's Choice
Glycosaminoglycans,Best,['Hydration'],['Humectant'],['Support'],[],Paula's Choice
Glycoproteins,Best,['Anti-Aging'],['Humectant' 'Peptides'],['Actives' 'Support'],[],Paula's Choice
Glycolipid,Best,['Hydration'],['Emollient'],['Support'],[],Paula's Choice
Glycolic Acid,Best,['Anti-Aging' 'Evens Skin Tone' 'Smooths Bumpy Skin'],['Exfoliant' 'Humectant' 'pH Adjuster/Stabilizer'],['Actives' 'Support' 'Utility'],"['The most-researched AHA (alpha hydroxy acid)Helps renew skin’s surface'
 'Visibly improves several signs of aging'
 'Significantly increases skin’s hydration'
 'New research shows it may protect skin from UV damage'
 'Has a long history of safe use']",Paula's Choice
Glycine Soja Sterols,Best,['Hydration' 'Anti-Aging'],['Emollient' 'Plant Extracts' 'Antioxidant'],['Actives' 'Support'],"['Have moisturizing and antioxidant properties'
 'Solid complex alcohols derived from wild soybean plants'
 'Type of phytosterol' 'Ruled safe as used in cosmetics']",Paula's Choice
Glycine Soja Seed Extract,Best,['Anti-Aging' 'Hydration' 'Evens Skin Tone'],['Antioxidant' 'Plant Extracts' 'Humectant'],['Actives' 'Support'],"['Derived from soybeans' 'Has antioxidant abilities'
 'Can help promote an even tone']",Paula's Choice
Glycine Soja Oil,Best,['Anti-Aging' 'Hydration'],['Antioxidant' 'Plant Extracts' 'Emollient'],['Actives' 'Support'],"['AKA soybean oil' 'Non-fragrant plant oil with multiple uses for skin'
 'Has skin-smoothing emollient properties'
 'Source of antioxidants and replenishing fatty acids']",Paula's Choice
Glycine Soja (Soybean) Seed Extract,Best,['Anti-Aging' 'Dark Spot Fading' 'Soothing'],['Antioxidant' 'Plant Extracts'],['Actives' 'Support'],"['Rich source of antioxidants, including isoflavones proven to help skin'
 'Defends skin from environmental aggressors'
 'Plays a role in reducing the look of hyperpigmentation + uneven skin tone'
 'Visibly improves skin’s firmness and elasticity']",Paula's Choice
Glycine Max (Soybean) Oil,Best,['Anti-Aging' 'Hydration'],['Antioxidant' 'Emollient' 'Plant Extracts'],['Actives' 'Support'],"['Oil extracted from domesticated soybeans' 'Has antioxidant properties'
 'Contains fatty acids'
 'Helps replenish skin’s natural moisturizing factors']",Paula's Choice
Glycine,Best,['Hydration'],['Humectant'],['Support'],"['Amino acid that helps the body create proteins' 'Produced by the body'
 'Is a skin replenishing ingredient'
 'Chemically is considered the simplest amino acid']",Paula's Choice
Glyceryl Glucoside,Best,['Hydration' 'Soothing'],['Antioxidant' 'Humectant'],['Actives' 'Support'],"['Composed of skin-loving glycerin and glucose'
 'A humectant that draws moisture to skin'
 'Ensures balanced hydration + helps prevent dehydration'
 'Helps boost enzymatic antioxidants in skin’s surface layers']",Paula's Choice
Glyceryl Behenate,Best,['Hydration'],['Emollient' 'Emulsifier' 'Cleansing Agent'],['Support' 'Utility'],"['Emollient formed by the combination of glycerin + behenic acid'
 'Aids the integration of key ingredients into skin’s surface and imparts a smooth, soft feel'
 'Can also function as an emulsifier and formulary texture enhancer'
 'Also used as a thickening or gelling agent for oils or oil phases of emulsions'
 'Proven track record of safety in cosmetic use']",Paula's Choice
Glyceryl Ascorbate,Best,['Anti-Aging' 'Dark Spot Fading' 'Evens Skin Tone'],['Antioxidant'],['Actives'],"['Made by binding ascorbic acid with hydrating glycerin'
 'Helps visibly fade discoloration by inhibiting transfer of excess melanin'
 'Excellent skin penetration and easier to formulate with than ascorbic acid'
 'Not considered as potent an antioxidant as pure vitamin C (ascorbic acid)Most effective in a p'
 'H between 3–5 and more stable than ascorbic acid']",Paula's Choice
Glycerol,Best,[],['Humectant'],['Support'],"['Is a skin-restoring ingredient, meaning it is found naturally in skin'
 'Functions as a humectant, helping skin retain moisture'
 'A fundamental cornerstone of most moisturizers'
 'Typically used in concentrations of 5% or less'
 'Amounts of 10% or greater aid in skin healing']",Paula's Choice
Glycerine,Best,['Hydration' 'Anti-Aging'],['Humectant' 'Texture Enhancer' 'Solvent'],['Support' 'Utility' 'Sensory'],"['Is a skin-restoring ingredient, meaning it is found naturally in skin'
 'Functions as a humectant, helping skin retain moisture'
 'A fundamental cornerstone of most moisturizers'
 'Typically used in concentrations of 5% or less'
 'Amounts of 10% or greater aid in skin healing']",Paula's Choice
Glycerin,Best,['Hydration' 'Anti-Aging'],['Humectant' 'Texture Enhancer' 'Solvent'],['Support' 'Utility' 'Sensory'],"['Found naturally in skin' 'Helps skin retain moisture'
 'Encourages a healthy look and feel']",Paula's Choice
Glutathione,Best,['Anti-Aging'],['Antioxidant'],['Actives'],"['Occurs naturally in skin' 'Defends against environmental damage'
 'Offers restoring and tone-improving benefits'
 'Composed of three amino acids']",Paula's Choice
Glutamine,Best,['Hydration'],['Humectant'],['Support'],[],Paula's Choice
Glucosyl Hesperidin,Best,['Anti-Aging'],['Antioxidant' 'Plant Extracts'],['Actives' 'Support'],"['Synthetic water-soluble form of the flavonoid hesperidin'
 'Has antioxidant properties + can improve barrier function'
 'Has skin-soothing benefits'
 'Some research shows it can improve the appearance of uneven skin tone']",Paula's Choice
Glucosyl Ceramide,Best,['Anti-Aging' 'Hydration'],['Emollient'],['Support'],"['Composed of a ceramide and sugar molecule known as glucose'
 'Partially responsible for the healthy formation and appearance of skin’s upper layers'
 'Helps repair barrier and provide hydration']",Paula's Choice
Glucosamine HCL,Best,['Hydration'],['Humectant'],['Support'],[],Paula's Choice
Glucosamine,Best,['Anti-Aging' 'Hydration' 'Oil Control' 'Soothing'],['Antioxidant' 'Humectant'],['Actives' 'Support'],"['Multi-purpose antioxidant that plays a role in fading skin discolorations'
 'Also known to offer skin-calming properties'
 'A precursor of hyaluronic acid (meaning it helps skin make its own HA naturally)Commercially derived from crustacean shells']",Paula's Choice
Gluconolactone,Best,['Evens Skin Tone' 'Anti-Aging' 'Hydration'],['Exfoliant'],['Actives'],"['Type of polyhydroxy acid (PHA)Has a larger molecular size than AHAs'
 'Slightly less sensitizing than AHAs for some skin types'
 'Functions as an antioxidant' ""Improves skin's surface strength""]",Paula's Choice
Glucomannan,Best,['Hydration'],['Humectant' 'Plant Extracts' 'Polymer' 'Prebiotic/Probiotic/Postbiotic'],['Actives' 'Support' 'Sensory'],[],Paula's Choice
Glabridin,Best,['Soothing' 'Dark Spot Fading' 'Evens Skin Tone' 'Anti-Aging'],['Antioxidant' 'Plant Extracts'],['Actives' 'Support'],"['Extracted from licorice root' 'Potent antioxidant benefits'
 'Skin-soothing powerhouse' 'Fights discolorations and dark spots'
 'Found safe as used in cosmetics']",Paula's Choice
GLA,Best,['Hydration' 'Anti-Aging'],['Emollient' 'Antioxidant'],['Actives' 'Support'],[],Paula's Choice
Ginseng,Best,['Anti-Aging'],['Antioxidant' 'Plant Extracts'],['Actives' 'Support'],[],Paula's Choice
Ginkgo Biloba Leaf Extract,Best,['Soothing' 'Anti-Aging'],['Antioxidant' 'Plant Extracts'],['Actives' 'Support'],[],Paula's Choice
Gigartina Stellata Extract,Best,['Anti-Aging' 'Hydration'],['Humectant' 'Plant Extracts'],['Support'],"['Rich source of antioxidants' 'Visibly influences skin’s architecture'
 'Restores elasticity and a supple feel'
 'Specially prepared fraction clinically proven to help aging skin'
 'Natural humectant properties']",Paula's Choice
Geranium Extract,Best,['Anti-Aging'],['Antioxidant' 'Plant Extracts'],['Actives' 'Support'],[],Paula's Choice
Gentiana Lutea Root Extract,Best,['Anti-Aging'],['Antioxidant' 'Plant Extracts'],['Actives' 'Support'],[],Paula's Choice
Genistein,Best,['Anti-Aging' 'Soothing'],['Antioxidant' 'Plant Extracts'],['Actives' 'Support'],"['Belongs to a set of compounds known as isoflavones, which are sources of phytoestrogens'
 'Commonly derived from soy'
 'Has antioxidant and skin-soothing properties'
 'Has been shown to visibly improve signs of aging that occur or accelerate during menopause']",Paula's Choice
Gardenia Florida Fruit Extract,Best,['Anti-Aging' 'Soothing'],['Plant Extracts' 'Antioxidant'],['Actives' 'Support'],"['Fruit from the gardenia plant' 'Rich in antioxidants'
 'Has soothing properties' 'Can help filter blue light']",Paula's Choice
Garcinia Mangostana Peel Extract,Best,['Anti-Aging'],['Antioxidant' 'Plant Extracts'],['Actives' 'Support'],[],Paula's Choice
Garcinia Mangostana (Mangosteen) Peel Extract,Best,['Anti-Aging'],['Antioxidant' 'Plant Extracts'],['Actives' 'Support'],"['Excellent source of antioxidants for skin'
 'Helps to reduce collagen, elastin, and hyaluronic acid-degrading enzymes in skin'
 'The fruit has a sweet and sour flavor' 'Native to Asia']",Paula's Choice
Garcinia Indica Seed Butter,Best,['Anti-Aging' 'Hydration' 'Soothing'],['Emollient' 'Emulsifier' 'Antioxidant' 'Plant Extracts'],['Actives' 'Support' 'Utility'],"['Plant-derived emollient, commonly known as “Kokum Butter”Well-suited for dry skin as it moisturizes and seals in hydration'
 'Rich source of fatty acids that replenish skin’s protective barrier'
 'Contains antioxidants for added anti-aging benefit'
 'Considered lighter weight and less greasy than most other plant butters']",Paula's Choice
Ganoderma Lucidum (Mushroom) Stem Extract,Best,['Anti-Aging' 'Dark Spot Fading'],['Antioxidant'],['Actives'],"['From the reishi mushroom' 'Rich in antioxidant phenolic compounds'
 'Evens skin tone and can have a lifting effect'
 'May influence genetic aging factors']",Paula's Choice
Ganoderma Lucidum (Mushroom) Extract,Best,['Anti-Aging'],['Antioxidant' 'Plant Extracts'],['Actives' 'Support'],"['AKA Reishi' 'Can interrupt the process that creates dark spots'
 'Helps improve skin’s supportive elements while also reducing signs of irritation'
 'Contains antioxidant properties']",Paula's Choice
Gamma Linolenic Acid (GLA),Best,['Hydration' 'Anti-Aging'],['Emollient' 'Antioxidant'],['Actives' 'Support'],[],Paula's Choice
Gallic Acid,Best,['Anti-Aging' 'Dark Spot Fading'],['Antioxidant'],['Actives'],"['Phenolic compound' 'Found naturally in fruits, grains, and vegetables'
 'Fights free radical damage' 'Helps calm irritation'
 'Can improve hyperpigmentation']",Paula's Choice
Fu Ling,Best,['Anti-Aging'],['Plant Extracts' 'Antioxidant'],['Actives' 'Support'],[],Paula's Choice
Fucus Vesiculosus Extract,Best,['Anti-Aging' 'Soothing'],['Plant Extracts' 'Antioxidant'],['Actives' 'Support'],[],Paula's Choice
Fructan,Best,['Hydration' 'Soothing'],['Prebiotic/Probiotic/Postbiotic' 'Film-Forming Agent' 'Humectant'],['Actives' 'Support' 'Sensory'],"['Prebiotic polysaccharide with potential skin microbiome benefits'
 'Naturally present in fungi, bacteria, and plants such aloe vera, agave, barley, and chicory'
 'Studied for skin-soothing properties' 'May also function as a humectant'
 'Suppliers note this ingredient has excellent film-forming properties']",Paula's Choice
Fragaria Vesca (Strawberry) Fruit Extract,Best,['Anti-Aging'],['Antioxidant' 'Plant Extracts'],['Actives' 'Support'],"['Rich in antioxidant compounds known as anthocyanins'
 'Source of saccharides that hydrate skin'
 'Good source of vitamin CContains ellagic acid, which helps soothe skin']",Paula's Choice
Flaxseed Oil,Best,['Hydration' 'Anti-Aging'],['Plant Extracts' 'Antioxidant'],['Actives' 'Support'],[],Paula's Choice
Flax,Best,['Anti-Aging'],['Plant Extracts' 'Antioxidant'],['Actives' 'Support'],[],Paula's Choice
Flavonoid,Best,['Anti-Aging'],['Antioxidant'],['Actives'],[],Paula's Choice
Fireweed Extract,Best,['Soothing'],['Plant Extracts' 'Antioxidant'],['Actives' 'Support'],[],Paula's Choice
Filipendula Rubra,Best,['Soothing'],['Plant Extracts' 'Antioxidant'],['Actives' 'Support'],[],Paula's Choice
Filipendula Glaberrima,Best,['Anti-Aging'],['Plant Extracts' 'Antioxidant'],['Actives' 'Support'],[],Paula's Choice
Fig,Best,['Hydration'],['Plant Extracts' 'Antioxidant' 'Emollient'],['Actives' 'Support'],[],Paula's Choice
Ficus Carica (Fig) Fruit Extract,Best,['Hydration'],['Plant Extracts' 'Antioxidant' 'Emollient'],['Actives' 'Support'],[],Paula's Choice
Ferulic Acid,Best,['Anti-Aging'],['Antioxidant' 'Plant Extracts'],['Actives' 'Support'],"['Helps defend skin from signs of sun damage'
 'Improves stability + efficacy of other antioxidants'
 'Can help fight discolorations']",Paula's Choice
Fatty Acid,Best,['Hydration'],['Emollient' 'Texture Enhancer' 'Emulsifier'],['Support' 'Utility' 'Sensory'],[],Paula's Choice
Evodia Rutaecarpa Extract,Best,['Soothing'],['Plant Extracts' 'Antioxidant'],['Actives' 'Support'],[],Paula's Choice
Evening Primrose Oil,Best,['Anti-Aging' 'Hydration'],['Emollient' 'Antioxidant'],['Actives' 'Support'],"['Also known as\xa0Oenothera biennis oil' 'Non-fragrant plant oil'
 'Its fatty acids can have significant skin-soothing benefits'
 'Can also help boost moisture']",Paula's Choice
Euterpe Oleracea Fruit Extract,Best,['Anti-Aging' 'Soothing'],['Plant Extracts' 'Antioxidant'],['Actives' 'Support'],[],Paula's Choice
Euterpe Oleracea (Acai) Sterols,Best,['Hydration'],['Emollient' 'Plant Extracts'],['Support'],"['Plant-derived source of phytosterols'
 'Derived from the Euterpe oleracea tree'
 'Works to hydrate and soothe skin'
 'Contains beta-sitosterol, a barrier-boosting compound']",Paula's Choice
Ethylhexyl Triazone,Best,['Anti-Aging'],['UV Filters'],['Actives'],"['Synthetic UV filter that helps protect skin against UVB rays'
 'Not approved in the United States and Canada but available in other markets around the world'
 'Used in up to 5% concentration'
 'Also functions as a photostabilizer for other UV filters such as avobenzone'
 'Favorable in water-resistant formulations']",Paula's Choice
Ethylhexyl Salicylate,Best,['Anti-Aging'],['UV Filters'],['Actives'],"['Globally approved sunscreen agent that works primarily in the UVB range'
 'Commonly known as octisalate'
 'Helps neutralize the sun-induced formation of oxygen radicals'
 'Improves the stability of UV filters like oxybenzone and avobenzone']",Paula's Choice
Ethylhexyl Olivate,Best,['Hydration'],['Emollient' 'Occlusive/Opacifying Agent'],['Support'],"['Natural emollient of skin-conditioning fatty acids derived from olive oil'
 'Helps keep vital hydrating substances in skin from escaping'
 'Delivers a non-greasy after feel that leaves skin and hair soft'
 'Enhances spreadability of creams, lotions, etc.']",Paula's Choice
Ethylhexyl Methoxycinnamate,Best,['Anti-Aging'],['UV Filters'],['Actives'],[],Paula's Choice
Ester-C,Best,['Anti-Aging'],['Antioxidant'],['Actives'],[],Paula's Choice
Escin,Best,['Anti-Aging' 'Soothing'],['Antioxidant' 'Plant Extracts'],['Actives' 'Support'],"['Main saponin of the horse chestnut tree'
 'Exhibits antioxidant properties'
 'Could also have topical anti-inflammatory properties'
 'Also known as aescin']",Paula's Choice
Eriobotrya Japonica,Best,['Anti-Aging'],['Antioxidant' 'Plant Extracts'],['Actives' 'Support'],[],Paula's Choice
Ergothioneine,Best,['Anti-Aging' 'Dark Spot Fading'],['Antioxidant'],['Actives'],"['Helps skin look younger in multiple ways'
 'Helps fade signs of discoloration' 'Offers soothing benefits']",Paula's Choice
Equol,Best,['Anti-Aging'],['Antioxidant' 'Plant Extracts'],['Actives' 'Support'],"['A potent antioxidant that’s a by-product of soy isoflavone daidzein'
 'Oil-soluble nature makes it highly bioavailable to skin'
 'Interrupts pathways in skin’s surface that lead to loss of density and suppleness'
 'Connects with specific receptor sites on skin’s surface to send healthy messages']",Paula's Choice
Epilobium Fleischeri Extract,Best,['Soothing'],['Plant Extracts' 'Antioxidant'],['Actives' 'Support'],[],Paula's Choice
Epilobium Fleischeri (Willowherb) Extract,Best,['Soothing'],['Plant Extracts' 'Antioxidant'],['Actives' 'Support'],[],Paula's Choice
Epilobium Angustifolium Extract,Best,['Soothing'],['Plant Extracts' 'Antioxidant'],['Actives' 'Support'],"['Rich in polyphenols + pure vitamin CContains fatty acids'
 'Potent soothing properties' 'Also called fireweed extract']",Paula's Choice
Epilobium Angustifolium (Willow Herb) Extract,Best,['Soothing' 'Anti-Aging'],['Antioxidant' 'Plant Extracts'],['Actives' 'Support'],[],Paula's Choice
Epigallocatechin Gallate,Best,['Anti-Aging' 'Oil Control'],['Antioxidant' 'Plant Extracts'],['Actives' 'Support'],"['Also known as ECGCA key component of green tea'
 'Potent antioxidant capabilities' 'Has soothing properties']",Paula's Choice
Enteromorpha Compressa Extract,Best,['Anti-Aging'],['Plant Extracts' 'Antioxidant' 'Texture Enhancer'],['Actives' 'Support' 'Sensory'],[],Paula's Choice
Entada Phaseoloides Bark/Seed Extract,Best,['Anti-Aging' 'Hydration' 'Soothing'],['Antioxidant' 'Humectant' 'Plant Extracts'],['Actives' 'Support'],"['Plant extract derived from a large creeping vine'
 'Rich source of polyphenolic antioxidants'
 'Has documented soothing benefits for impaired skin'
 'The seeds contain hydrating, replenishing fatty acids'
 'Can function as a cleansing agent when used in high amounts']",Paula's Choice
Ensulizole,Best,[],['UV Filters'],['Actives'],[],Paula's Choice
Engelhardtia Chrysolepis Leaf Extract,Best,['Anti-Aging'],['Antioxidant' 'Plant Extracts'],['Actives' 'Support'],"['Wild plant extract whose trees are native to China'
 'Contains antioxidant compounds that soothe and neutralize damaging radicals'
 'Plays a role in helping to maintain skin’s firmness and resiliency'
 'Strengthens skin’s barrier so it resists water loss']",Paula's Choice
Emblica Officinalis Fruit Extract,Best,['Anti-Aging'],['Antioxidant' 'Plant Extracts'],['Actives' 'Support'],[],Paula's Choice
Emblica Officinalis (Gooseberry) Fruit Extract,Best,['Anti-Aging'],['Antioxidant' 'Plant Extracts'],['Actives' 'Support'],[],Paula's Choice
Ellagic Acid,Best,['Anti-Aging'],['Antioxidant' 'Plant Extracts'],['Actives' 'Support'],[],Paula's Choice
Elaeis Guineensis Oil,Best,['Hydration' 'Anti-Aging'],['Emollient' 'Plant Extracts' 'Antioxidant'],['Actives' 'Support'],"['Also called palm oil'
 'Contains antioxidant beta-carotene + vitamin ERich in fatty acids'
 'Ruled safe as used in cosmetics']",Paula's Choice
Eicosapentaenoic Acid,Best,['Hydration'],['Emollient'],['Support'],[],Paula's Choice
Egg Yolk,Best,['Hydration'],['Emollient'],['Support'],[],Paula's Choice
Ectoin,Best,['Hydration' 'Anti-Aging' 'Evens Skin Tone'],['Emollient' 'Antioxidant'],['Actives' 'Support'],"['Amino acid derivative and osmolyte (compounds that help protect and regulate water balance)Reduces moisture loss and boosts skin hydration'
 'Promising protective, buffering and anti-pollution effects'
 'Helps soothe skin and support a healthy barrier']",Paula's Choice
Eclipta Prostrata Extract,Best,[],['Plant Extracts' 'Antioxidant'],['Actives' 'Support'],[],Paula's Choice
Echium Plantagineum Seed Oil,Best,['Anti-Aging' 'Hydration'],['Emollient' 'Plant Extracts' 'Antioxidant'],['Actives' 'Support'],"['Non-fragrant plant oil rich in replenishing lipids and omegas'
 'Plays a role in visibly improving signs of sun-damaged skin'
 'Helps interrupt UVB damage within skin’s surface']",Paula's Choice
Ecamsule,Best,[],['UV Filters'],['Actives'],[],Paula's Choice
Dunaliella Salina Extract,Best,['Anti-Aging' 'Soothing'],['Plant Extracts' 'Antioxidant'],['Actives' 'Support'],[],Paula's Choice
Drometrizole Trisiloxane,Best,['Anti-Aging'],['UV Filters'],['Actives'],"['Known more commonly as Mexoryl XLPhotostable UVA and UVB filter'
 'Developed and patented by L’Oreal'
 'Not yet approved for wide use in the U.S.']",Paula's Choice
D-Panthenol,Best,['Hydration' 'Soothing'],['Humectant'],['Support'],[],Paula's Choice
Docosahexaenoic Acid,Best,[],['Emollient' 'Texture Enhancer'],['Support' 'Sensory'],[],Paula's Choice
Dipotassium Glycyrrhizinate,Best,['Soothing' 'Dark Spot Fading'],['Plant Extracts' 'Antioxidant'],['Actives' 'Support'],[],Paula's Choice
Dipotassium Glycyrrhizate,Best,['Soothing'],['Plant Extracts' 'Antioxidant'],['Actives' 'Support'],"['Derived from licorice' 'Has antioxidant benefits'
 'Strong anti-inflammatory properties' 'Ruled safe as used in cosmetics'
 'Pale yellow to off-white powder in its raw form']",Paula's Choice
Dipeptide-2,Best,['Anti-Aging'],[],[],['A synthetic peptide made by combining tryptophan and valine.May be helpful for alleviating undereye puffiness.Small size allows for sufficient penetration into skin.Tends to be part of blends with other peptides'],Paula's Choice
Dipalmitoyl Hydroxyproline,Best,['Hydration' 'Anti-Aging'],['Peptides'],['Actives'],"['An oil-soluble derivative of hydroxyproline'
 'Hydroxyproline is the primary amino acid in skin’s collagen'
 'Helps preserve skin’s supportive elements'
 'The palmitoyl portion comes from hydrating palmitic acid']",Paula's Choice
Diosmine,Best,['Anti-Aging' 'Soothing'],['Antioxidant' 'Plant Extracts'],['Actives' 'Support'],"['Citrus-derived flavonoid' 'Potent antioxidant' 'Soothes skin'
 'Helps maintain skin firmness']",Paula's Choice
Dimethylmethoxy Chromanol,Best,['Anti-Aging' 'Evens Skin Tone'],['Antioxidant'],['Actives'],"['Synthetic molecule that’s analog to vitamin ESupplies impressive antioxidant properties tied to its potency'
 'Helps to keep skin youthful-looking' 'Contributes to an even skin tone']",Paula's Choice
Dimethicone,Best,['Hydration'],['Silicone' 'Emollient'],['Support' 'Sensory'],"['Commonly used emollient, known for its gentleness and silky feel'
 'Recognized as a skin protectant (in concentrations 1-30%) by the U.S. FDAPopular in oil-free moisturizers, thanks to its hydration-enhancing, non-greasy finish'
 'May also be used sunscreen formulation to help the actives distribute evenly on skin'
 'Considered synthetic, even though it’s derived from natural silicon']",Paula's Choice
Diheptyl Succinate,Best,['Hydration'],['Texture Enhancer' 'Emollient'],['Support' 'Sensory'],"['Lightweight, emollient texture enhancer'
 'Sometimes used as a replacement for silicones in cosmetics'
 'Considered highly renewable and biodegradable'
 'Deemed safe as used in cosmetics']",Paula's Choice
Diglycerin,Best,['Hydration'],['Humectant' 'Solvent'],['Support' 'Utility'],"['Humectant that boosts hydration within skin'
 'Can also be used as a solvent or to improve foaming properties of a formula'
 'Related to glycerin but noted as less sticky'
 'May offer longer-lasting hydration than glycerin due to its higher molecular weight']",Paula's Choice
Diethylamino Hydroxybenzoyl Hexyl Benzoate,Best,['Anti-Aging'],['UV Filters'],['Actives'],"['Synthetic sunscreen agent that helps shield skin against UVA rays'
 'Approved as UV filter in many global markets but not in the U.S.Protects skin from sun damage that could otherwise accelerate visible signs of aging'
 'An oil-soluble, white-to-light-salmon colored granular powder in raw material form'
 'Noted for excellent photostability']",Paula's Choice
Decarboxy Carnosine HCL,Best,['Hydration'],['Humectant' 'Peptides'],['Actives' 'Support'],"['Biomimetic peptide (meaning it is lab-engineered to emulate a natural peptide in the body)Known for its antioxidant power and other anti-aging effects'
 'Also goes by the name carcinine'
 'Derivative of another peptide (carnosine)']",Paula's Choice
D-Alpha-Tocopherol,Best,['Anti-Aging' 'Evens Skin Tone'],['Antioxidant'],['Actives'],[],Paula's Choice
Daidzein,Best,['Anti-Aging'],['Antioxidant' 'Plant Extracts'],['Actives' 'Support'],"['A type of antioxidant known as an isoflavone found in soybeans'
 'Pronounced ability to help skin better withstand environmental exposure'
 'Improves signs of aging and texture changes coinciding with estrogen decline'
 'Helps improve skin’s natural content of hyaluronic acid']",Paula's Choice
Cyanocobalamin,Best,['Anti-Aging' 'Soothing'],['Antioxidant'],['Actives'],"['Synthetic form of Vitamin B12Helps relieve sensitive and stressed skin'
 'Protects against skin barrier damage']",Paula's Choice
Curcumin,Best,['Soothing' 'Anti-Aging'],['Antioxidant' 'Plant Extracts'],['Actives' 'Support'],[],Paula's Choice
Curcuma Longa (Turmeric) Root,Best,['Soothing' 'Anti-Aging'],['Antioxidant' 'Plant Extracts'],['Actives' 'Support'],"['Curcuma longa root is the source of the spice turmeric'
 'Contains curcumin, a lipophilic, polyphenolic antioxidant pigment'
 'Plays a compelling role in promoting healthier, normalized skin'
 'Can help calm skin']",Paula's Choice
Curcubita Pepo (Pumpkin) Seed Extract,Best,['Anti-Aging' 'Hydration'],['Antioxidant' 'Plant Extracts' 'Humectant'],['Actives' 'Support'],"['Has antioxidant properties'
 'Rich source of skin-reinforcing fatty acids'
 'Also known as pumpkin seed extract' 'Seeds are also edible']",Paula's Choice
Cucurbitea Peponis,Best,['Anti-Aging'],['Plant Extracts' 'Antioxidant'],['Actives' 'Support'],[],Paula's Choice
Cucurbita Pepo Seed Extract,Best,['Anti-Aging'],['Plant Extracts' 'Antioxidant'],['Actives' 'Support'],[],Paula's Choice
Cucumis Melo (Melon) Fruit Extract,Best,['Anti-Aging'],['Antioxidant' 'Plant Extracts'],['Actives' 'Support'],[],Paula's Choice
Creatine,Best,['Hydration'],['Humectant'],['Support'],"['Amino acid found in the human body'
 'Serves as a precursor to adenosine triphosphate'
 'Improves the appearance of fine lines and wrinkles'
 'Boosts skin firmness']",Paula's Choice
Cranberry Seed Oil,Best,['Anti-Aging' 'Hydration' 'Soothing'],['Plant Extracts' 'Emollient' 'Antioxidant'],['Actives' 'Support'],"['Skin-soothing plant oil (fragrance-free)Rich in nourishing omegas fatty acids'
 'Delivers vitamin E to strengthen skin'
 'Softens skin and improves moisture retention']",Paula's Choice
Corallina Officinalis Extract,Best,['Hydration' 'Anti-Aging'],['Plant Extracts' 'Antioxidant' 'Emollient'],['Actives' 'Support'],[],Paula's Choice
Colloidal Oatmeal,Best,['Soothing'],['Plant Extracts' 'Antioxidant'],['Actives' 'Support'],"['Form of oatmeal used in cosmetics' 'Can help soothe skin'
 'United States Food & Drug Administration (FDA) categorizes colloidal oatmeal as a skin protectant']",Paula's Choice
Collagen Extract,Best,['Anti-Aging' 'Hydration'],['Humectant'],['Support'],"['Usually animal-derived'
 'Cannot penetrate skin’s surface and cannot promote collagen production'
 'Helps prevent water loss and promote hydration'
 'In cosmetics, is also used as a texture enhancer']",Paula's Choice
Collagen,Best,['Anti-Aging' 'Hydration'],['Humectant'],['Support'],"['Critical component of skin' 'Protein that provides skin structure'
 'Loss of collagen leads to multiple signs of aging'
 'Functions topically as a humectant']",Paula's Choice
Coleus Forskohlii Root Extract,Best,['Hydration' 'Anti-Aging'],['Humectant' 'Antioxidant'],['Actives' 'Support'],"['Plant extract native to Asia, used for centuries in Ayurveda'
 'Compounds in the root have documented benefits for numerous skin concerns'
 'Noted for its role in helping to alleviate signs of puffiness and uneven texture'
 'Offers antioxidant and soothing properties']",Paula's Choice
Coffea Arabica Seed Extract,Best,['Anti-Aging' 'Evens Skin Tone'],['Plant Extracts' 'Antioxidant'],['Actives' 'Support'],"['Natural extract derived from coffee beans'
 'Offers anti-aging + skin defense benefits'
 'May also help with uneven skin tone'
 'Backed by research for topical and oral use']",Paula's Choice
Coffea Arabica (Coffee) Seed Oil,Best,['Anti-Aging' 'Hydration'],['Plant Extracts' 'Antioxidant' 'Emollient'],['Actives' 'Support'],"['Concentrated, non-fragrant oil from the coffee bean plant'
 'Can help restore skin and contribute to a healthier, smoother look and feel'
 'Rich source of antioxidants']",Paula's Choice
Coffea Arabica (Coffee) Fruit Extract,Best,['Anti-Aging' 'Evens Skin Tone' 'Soothing'],['Plant Extracts' 'Antioxidant'],['Actives' 'Support'],"['Coffee fruit extract with strong anti-aging benefit'
 'Delivers soothing action to keep skin calm'
 'Derived from the ""cherry"" of the coffee plant'
 'Backed by research for topical and oral use']",Paula's Choice
Coenzyme Q10,Best,['Anti-Aging' 'Soothing'],['Antioxidant'],['Actives'],[],Paula's Choice
Cocos Nucifera (Coconut) Oil,Best,['Hydration'],['Emollient'],['Support'],[],Paula's Choice
Cocos Nucifera (Coconut) Fruit Extract,Best,['Hydration' 'Anti-Aging'],['Emollient' 'Plant Extracts' 'Antioxidant'],['Actives' 'Support'],[],Paula's Choice
Coconut Oil,Best,['Hydration'],['Emollient' 'Plant Extracts' 'Antioxidant'],['Actives' 'Support'],"['Non-volatile, non-fragrant plant kernel oil'
 'Has emollient properties for skin'
 'Is a rich source of medium-chain fatty acids'
 'Does not provide sufficient sun protection for skin']",Paula's Choice
Cocoa Extract,Best,['Anti-Aging'],['Antioxidant' 'Plant Extracts'],['Actives' 'Support'],[],Paula's Choice
Cocoa Butter,Best,['Hydration' 'Anti-Aging'],['Emollient' 'Plant Extracts' 'Antioxidant'],['Actives' 'Support'],[],Paula's Choice
Coccinia Indica (Ivy Gourd) Fruit Extract,Best,['Hydration' 'Anti-Aging'],['Plant Extracts' 'Antioxidant'],['Actives' 'Support'],[],Paula's Choice
Clitoria Ternatea (Butterfly Pea) Flower Extract,Best,['Soothing' 'Anti-Aging'],['Antioxidant' 'Plant Extracts'],['Actives' 'Support'],"['Perennial herb whose roots contain compounds that calm skin and visibly reduce redness'
 'Source of skin-beneficial antioxidants, including quercetin and anthocyanins'
 'Has been shown in studies to also have anti-glycation (and thereby anti-wrinkle) properties'
 'Also used in the food industry and is known as “blue matcha” thanks to its lavender to deep blue hue'
 'The flowers of this plant do not contain aromatic compounds known to irritate skin']",Paula's Choice
Citrullus Lanatus (Watermelon) Seed Oil,Best,['Anti-Aging' 'Hydration'],['Antioxidant' 'Plant Extracts'],['Actives' 'Support'],"['Non-fragrant oil from watermelon seeds'
 'Rich source of hydrating, soothing fatty acids'
 'Chockful of antioxidants' 'Considered one of the more stable plant oils']",Paula's Choice
Citrullus Lanatus (Watermelon) Fruit Extract,Best,['Anti-Aging' 'Hydration'],['Antioxidant' 'Plant Extracts'],['Actives' 'Support'],"['Extract derived from watermelon that is rich in antioxidants, particularly lycopene'
 'Can help defend skin from environmental stressors and the visible effects of sun damage'
 'May also help visibly calm redness in skin'
 'Sensitive to air and light, hence opaque, air-restrictive packaging is crucial']",Paula's Choice
Chrysanthemum Extract,Best,['Soothing' 'Anti-Aging'],['Plant Extracts' 'Antioxidant'],['Actives' 'Support'],[],Paula's Choice
Chrysanthellum Indicum (Golden Chamomile) Extract,Best,['Soothing' 'Anti-Aging'],['Plant Extracts' 'Antioxidant'],['Actives' 'Support'],"['A form of chamomile known as golden chamomile'
 'Has soothing properties when applied to skin'
 'Can reduce the appearance of skin redness']",Paula's Choice
Chondrus Crispus,Best,['Hydration' 'Anti-Aging'],['Plant Extracts' 'Antioxidant'],['Actives' 'Support'],"[""Is a type of seaweed that's also known as red algae""
 'Contains skin-beneficial compounds like beta-carotene and potent antioxidants'
 'Helps protect skin from the visible effects of blue light exposure'
 'Also helps skin maintain hydration']",Paula's Choice
Choline,Best,['Hydration' 'Anti-Aging'],['Antioxidant'],['Actives'],[],Paula's Choice
Cholesterol,Best,['Hydration' 'Anti-Aging'],['Emollient'],['Support'],"['Replenishes skin by supporting moisture balance'
 'Helps reinforce and strengthen skin’s barrier'
 'Functions as an emollient'
 'Can also function as a stabilizer, surfactant + water-binding agent'
 'May also show up as lanolin or wool extract on an ingredient label (both are sources of cholesterol)Scientists are continually exploring ways to create synthetic versions of cholesterol to mimic its skin benefits']",Paula's Choice
Chlorella Vulgaris Extract,Best,['Soothing' 'Hydration'],['Antioxidant' 'Plant Extracts'],['Actives' 'Support'],"['Algae-derived extract that offers soothing and hydrating properties for skin'
 'Rich in antioxidant compounds that help defend skin from environmental stressors'
 'Shown to have a positive effect on restoring compromised skin'
 'May also have a positive effect on collagen']",Paula's Choice
Chitosan,Best,['Soothing'],['Texture Enhancer'],['Sensory'],[],Paula's Choice
Chamomilla Recutita Flower Extract,Best,['Anti-Aging' 'Soothing'],['Plant Extracts' 'Antioxidant'],['Actives' 'Support'],"['AKA chamomile flower extract'
 'Helps protect skin from environmental aggressors' 'Soothes skin'
 'Plant-derived ingredient with many phenolic compounds']",Paula's Choice
Chamomilla Recutita (Matricaria) Flower Extract,Best,['Anti-Aging'],['Antioxidant' 'Plant Extracts'],['Actives' 'Support'],"['Popular in skin care for its soothing properties'
 'Rich in phenolic compounds, which function as antioxidants'
 'Commonly referred to as chamomile'
 'Those allergic to plants in the daisy family may need to avoid this ingredient']",Paula's Choice
Chamomile,Best,['Anti-Aging' 'Soothing'],['Plant Extracts' 'Antioxidant'],['Actives' 'Support'],"['Derived from plant species Chamomilla recutita, Matricaria recutita and Matricaria chamomilla'
 'Has moderate antioxidant activities that can help defend skin'
 'Studies indicate it is has potent skin-soothing action'
 'If you’re allergic to plants in the daisy family, you may need to avoid products that contain chamomile']",Paula's Choice
Cetyl Tranexamate Mesylate,Best,['Anti-Aging' 'Dark Spot Fading' 'Evens Skin Tone'],['Humectant'],['Support'],"['Derivative of tranexamic acid (TXA)Helps even skin tone (dark spots, blemish marks)May also visibly reduce redness'
 'Delivers enhanced penetration/efficacy compared to TXA']",Paula's Choice
Ceramides,Best,['Hydration' 'Anti-Aging'],['Emollient'],['Support'],"['Major components of skin’s outer layers'
 'Help improve barrier strength, hydration, and suppleness'
 'Work best when combined with other replenishing ingredients']",Paula's Choice
Ceramide NS,Best,['Hydration' 'Anti-Aging'],['Emollient'],['Support'],"['Natural skin component that aids barrier strength'
 'Aides in improving skin’s texture and hydration'
 'Helps boost skin’s defenses']",Paula's Choice
Ceramide NP,Best,['Hydration' 'Anti-Aging'],['Emollient'],['Support'],"['Type of ceramide found in skin' 'Reinforces skin’s barrier strength'
 'Helps improve the look and feel of dry, dehydrated skin'
 'Can be created synthetically or sourced naturally from plants for use as a skin care ingredient'
 'Contributes to supple, resilient, hydrated skin overall']",Paula's Choice
Ceramide NG,Best,['Hydration' 'Anti-Aging'],['Emollient'],['Support'],"['A specific ceramide found naturally in skin that can be replicated as a cosmetic ingredient\u202fWorks to improve skin’s barrier strength, hydration, and suppleness\u202f\u202fDeemed a safe cosmetic ingredient by the Cosmetic Ingredient Review Expert Panel\u202fFormerly known as ceramide 2']",Paula's Choice
Ceramide EOS,Best,['Hydration' 'Anti-Aging'],['Emollient'],['Support'],"['Specific type of ceramide found naturally in skin that has a bio-identical skin care ingredient'
 'Works optimally when combined with other ceramides + fatty acids and cholesterol'
 'Helps improve skin’s barrier strength, hydration, and suppleness'
 'Deemed a safe cosmetic ingredient by the Cosmetic Ingredient Review Expert Panel'
 'Formerly known as ceramide 1']",Paula's Choice
Ceramide EOP,Best,['Hydration' 'Anti-Aging'],['Emollient'],['Support'],"['Type of ceramide found\u202fnaturally in skin'
 'Helps improve skin’s barrier strength and hydration'
 'Works optimally when combined with other ceramides'
 'Deemed a safe cosmetic ingredient by the Cosmetic Ingredient Review Expert Panel']",Paula's Choice
Ceramide AS,Best,['Anti-Aging' 'Hydration'],['Emollient'],['Support'],"['Formerly known as ceramides 4 and 5Helps prevent moisture loss'
 'Helps improve skin health and barrier strength'
 'Cosmetic Ingredient Review Expert Panel deemed safe for use']",Paula's Choice
Ceramide AP,Best,['Hydration' 'Anti-Aging'],['Emollient'],['Support'],"[""Helps strengthen skin's barrier"" 'Improves hydration and suppleness'
 'Works best when combined with other ceramides']",Paula's Choice
Ceramide AG,Best,['Anti-Aging'],['Humectant'],['Support'],"['A type of fatty acid naturally found in skin'
 'Helps comprise and maintain skin’s barrier'
 'Topical use softens and smooths dry, rough skin'
 'May be animal-derived or synthetic'
 'Very low amounts are considered effective']",Paula's Choice
Cephalin,Best,['Hydration'],['Emollient' 'Texture Enhancer'],['Support' 'Sensory'],[],Paula's Choice
Centella Asiatica Extract,Best,['Soothing' 'Anti-Aging'],['Antioxidant' 'Plant Extracts'],['Actives' 'Support'],"['Star ingredient of South Korean cica creams'
 'Has potent antioxidant properties and is a rich source of amino acids'
 'Good hydrating ingredient to soothe compromised skin'
 'Used for culinary and medical purposes in Asia']",Paula's Choice
Catalase,Best,['Hydration'],['Antioxidant'],['Actives'],[],Paula's Choice
Castor Oil,Best,['Hydration'],['Emollient' 'Plant Extracts'],['Support'],"['Plant-derived skin care ingredient'
 'Used as an emollient which helps decrease water loss'
 'Can enhance the absorption of other cosmetic ingredients'
 'There is no substantiated research to prove that castor oil can stimulate hair growth']",Paula's Choice
Castanea Sativa (Chestnut) Leaf Extract,Best,['Anti-Aging' 'Soothing'],['Antioxidant' 'Plant Extracts'],['Actives' 'Support'],"['Antioxidant-rich extract' 'Helps support skin’s barrier + microbiome'
 'Notable for its soothing properties'
 'Enhances skin’s surface defenses against external irritants']",Paula's Choice
Castanea Crenata Shell Extract,Best,['Anti-Aging' 'Dark Spot Fading' 'Evens Skin Tone'],['Antioxidant' 'Plant Extracts'],['Actives' 'Support'],"['From the Japanese chestnut' 'High in antioxidant polyphenols'
 'Helps brighten skin' 'Also impacts skin firmness']",Paula's Choice
Cassia Angustifolia Seed Polysaccharide,Best,['Hydration'],['Emollient' 'Plant Extracts'],['Support'],[],Paula's Choice
Caryocar Brasiliense Fruit Oil,Best,['Anti-Aging' 'Hydration' 'Soothing'],['Antioxidant' 'Emollient' 'Plant Extracts' 'Occlusive/Opacifying Agent'],['Actives' 'Support'],"['Antioxidant-rich oil obtained from a tropical tree’s fruits'
 'Help replenish, protect and soften skin'
 'Beta-sitosterol delivers calming properties'
 'Excellent source of conditioning fatty acids']",Paula's Choice
Carthamus Tinctorius Oil,Best,['Hydration'],['Emollient' 'Plant Extracts' 'Antioxidant'],['Actives' 'Support'],[],Paula's Choice
Carrot Oil,Best,['Hydration' 'Anti-Aging'],['Emollient' 'Plant Extracts' 'Antioxidant'],['Actives' 'Support'],"['AKA Daucus carota sativa (carrot) seed oil'
 'Emollient, non-fragrant plant oil' 'Helps boost skin hydration'
 'Does not provide sufficient sun protection for skin']",Paula's Choice
Carnosol,Best,[],['Antioxidant'],['Actives'],[],Paula's Choice
Carnosine,Best,['Anti-Aging'],['Antioxidant' 'Plant Extracts'],['Actives' 'Support'],"['Synthetic peptide that is biomimetic (designed to emulate the carnosine naturally found in the body)Offers a host of anti-aging properties'
 'Protects against oxidative stress'
 'May help ward off pro-aging glycation effects'
 'Aside from topical application, carnosine also comes in dietary supplement form']",Paula's Choice
Carnosic Acid,Best,['Anti-Aging'],['Antioxidant' 'Plant Extracts'],['Actives' 'Support'],[],Paula's Choice
Carnitine,Best,[],['Antioxidant' 'Cleansing Agent'],['Actives' 'Utility'],[],Paula's Choice
Cardiospermum Halicacabum,Best,['Anti-Aging' 'Soothing'],['Antioxidant' 'Plant Extracts'],['Actives' 'Support'],"['Herb\u202falso known as balloon vine extract in the skin care world\u202fResearch-backed for providing soothing benefits, including calming signs of compromised skin\u202fContains anti-aging antioxidants and beneficial fatty acid compounds\u202fCommonly found in India and other Asian countries']",Paula's Choice
Carboxylic Acid,Best,[],['Antioxidant'],['Actives'],[],Paula's Choice
Carapa Guaianensis Seed Oil,Best,['Anti-Aging' 'Hydration' 'Soothing'],['Antioxidant' 'Emollient' 'Plant Extracts'],['Actives' 'Support'],"['From the andiroba or crabwood plant' 'High concentration of fatty acids'
 'Also helps calm skin' 'Possibly has adaptogenic properties']",Paula's Choice
Capryloyl Salicylic Acid,Best,['Anti-Acne' 'Blackhead Reducing' 'Soothing'],['Exfoliant'],['Actives'],"['A derivative (ester) of salicylic acid' 'Exfoliates skin'
 ""Doesn't penetrate as far as salicylic acid""
 'Not as effective for acne-prone skin as salicylic acid']",Paula's Choice
Caprylic Acid,Best,['Hydration'],['Emollient' 'Texture Enhancer'],['Support' 'Sensory'],"['Medium-chain fatty acid' 'Found in coconut and palm oils'
 'Texture enhancer and emollient' 'Also used as a dietary supplement']",Paula's Choice
Caprylic/Capric Triglyceride,Best,['Hydration'],['Emollient' 'Texture Enhancer' 'Plant Extracts'],['Support' 'Sensory'],"['Provides emolliency and beneficial fatty acids'
 'Derived from coconut oil and glycerin'
 'Known to improve to the spreadability of a product'
 'Can also be used to thicken a formula or enhance the penetration of key ingredients'
 'Clear, non-viscous liquid']",Paula's Choice
Caprooyl Tetrapeptide-3,Best,['Anti-Aging'],[],[],"['Synthetically-produced signal peptide'
 'Said to boost the natural supportive substances skin needs to look younger'
 'Mixed with water and the sugar dextran'
 'White, water-soluble crystal in its raw form']",Paula's Choice
Caprooyl Sphingosine,Best,['Hydration' 'Anti-Aging'],['Emollient'],['Support'],"['A\u202fcomponent of naturally occurring ceramides in skin\u202fWorks\u202fto replenish/restore a healthier-looking skin surface, creating a smooth\u202ffeel\u202fEffective\u202ffor stopping moisture loss from skin’s uppermost layers\u202fDeemed safe by the Cosmetic Ingredient Review Expert Panel']",Paula's Choice
Caprooyl Phytosphingosine,Best,['Hydration' 'Anti-Aging'],['Emollient'],['Support'],"['A component of naturally occurring ceramides in skin'
 'Works to replenish/restore a healthier-looking skin surface, creating a smooth feel'
 'Effective for stopping moisture loss from skin’s uppermost layers'
 'Suppliers suggest using 0.02-0.2% for best results (higher concentrations aren’t needed)']",Paula's Choice
Canola Oil,Best,['Hydration' 'Anti-Aging'],['Emollient' 'Plant Extracts'],['Support'],[],Paula's Choice
Cannabis Sativa Seed Oil,Best,['Anti-Aging' 'Hydration'],['Emollient' 'Plant Extracts'],['Support'],[],Paula's Choice
Cannabidiol,Best,['Anti-Aging' 'Anti-Acne' 'Soothing'],['Plant Extracts' 'Antioxidant'],['Actives' 'Support'],"['Component of the Cannabis sativa and Cannabis indica plants'
 'Also known as CBDHelps soothe skin'
 'Has antioxidant and balancing benefits']",Paula's Choice
Candelilla/Jojoba/Rice Bran Polyglyceryl-3 Esters,Best,['Hydration'],['Emulsifier' 'Texture Enhancer'],['Utility' 'Sensory'],"['Natural mixture of polyglycerin-3, candelilla wax, jojoba seed wax, and rice bran wax'
 'Helps oil- + water-based ingredients stay blended together'
 'Also plays a role in establishing stability of the formula'
 'Deemed safe by the Cosmetic Ingredient Review Expert Panel']",Paula's Choice
Camellia Sinensis Seed Oil,Best,[],[],[],"['Oil expressed from the seeds of a variety of green tea plant'
 'Has antioxidant properties' 'Also a source of fatty acids'
 'Considered an environmentally friendly oil'
 'Ruled safe as used in cosmetics']",Paula's Choice
Camellia Sinensis Leaf Extract,Best,['Anti-Aging' 'Soothing'],['Antioxidant' 'Plant Extracts'],['Actives' 'Support'],"['Derived from buds and leaves of green tea' 'Has antioxidant properties'
 'Possesses anti-aging, skin-soothing properties']",Paula's Choice
Camellia Sinensis,Best,['Anti-Aging' 'Soothing' 'Oil Control'],['Plant Extracts' 'Antioxidant'],['Actives' 'Support'],"['Camellia sinensis is a plant-derived ingredient also known as green tea'
 'Has a high antioxidant content'
 'Possesses anti-aging and skin-soothing properties']",Paula's Choice
Camellia Oleifera Leaf Extract,Best,['Anti-Aging' 'Soothing'],['Plant Extracts' 'Antioxidant'],['Actives' 'Support'],"['Variety of green tea plant that originated in China'
 'Has soothing properties'
 'A rich source of antioxidants, including EGCGRelated to the Camellia sinensis green tea plant']",Paula's Choice
Camellia Oleifera,Best,['Anti-Aging' 'Soothing'],['Plant Extracts' 'Antioxidant'],['Actives' 'Support'],"['Variety of green tea plant that originated in China'
 'Has soothing properties'
 'A rich source of antioxidants, including EGCGRelated to the Camellia sinensis green tea plant']",Paula's Choice
Camellia Japonica Seed Oil,Best,['Anti-Aging' 'Hydration' 'Soothing'],['Antioxidant' 'Plant Extracts'],['Actives' 'Support'],"['Comes from tsubaki seeds' 'Good sources of antioxidants'
 'Also rich in fatty acids' 'Can inhibit melanin production']",Paula's Choice
Camellia Japonica Flower Extract,Best,['Anti-Aging'],['Plant Extracts' 'Antioxidant'],['Actives' 'Support'],"['Has proven antioxidant, anti-pollution, and soothing abilities'
 'Rich source of gallic acid' 'Also known as Tsubaki'
 'Native to China, Korea, and Japan']",Paula's Choice
Calluna Vulgaris Flower Extract,Best,['Anti-Aging' 'Soothing'],['Plant Extracts' 'Antioxidant'],['Actives' 'Support'],[],Paula's Choice
Calcium PCA,Best,['Hydration'],['Humectant'],['Support'],"['Key component of skin’s natural moisturizing factor'
 'As a skin care ingredient, this mineral electrolyte helps replenish skin’s barrier'
 'Works as a humectant to draw and hold moisture in skin’s uppermost layers'
 'Deemed safe by the Cosmetic Ingredient Review Expert Panel']",Paula's Choice
Calcium Pantothenate,Best,['Anti-Aging'],['Antioxidant'],['Actives'],[],Paula's Choice
Calcium Ascorbate,Best,['Anti-Aging'],['Antioxidant'],['Actives'],[],Paula's Choice
Caffeic Acid,Best,['Anti-Aging'],['Antioxidant'],['Actives'],[],Paula's Choice
C13-16 Isoalkane,Best,[],[],[],"['A synthetic solvent but may also be plant-derived'
 'Used in blends meant to replace siloxane silicones'
 'Light fluid has a skin-silkening after-feel'
 'Formerly known as C13-16 isoparaffin']",Paula's Choice
C10-30 Cholesterol/Lanosterol Esters,Best,['Hydration'],['Emollient' 'Texture Enhancer'],['Support' 'Sensory'],[],Paula's Choice
Butyrospermum Parkii Butter Extract,Best,['Hydration' 'Anti-Aging'],['Plant Extracts' 'Emollient' 'Antioxidant'],['Actives' 'Support'],[],Paula's Choice
Butyrospermum Parkii Butter,Best,['Anti-Aging' 'Hydration' 'Soothing'],['Antioxidant' 'Plant Extracts' 'Emollient'],['Actives' 'Support'],"['Also known as shea butter'
 'A plant-derived lipid used as an emollient in cosmetics'
 'Helps trap water within skin'
 'Also has smoothing and antioxidant benefits']",Paula's Choice
Butyrospermum Parkii (Shea Butter) Unsaponifiables,Best,['Soothing'],['Emollient' 'Antioxidant'],['Actives' 'Support'],"['Helps prevent moisture loss'
 'Visibly repairs dry, compromised skin and lips'
 'The fatty acid and sterol portion of shea butter'
 'A rich source of antioxidant vitamin E + skin-soothing compounds']",Paula's Choice
Butyrospermum Parkii (Shea) Butter Extract,Best,['Hydration' 'Anti-Aging'],['Plant Extracts' 'Emollient' 'Antioxidant'],['Actives' 'Support'],[],Paula's Choice
Butyrospermum Parkii,Best,['Hydration'],['Antioxidant' 'Plant Extracts'],['Actives' 'Support'],"['AKA the shea tree or Vitellaria paradoxa'
 'Produces a variety of cosmetic ingredients including extracts, oils and butters'
 'Most of its byproducts are antioxidant-rich'
 'Its most famous ingredient is shea butter']",Paula's Choice
Butyl Methoxydibenzoylmethane,Best,['Anti-Aging'],['UV Filters'],['Actives'],"['A globally approved synthetic UVA filter'
 'Must be used with sunscreen ingredients that provide UVB protection'
 'Requires special ingredients to improve stability in the presence of UV light'
 'Is one of several UV filters undergoing more detailed safety assessments'
 'Also known as avobenzone and Parsol 1789']",Paula's Choice
Burdock Root,Best,['Soothing' 'Anti-Aging'],['Plant Extracts' 'Antioxidant'],['Actives' 'Support'],[],Paula's Choice
Buddleja Davidii Extract,Best,['Anti-Aging'],['Plant Extracts' 'Antioxidant'],['Actives' 'Support'],[],Paula's Choice
Brassica Oleracea Italica (Broccoli) Extract,Best,['Anti-Aging'],['Antioxidant' 'Plant Extracts'],['Actives' 'Support'],"['Natural plant extract derived from the leaves, flowers, or stems of broccoli'
 'Rich in numerous skin-beneficial antioxidants that help offset damaging effects of stressors'
 'May also offer pro-collagen benefits'
 'Should be packaged in a way that limits air and light exposure'
 'Can be considered “upcycled” as a byproduct of agricultural processing']",Paula's Choice
Brassica Oleracea Capitata (Cabbage) Leaf Extract,Best,['Anti-Aging' 'Soothing'],['Antioxidant' 'Plant Extracts'],['Actives' 'Support'],"['Can come from red or purple cabbage' 'Rich in antioxidant polyphenols'
 'Has skin soothing properties' 'Might also have UV protective abilities']",Paula's Choice
Brassica Oleracea Acephala Leaf Extract,Best,['Anti-Aging' 'Soothing'],['Antioxidant' 'Plant Extracts'],['Actives' 'Support'],"['Commonly known as kale' 'Rich source of antioxidants for skin'
 'Helps strengthen key surface cells'
 'Helps protect skin from carcinogenic threats']",Paula's Choice
Brassica Campestris (Rapeseed) Seed Oil,Best,['Hydration' 'Anti-Aging'],['Emollient' 'Plant Extracts' 'Antioxidant'],['Actives' 'Support'],"['Non-fragrant plant oil' 'Good source of antioxidants'
 'Also rich in fatty acids' 'Ruled safe as used in cosmetics']",Paula's Choice
Boysenberry,Best,['Anti-Aging'],['Antioxidant' 'Plant Extracts'],['Actives' 'Support'],[],Paula's Choice
Borago Officinalis Seed Oil,Best,['Hydration' 'Anti-Aging' 'Soothing'],['Plant Extracts' 'Emollient' 'Antioxidant'],['Actives' 'Support'],"['Commonly called borage oil' 'Good source of antioxidants'
 'Rich source of barrier-supporting fatty acids'
 'Contains ceramide-building linoleic acid'
 'Also has skin-soothing properties']",Paula's Choice
Borage Seed Oil,Best,['Hydration' 'Anti-Aging' 'Soothing'],['Plant Extracts' 'Emollient' 'Antioxidant'],['Actives' 'Support'],[],Paula's Choice
Boerhavia Diffusa Root Extract,Best,['Soothing' 'Anti-Aging'],['Plant Extracts' 'Antioxidant'],['Actives' 'Support'],"['Delivers skin-soothing, antioxidant properties'
 'Shows promise for improving the look of discolorations'
 'Source of skin-beneficial amino acids'
 'The plant itself has a long history of use in ayurvedic practices and traditional medicine'
 'Water soluble']",Paula's Choice
Black Tea,Best,['Soothing' 'Anti-Aging'],['Plant Extracts' 'Antioxidant'],['Actives' 'Support'],"['From the Camellia sinensis plant'
 'Comes from older, more oxidized leaves than green tea'
 'Contains antioxidant polyphenols'
 'Also a source of theaflavins, which fight UVB damage']",Paula's Choice
Black Elderberry,Best,['Anti-Aging' 'Soothing'],['Plant Extracts' 'Antioxidant'],['Actives' 'Support'],"['High antioxidant content' 'Has soothing properties'
 'Also called Sambucus nigra fruit extract']",Paula's Choice
Blackberry,Best,['Anti-Aging'],['Plant Extracts' 'Antioxidant'],['Actives' 'Support'],"['Group of blackberry-derived plant extracts'
 'Provides antioxidant benefits to skin'
 'Blackberry extracts can be fruit, seed, leaf or root derived'
 'Notable blackberry species include Rubus fruticosus and Rubus villoscus']",Paula's Choice
Bis-Ethylhexyloxyphenol Methoxyphenyl Triazine,Best,['Anti-Aging'],['UV Filters'],['Actives'],"['Synthetic broad-spectrum sunscreen agent that helps defend skin against UVB and UVA rays'
 'Noted for being highly effective in low amounts—an advantage when high SPF levels are desired'
 'Approved as UV filter in many global markets but not in the U.S.\u202f\u202fComes as a light yellow powder in its raw material form and is oil soluble']",Paula's Choice
Bisabolol,Best,['Soothing' 'Anti-Aging'],['Plant Extracts' 'Antioxidant'],['Actives' 'Support'],"['Skin-soothing ingredient'
 'May offer some discoloration-fading properties'
 'Commonly derived from chamomile']",Paula's Choice
Biotin/Folic Acid/Cyanocobalamin/Niacinamide/Pantothenic Acid/Pyridoxine/Riboflavin/Thiamine/Yeast Polypeptides,Best,['Anti-Aging' 'Hydration'],['Antioxidant' 'Peptides'],['Actives'],"['Combines several B vitamins with stabilizing yeast'
 'Helps improve the vitality of surface cells'
 'The synergy of the B vitamins and peptides improves hydration'
 'Plays a supporting role in skin’s visible recovery from damage']",Paula's Choice
Bioflavonoid,Best,['Anti-Aging'],['Antioxidant' 'Plant Extracts'],['Actives' 'Support'],[],Paula's Choice
Bilberry Extract,Best,['Anti-Aging' 'Evens Skin Tone' 'Soothing'],['Plant Extracts' 'Antioxidant'],['Actives' 'Support'],"['AKA Vaccinium myrtillus'
 'Contain high percentages of anthocyanins, potent antioxidants'
 'Helps curb pro-aging damage from environmental stressors']",Paula's Choice
Bifida Ferment Lysate,Best,['Hydration' 'Soothing'],['Humectant' 'Prebiotic/Probiotic/Postbiotic'],['Actives' 'Support'],"['Can help reactive skin become less sensitive'
 'Defends skin against environmental aggressors by strengthening its barrier'
 'Encourages skin to visibly repair itself'
 'Derived from a specific type of yeast obtained from fermenting Bifida bacteria']",Paula's Choice
Bidens Pilosa Extract,Best,['Anti-Aging' 'Soothing'],['Antioxidant' 'Humectant' 'Plant Extracts'],['Actives' 'Support'],"['Said to be a plant-derived alternative to retinol'
 'Offers antioxidant and soothing benefits'
 'Found in the blends Revinage and Remoist'
 'Native to South America + parts of Africa and Europe']",Paula's Choice
BHA (Beta Hydroxy Acid),Best,['Anti-Acne' 'Blackhead Reducing' 'Soothing'],['Exfoliant'],['Actives'],"['Also known as salicylic acid'
 'Best known for exfoliating/anti-acne properties'
 'Helps skin shed in a manner that mimics youthful skin'
 'Works most effectively in leave-on formulas with a p'
 'H range between 3-4Oil solubility lets it exfoliate inside the pore to alleviate breakouts, congestion, and blackheads']",Paula's Choice
Beta Vulgaris Root Extract,Best,['Anti-Aging'],['Plant Extracts' 'Coloring Agent/Pigment' 'Antioxidant'],['Actives' 'Support' 'Sensory'],[],Paula's Choice
Beta-Sitosterol,Best,['Hydration'],['Plant Extracts' 'Emollient'],['Support'],[],Paula's Choice
Beta-Glucan,Best,['Soothing' 'Hydration'],['Antioxidant' 'Plant Extracts' 'Texture Enhancer'],['Actives' 'Support' 'Sensory'],"['Often used as a skin-soothing agent'
 'Delivers beneficial antioxidant properties' 'Can help moisturize skin'
 'Studies indicate beta-glucan can help reduce the look of wrinkle depth and address other signs of aging'
 'Naturally derived from yeast, fungi, seaweed, or oats']",Paula's Choice
Berberis Vulgaris Root Extract,Best,['Soothing' 'Anti-Aging'],['Antioxidant' 'Plant Extracts'],['Actives' 'Support'],"['Extract derived from the barberry plant'
 'Offers antioxidant and skin-soothing properties'
 'Research also indicates that this ingredient has antibacterial activity'
 'Native to Asia and Europe, where it has a long history of use in traditional medicine']",Paula's Choice
Berberis Aristata,Best,['Anti-Aging'],['Plant Extracts' 'Antioxidant'],['Actives' 'Support'],[],Paula's Choice
Benzoyl Peroxide,Best,['Anti-Acne' 'Smooths Bumpy Skin'],['Antibacterial'],['Actives'],"['OTC topical antibacterial acne treatment'
 'Helps fight acne bacteria at the source'
 'Does not disrupt skin’s microbiome'
 'Solutions range in strength from 2.5% to 10%']",Paula's Choice
Benzephenone-3,Best,['Anti-Aging'],['UV Filters' 'pH Adjuster/Stabilizer'],['Actives' 'Utility'],[],Paula's Choice
Beet Root Extract,Best,['Anti-Aging'],['Plant Extracts' 'Coloring Agent/Pigment' 'Antioxidant'],['Actives' 'Support' 'Sensory'],"['Rich source of antioxidants' 'Has skin-soothing properties'
 'Known as Beta vulgaris extract'
 'Has regenerative abilities on skin cells']",Paula's Choice
Bearberry Extract,Best,['Anti-Aging' 'Soothing'],['Antioxidant' 'Plant Extracts'],['Actives' 'Support'],[],Paula's Choice
Barberry,Best,['Soothing' 'Anti-Aging'],['Plant Extracts' 'Antioxidant'],['Actives' 'Support'],"['Has potent antioxidant properties' 'Also a soothing ingredient'
 'Rich source of berberine' 'Also called Berberis vulgaris root extract']",Paula's Choice
Bambusa Vulgaris (Bamboo) Leaf/Stem Extract,Best,['Anti-Aging'],['Plant Extracts' 'Antioxidant'],['Actives' 'Support'],"['Extracted from golden bamboo' 'Rich in antioxidants'
 'Has soothing properties']",Paula's Choice
Balloon Vine Extract,Best,['Anti-Aging' 'Soothing'],['Antioxidant' 'Plant Extracts'],['Actives' 'Support'],"['Derived from the herb Cardiospermum halicacabum'
 'Noted for significant skin-soothing benefits and calming signs of compromised skin'
 'Contains beneficial antioxidants and fatty acid compounds'
 'Commonly found in India and other Asian countries where it is touted for medicinal use']",Paula's Choice
Bakuchiol,Best,['Anti-Aging' 'Evens Skin Tone' 'Soothing'],['Antioxidant' 'Plant Extracts'],['Actives' 'Support'],"['Offers multiple anti-aging benefits'
 'Helps improve the look of skin discolorations'
 'Offers many of the same benefits as retinol'
 'Antioxidant found in the seeds and leaves of the plant Psoralea corylifolia'
 'Works best in concentrations between 0.5-2%']",Paula's Choice
Baicalin,Best,['Anti-Aging' 'Soothing'],['Antioxidant' 'Plant Extracts'],['Actives' 'Support'],"['Type of flavonoid' 'Derived from Scutellaria baicalensis plant'
 'Rich in antioxidants' 'Has anti-inflammatory properties'
 'May play a role in skin’s youthful longevity']",Paula's Choice
Bacillus Ferment,Best,['Soothing'],['Humectant' 'Peptides' 'Prebiotic/Probiotic/Postbiotic'],['Actives' 'Support'],"['Derived from fermented Bacillus microorganisms'
 'Benefits vary by the strain used in the fermentation process'
 'Can act as a peptide, prebiotic, or probiotic'
 'May help balance skin’s microbiome'
 'Can offer mild exfoliating action (strain dependent)']",Paula's Choice
Bacillus/Soybean Ferment Extract,Best,['Anti-Aging' 'Dark Spot Fading'],['Antioxidant' 'Plant Extracts'],['Actives' 'Support'],"['Extract of the product of fermenting soybeans with Bacillus'
 'Known by trade names Cellplus+ and Actigym'
 'Has skin conditioning and antioxidant properties'
 'Contains arbutin, which can disrupt triggers of skin discolorations']",Paula's Choice
Azelex,Best,['Anti-Acne' 'Dark Spot Fading' 'Smooths Bumpy Skin'],['Antioxidant' 'Exfoliant'],['Actives'],[],Paula's Choice
Azelaoyl Bis-Dipeptide-10,Best,['Anti-Aging' 'Evens Skin Tone' 'Soothing'],['Peptides' 'Antioxidant'],['Actives'],[],Paula's Choice
Azelaic Acid,Best,['Anti-Acne' 'Dark Spot Fading' 'Smooths Bumpy Skin'],['Antioxidant' 'Exfoliant' 'pH Adjuster/Stabilizer'],['Actives' 'Utility'],"['Helps improve the appearance of redness' 'Aides in clarifying skin'
 'Offers gentle exfoliating properties'
 'Also delivers antioxidant benefits']",Paula's Choice
Azadirachta Indica,Best,['Anti-Aging'],['Plant Extracts' 'Antioxidant'],['Actives' 'Support'],[],Paula's Choice
Avocado Oil,Best,['Hydration' 'Anti-Aging'],['Emollient' 'Antioxidant'],['Actives' 'Support'],[],Paula's Choice
Avobenzone,Best,['Anti-Aging'],['UV Filters'],['Actives'],"['A globally approved synthetic UVA filter'
 'Has been tested for safety and efficacy'
 'One of only two FDA-approved UVA filters' 'Also known as Parsol 1789']",Paula's Choice
Avena Sativa Kernel Extract,Best,['Soothing'],['Plant Extracts' 'Antioxidant'],['Actives' 'Support'],"['Good source of antioxidants'
 'Exhibits impressive skin-soothing abilities'
 'Suitable for even the most sensitive skin']",Paula's Choice
Avena Sativa (Oat) Kernel Oil,Best,['Soothing'],['Emollient' 'Antioxidant'],['Actives' 'Support'],[],Paula's Choice
Avena Sativa (Oat) Kernel Extract,Best,['Soothing'],['Plant Extracts' 'Antioxidant'],['Actives' 'Support'],"['Good source of antioxidants'
 'Exhibits impressive skin-soothing abilities'
 'Suitable for even the most sensitive skin'
 'INCI name for ingredient also called colloidal oatmeal'
 'Ruled safe as used in cosmetics']",Paula's Choice
Atractylodes Macrocephala Root Powder,Best,['Soothing'],['Antioxidant'],['Actives'],"['Herbal ingredient documented for its soothing properties in skin care formulas'
 'Functions as an antioxidant to help defend skin from environmental stressors'
 'Long history of use in traditional Chinese medicine'
 'Previously went by a slightly different spelling of Atractyloides macrocephala root powder']",Paula's Choice
Astragalus Membranaceus,Best,['Anti-Aging'],['Antioxidant' 'Plant Extracts'],['Actives' 'Support'],"['Long used in traditional Chinese medicine' 'Is an adaptogen'
 'Fights oxidative stress' 'Has anti-inflammatory properties']",Paula's Choice
Astaxanthin,Best,['Anti-Aging' 'Soothing'],['Antioxidant' 'Plant Extracts' 'Coloring Agent/Pigment'],['Actives' 'Support' 'Sensory'],"['Natural pigment found in algae, fungi, and bacteria'
 'Also found in aquatic organisms' 'Rich source of antioxidants'
 'Has anti-inflammatory properties' 'Boosts UV protection of sunscreens']",Paula's Choice
Aspergillus Ferment,Best,['Anti-Aging' 'Evens Skin Tone' 'Hydration'],['Antioxidant'],['Actives'],"['Fungi/mold extract produced via fermentation'
 'Noted in research for skin-brightening benefits'
 'Also attributed for antioxidant properties and skin barrier strengthening'
 'Can be used to enhance the bioactivity of other key skin care ingredients']",Paula's Choice
Asiatic Acid,Best,['Anti-Aging'],['Antioxidant'],['Actives'],"['Potent antioxidant found naturally in many plants, including Centella asiatica'
 'Helps offset triggers of sun damage and aging skin'
 'Delivers significant soothing properties'
 'Works best when penetration-enhancing delivery systems are utilized to improve the permeability']",Paula's Choice
Ascorbyl Tetraisopalmitate,Best,['Anti-Aging' 'Dark Spot Fading' 'Evens Skin Tone'],['Antioxidant'],['Actives'],"['Oil soluble derivative of vitamin C (ascorbic acid)Helps prevent pro-aging environmental damage'
 'Promotes a firm skin structure'
 'Also known as ATIP and tetrahexyldecyl ascorbate (THD Ascorbate)']",Paula's Choice
Ascorbyl Palmitate,Best,['Anti-Aging' 'Dark Spot Fading' 'Evens Skin Tone'],['Antioxidant'],['Actives'],"['Made by combining ascorbic acid with palmitic acid'
 'Has a powerful synergy with vitamin EExhibits antioxidant benefits'
 'Not considered as effective as pure vitamin COften used to help stabilize air-sensitive skin care ingredients'
 'Also used as a food additive to improve stability of oils']",Paula's Choice
Ascorbyl Methylsilanol Pectinate,Best,['Anti-Aging' 'Hydration'],['Antioxidant' 'Texture Enhancer'],['Actives' 'Sensory'],[],Paula's Choice
Ascorbyl Glucoside,Best,['Anti-Aging' 'Dark Spot Fading' 'Evens Skin Tone'],['Antioxidant'],['Actives'],"['Stable form of vitamin C easily penetrates skin'
 'Brightening benefits enhanced by niacinamide'
 'Helps improve skin’s environmental defenses']",Paula's Choice
Ascorbyl Glucosamine,Best,['Anti-Aging'],['Antioxidant'],['Actives'],[],Paula's Choice
Ascorbic Acid,Best,['Anti-Aging' 'Dark Spot Fading' 'Evens Skin Tone'],['Antioxidant' 'pH Adjuster/Stabilizer'],['Actives' 'Utility'],"['Technical name for pure vitamin CCan help improve wrinkles + discolorations'
 'Helps boost sunscreen effectiveness'
 'The most abundant antioxidant in skin']",Paula's Choice
Aristotelia Chilensis (Maqui),Best,['Anti-Aging'],['Antioxidant' 'Plant Extracts'],['Actives' 'Support'],[],Paula's Choice
Argireline,Best,['Anti-Aging' 'Hydration'],['Peptides' 'Humectant'],['Actives' 'Support'],"['Also known as acetyl hexapeptide-8 and acetyl hexapeptide-3Synthetically derived'
 'Has water-binding abilities and skin-restoring properties'
 'Is considered a neurotransmitter-inhibiting peptide']",Paula's Choice
Arginine/Lysine Polypeptide,Best,['Anti-Aging' 'Hydration'],['Peptides'],['Actives'],"['A multi-peptide blend that supports skin’s collagen and elastin'
 'Helps offset substances within skin that break down collagen'
 'Lab-synthesized for precise, consistent results + stability'
 'Topical use helps restore a firmer look and feel']",Paula's Choice
Arginine,Best,['Hydration' 'Anti-Aging'],['Antioxidant' 'Humectant'],['Actives' 'Support'],"['Amino acid naturally present in the body' 'Offers antioxidant benefits'
 'Has hydrating properties'
 'Derivatives of arginine can be used to create cosmetic surfactants'
 'Proven track record of safety in personal care product formulas']",Paula's Choice
Argan Oil,Best,['Hydration' 'Anti-Aging'],['Emollient' 'Antioxidant' 'Plant Extracts'],['Actives' 'Support'],[],Paula's Choice
Argania Spinosa Kernel Oil,Best,['Hydration' 'Anti-Aging'],['Emollient' 'Antioxidant' 'Plant Extracts'],['Actives' 'Support'],[],Paula's Choice
Argania Spinosa,Best,['Anti-Aging'],['Antioxidant' 'Plant Extracts'],['Actives' 'Support'],[],Paula's Choice
Arctostaphylos Uva Ursi Leaf Extract,Best,['Anti-Aging' 'Dark Spot Fading' 'Soothing'],['Antioxidant' 'Plant Extracts'],['Actives' 'Support'],"['Antioxidant-rich plant extract'
 'Helps visibly minimize premature skin aging'
 'Rich in arbutin to mitigate uneven tone'
 'Delivers skin-soothing effects']",Paula's Choice
Arctium Lappa Root Extract,Best,['Soothing' 'Anti-Aging'],['Antioxidant' 'Plant Extracts'],['Actives' 'Support'],"['Also known as burdock root' 'Contributes to skin’s environment defense'
 'Works to soothe and lightly hydrate skin'
 'Its roots, leaves, seeds and flowers can be used to create ingredients']",Paula's Choice
Arctium Lappa,Best,['Soothing' 'Anti-Aging'],['Antioxidant' 'Plant Extracts'],['Actives' 'Support'],"['Also known as burdock' 'Contributes to skin’s environmental defense'
 'Works to soothe and lightly hydrate skin'
 'Its roots, leaves, seeds and flowers can be used to create ingredients']",Paula's Choice
Arbutus Unedo Fruit Extract,Best,['Anti-Aging' 'Dark Spot Fading' 'Evens Skin Tone'],['Antioxidant' 'Plant Extracts'],['Actives' 'Support'],"['From the madrone or strawberry tree' 'Rich source of polyphenols'
 'Can fight skin discolorations']",Paula's Choice
Arbutin,Best,['Dark Spot Fading' 'Evens Skin Tone'],['Plant Extracts' 'Antioxidant'],['Actives' 'Support'],"['Antioxidant backed by research for fading discolorations and evening out tone'
 'Can be derived naturally from plants (typically bearberry) or made synthetically'
 'The pure natural form of arbutin is referred to as beta-arbutin'
 'Synthetic versions (known as alpha-arbutin and deoxyarbutin) have been shown to be more effective'
 'Colorless to faint yellow powder (as a raw material)']",Paula's Choice
Arachis Hypogaea Extract,Best,['Hydration' 'Soothing'],['Emollient' 'Plant Extracts'],['Support'],[],Paula's Choice
Apricot Kernel Oil,Best,['Hydration' 'Anti-Aging'],['Emollient' 'Plant Extracts' 'Antioxidant'],['Actives' 'Support'],[],Paula's Choice
Apple Fruit Extract,Best,['Anti-Aging' 'Hydration'],['Antioxidant' 'Plant Extracts'],['Actives' 'Support'],[],Paula's Choice
Antioxidant,Best,['Anti-Aging' 'Soothing'],['Antioxidant' 'Plant Extracts'],['Actives' 'Support'],[],Paula's Choice
Anthocyanin,Best,['Anti-Aging' 'Soothing'],['Antioxidant' 'Plant Extracts'],['Actives' 'Support'],[],Paula's Choice
Anthemis Nobilis Flower Extract,Best,['Soothing' 'Anti-Aging'],['Plant Extracts' 'Antioxidant'],['Actives' 'Support'],"['Rich source of antioxidants' 'Has soothing properties'
 'Commonly called Roman chamomile']",Paula's Choice
Anastatica Hierochuntica Extract,Best,['Soothing' 'Anti-Aging'],['Antioxidant' 'Plant Extracts'],['Actives' 'Support'],"['Extract derived from a desert-growing plant known as Rose of Jericho'
 'Source of skin-soothing, anti-aging antioxidants, including quercetin'
 'May also improve uneven skin tone'
 'Long history of use in folk medicine (indigenous to the Middle East and North Africa)']",Paula's Choice
Ammonium Glycolate,Best,['Evens Skin Tone' 'Anti-Aging'],['Exfoliant'],['Actives'],[],Paula's Choice
Amino Acids,Best,['Hydration'],['Antioxidant' 'Humectant'],['Actives' 'Support'],"['Fundamental constituents of all proteins found in the body'
 'In skin care products, amino acids act as water-binding agents'
 'Some have antioxidant properties'
 'Work best when combined with other amino acids']",Paula's Choice
Amaranthus Caudatus Seed extract,Best,['Anti-Aging' 'Hydration'],['Antioxidant' 'Emollient' 'Plant Extracts'],['Actives' 'Support'],"['Plant extract rich in skin-beneficial compounds including antioxidants'
 'May provide moisturizing effects'
 'Most research pertains to nutritional value but this extract shows promise for anti-aging effects on skin'
 'Supplied as an aqueous solution or in the oil form']",Paula's Choice
Althaea Officinalis Root Extract,Best,['Anti-Aging' 'Soothing'],['Plant Extracts' 'Antioxidant'],['Actives' 'Support'],"['Also known as marshmallow root'
 'Plant with soothing, redness-reducing properties'
 'Also works as a lightweight emollient'
 'Helps offset negative impact of enzymes that degrade hyaluronic acid']",Paula's Choice
Alpha-Tocopherol,Best,['Anti-Aging'],['Antioxidant'],['Actives'],[],Paula's Choice
Alpha Lipoic Acid,Best,['Anti-Aging'],['Antioxidant'],['Actives'],"['AKA thioctic acid' 'Both water and oil soluble'
 'Exerts antioxidant and soothing properties when applied topically'
 'Concentrations of 5% or greater are capable of causing a burning or stinging sensation on skin']",Paula's Choice
AHA,Best,['Anti-Aging' 'Dark Spot Fading' 'Evens Skin Tone' 'Hydration'],['Exfoliant' 'Humectant'],['Actives' 'Support'],"['AKA alpha hydroxy acid'
 'Exfoliates skin and improves visible signs of aging'
 'Particularly suited for dry skin and an uneven skin tone'
 'Includes glycolic and lactic acids']",Paula's Choice
Alpha-Glucan Oligosaccharide,Best,['Hydration' 'Soothing' 'Anti-Aging'],['Emollient' 'Plant Extracts' 'Antioxidant'],['Actives' 'Support'],"['Natural prebiotic typically synthesized from sugars'
 'Helps support a healthy microbiome' 'Can reduce signs of sensitive skin'
 'Antioxidant benefits reduce the impact of environmental stressors']",Paula's Choice
Alpha-Glucan,Best,['Hydration' 'Soothing'],['Antioxidant' 'Chelating Agent' 'Prebiotic/Probiotic/Postbiotic'],['Actives' 'Utility'],"['Chelating agent (prevents metal ions or metallic compounds from interfering with skin)Bulking agent (increases the viscosity/thickness of a formula)Prebiotic (helps to nourish skin’s healthy microbiome balance)Humectant (attracts and retains moisture in the skin)Enhances the delivery of other ingredients in a formulation, maximizing their impact']",Paula's Choice
Alpha-Arbutin,Best,['Anti-Aging' 'Dark Spot Fading' 'Evens Skin Tone'],['Antioxidant' 'Plant Extracts'],['Actives' 'Support'],"['Proven ability to fade melanin-fueled skin discolorations'
 'Considered more effective than beta-arbutin and kojic acid'
 'May be plant-derived, bio-fermented or synthetic.Derived from gold standard hyperpigmentation ingredient hydroquinone']",Paula's Choice
Aloe Vera,Best,['Hydration' 'Soothing'],['Plant Extracts' 'Humectant'],['Support'],[],Paula's Choice
Aloe Barbadensis Leaf Juice Powder,Best,['Anti-Aging'],['Plant Extracts'],['Support'],[],Paula's Choice
Aloe Barbadensis Leaf Juice Extract,Best,['Hydration' 'Soothing'],['Plant Extracts' 'Humectant'],['Support'],[],Paula's Choice
Aloe Barbadensis Leaf Juice,Best,['Soothing' 'Hydration'],['Humectant' 'Plant Extracts' 'Antioxidant'],['Actives' 'Support'],"['Juice expressed from the leaves of the aloe plant'
 'Used for its soothing properties'
 'Can also be used as a film former, humectant & skin-conditioning agent'
 'Popular in hand sanitizers, where it helps combat the harsh, drying nature of alcohol-based formulas']",Paula's Choice
Aloe Barbadensis Leaf Extract,Best,['Soothing' 'Hydration'],['Humectant' 'Antioxidant' 'Plant Extracts'],['Actives' 'Support'],"['Offers antioxidant qualities to defend skin'
 'Delivers soothing properties to calm skin'
 'Serves as a humectant (hydrating agent)Extract derived from the leaves of the aloe vera plant']",Paula's Choice
Aloe Barbadensis,Best,['Hydration' 'Soothing'],['Plant Extracts' 'Humectant'],['Support'],"['AKA aloe vera'
 'Plant-extract with soothing, antioxidant and hydrating compounds'
 'Its benefits tend to be over exaggerated in cosmetics']",Paula's Choice
Almond Oil,Best,['Hydration'],['Emollient' 'Plant Extracts'],['Support'],[],Paula's Choice
Almond/Borage/Linseed/Olive Acids Glycerides,Best,['Hydration' 'Anti-Aging'],['Emollient' 'Antioxidant'],['Actives' 'Support'],[],Paula's Choice
Allantoin Glycyrrhetinic Acid,Best,['Soothing'],['Antioxidant' 'Plant Extracts'],['Actives' 'Support'],"['Power couple of skin soothers, one licorice-derived'
 'Helps reduce signs and sensations of sensitivity'
 'Deemed safe in the amounts used in cosmetics'
 'Supplied as a white to yellowish powder']",Paula's Choice
Allantoin,Best,['Soothing'],['Plant Extracts'],['Support'],"['Can soothe skin' 'Has skin moisturizing properties'
 'Helps mitigate skin’s response to active ingredients'
 'Occurs naturally in most organisms but can be produced synthetically'
 'Used in concentrations up to 2% in cosmetics']",Paula's Choice
Algae Extract,Best,['Anti-Aging' 'Hydration' 'Soothing'],['Antioxidant' 'Plant Extracts' 'Emollient'],['Actives' 'Support'],"['Comes from algae, very simple, chlorophyll-containing organisms'
 'Help thicken formulas' 'Can assist in hydrating skin'
 'Helps defend skin against external agents']",Paula's Choice
Algae,Best,['Anti-Aging' 'Hydration' 'Soothing'],['Antioxidant' 'Plant Extracts' 'Emollient'],['Actives' 'Support'],[],Paula's Choice
Aleurites Moluccana Seed Oil,Best,['Hydration' 'Anti-Aging'],['Emollient' 'Antioxidant' 'Plant Extracts'],['Actives' 'Support'],"['Also called candlenut or kukui nut oil' 'Rich in hydrating fatty acids'
 'Contains anti-aging tocopherols'
 'Imparts a rich, emollient feel to moisturizers']",Paula's Choice
Albatrellus Confluens (Mushroom) Extract,Best,['Soothing' 'Anti-Aging'],['Plant Extracts' 'Antioxidant'],['Actives' 'Support'],"['Source of antioxidants that promote youthful-looking skin'
 'Has a pronounced soothing effect on skin'
 'Excellent for sensitive, redness-prone, reactive skin'
 'Another name for the edible Northern Truffle mushroom']",Paula's Choice
Alaria Esculenta Extract,Best,['Hydration' 'Anti-Aging' 'Soothing'],['Antioxidant' 'Plant Extracts' 'Texture Enhancer'],['Actives' 'Support' 'Sensory'],"['Type of edible brown algae harvested in Europe and Ireland'
 'Rich source of amino acids, antioxidants and minerals'
 'Proven to help offset factor in skin that lead to decreased firmness'
 'Considered safe as used in cosmetics']",Paula's Choice
Akebia Quinata (Chocolate Vine) Stem Extract,Best,['Anti-Aging' 'Soothing'],['Antioxidant' 'Plant Extracts'],['Actives' 'Support'],"['Stem from a vining plant whose flowers smell like chocolate.Good source of soothing, redness-reducing antioxidants.Shown to help protect skin from oxidative damage.Helps maintain a firm look and feel.']",Paula's Choice
Ahnfeltiopsis Concinna Extract,Best,['Hydration' 'Soothing'],['Antioxidant' 'Plant Extracts' 'Humectant'],['Actives' 'Support'],[],Paula's Choice
Adenosine Triphosphate,Best,['Soothing' 'Anti-Aging'],['Antioxidant'],['Actives'],"['Also called ATPPresent in all living cells'
 'Soothing ingredient and antioxidant'
 'Provides energy for numerous body functions'
 'Ruled safe as used in cosmetics']",Paula's Choice
Adenosine Phosphate,Best,['Soothing'],['Antioxidant'],['Actives'],[],Paula's Choice
Adenosine,Best,['Soothing'],['Plant Extracts'],['Support'],"['Helps improve the visible appearance of wrinkles'
 'Has soothing properties' ""Also smooths skin's surface""]",Paula's Choice
Adansonia Digitata Seed Oil,Best,['Anti-Aging' 'Hydration' 'Soothing'],['Antioxidant' 'Emollient' 'Plant Extracts'],['Actives' 'Support'],"['Seed oil from the Adansonia digitata (AKA baobab) tree'
 'High fatty acid content that helps hydrate and soothe'
 'Phenols present assist in anti-aging antioxidant benefits'
 'CIR Expert Panel concluded it’s safe for use in cosmetics']",Paula's Choice
Adansonia Digitata Seed Extract,Best,['Anti-Aging' 'Hydration' 'Soothing'],['Antioxidant' 'Emollient' 'Plant Extracts'],['Actives' 'Support'],"['Plant extract from the baobab tree indigenous to Africa'
 'Rich in skin-nourishing amino acids and fatty acids'
 'Contains phenolic and flavonoid compounds that exhibit strong antioxidant benefits'
 'Noted in research for skin-soothing effects']",Paula's Choice
Active Ingredient,Best,['Anti-Aging' 'Anti-Acne' 'Dark Spot Fading'],[],[],"['Regulated ingredients approved to perform a specific drug- or drug-like skin care function'
 'Listed with their concentration and a short description of how they work'
 'Must also be accompanied by instructions detailing how to apply'
 'Examples include benzoyl peroxide and salicylic acid for acne']",Paula's Choice
Actinidia Chinensis (Kiwi) Fruit Extract,Best,['Anti-Aging'],['Antioxidant' 'Plant Extracts'],['Actives' 'Support'],"['Excellent source of antioxidants' 'Defends against effect of pollutants'
 'Good source of lutein']",Paula's Choice
Achillea Millefolium Extract,Best,['Anti-Aging' 'Soothing'],['Antioxidant' 'Plant Extracts'],['Actives' 'Support'],"['Antioxidant that supports healthy skin' 'Can rejuvenate skin’s surface'
 'Helps soothe']",Paula's Choice
Acetyl Zingerone,Best,[],['Antioxidant' 'Plant Extracts'],['Actives' 'Support'],"['Potent, ginger-derived antioxidant'
 'Helps offset numerous visible signs of aging from environmental damage'
 'Very good stability in the presence of UV light'
 'Plays a role in protecting skin from airborne pollutants'
 'Also has longevity benefits to enhance skin health']",Paula's Choice
Acetyl Tetrapeptide-9,Best,['Anti-Aging'],['Peptides' 'Humectant'],['Actives' 'Support'],"['“Signal peptide” with anti-aging benefits'
 'Supports skin’s firmness and elasticity'
 'Touted for hydrating/plumping effects' 'Lab-engineered (synthetic)']",Paula's Choice
Acetyl Tetrapeptide-5,Best,['Anti-Aging' 'Soothing'],['Peptides' 'Humectant'],['Actives' 'Support'],[],Paula's Choice
Acetyl Tetrapeptide-2,Best,['Anti-Aging' 'Soothing'],['Peptides'],['Actives'],"['Synthetic peptide' 'Support skin’s extracellular matrix'
 'Encourages healthy levels of elastin' 'Has skin soothing properties']",Paula's Choice
Acetyl Tetrapeptide-11,Best,['Anti-Aging' 'Hydration'],['Peptides'],['Actives'],"['A synthetic peptide'
 'Helps skin become healthier by interacting with a signaling protein in skin’s surface'
 ""Assists in keeping skin's architecture firm""]",Paula's Choice
Acetyl sh-Hexapeptide-5 Amide Acetate,Best,['Anti-Aging'],['Peptides'],['Actives'],"['Helps reinforce skin’s firmness and resilience'
 'Topical use helps improves skin’s tautness' 'Considered gentle on skin'
 'Synthetic peptide based on the binding and anchoring protein fibronectin']",Paula's Choice
Acetyl Hexapeptide-8,Best,['Anti-Aging' 'Hydration'],['Peptides' 'Humectant'],['Actives' 'Support'],"['AKA agireline and acetyl hexpeptide-3Has water-binding abilities'
 'Offers skin-restoring properties' 'Synthetically derived'
 'Is considered a neurotransmitter-inhibiting peptide']",Paula's Choice
Acetyl Hexapeptide-37,Best,['Anti-Aging' 'Hydration'],['Peptides' 'Humectant'],['Actives' 'Support'],"['Synthetic peptide'
 'Composed of amino acids (alanine, proline, serine, and glycine)Works with water channels in skin’s surface layers'
 'Helps provide balanced hydration between skin’s layers']",Paula's Choice
Acetyl Hexapeptide-1,Best,['Anti-Aging' 'Hydration'],['Peptides' 'Humectant'],['Actives' 'Support'],"['A synthetic peptide' 'Composed of the amino acids'
 'Helps skin better defend itself from environmental aggressors'
 'Can also help promote a visibly more even skin tone']",Paula's Choice
Acetyl Glucosamine,Best,['Hydration' 'Soothing' 'Evens Skin Tone'],['Antioxidant' 'Humectant'],['Actives' 'Support'],"['Multi-purpose antioxidant' 'Plays a role in improving discolorations'
 'Offers skin-calming properties'
 'Helps skin make its own hyaluronic acid']",Paula's Choice
Acetyl Dipeptide-1 Cetyl Ester,Best,['Anti-Aging'],['Peptides'],['Actives'],"['Lab-made anti-aging peptide that promotes firmer skin'
 'Bio-identical to a skin-natural peptide that aids elasticity'
 'Used as part of a blend with butylene glycol and hydroxyethylcellulose'
 'Soothing effect offsets stinging and burning sensations on skin']",Paula's Choice
Acetyl Cysteine,Best,['Anti-Aging' 'Hydration'],['Antioxidant'],['Actives'],[],Paula's Choice
Acetyl Carnitine HCL,Best,['Hydration'],['Antioxidant'],['Actives'],[],Paula's Choice
Acerola Fruit Extract,Best,['Anti-Aging'],['Antioxidant' 'Plant Extracts'],['Actives' 'Support'],"['A fruit extract also known as Malpighia emarginata'
 'Potent source of antioxidants that helps protect skin from external agents'
 'Contains skin hydrating polysaccharides'
 'Sometimes referred to as a ""superfruit""']",Paula's Choice
Acai,Best,['Anti-Aging' 'Soothing'],['Antioxidant' 'Plant Extracts'],['Actives' 'Support'],"['Potent source of skin-beneficial antioxidants'
 'Contains ferulic acid and epicatechin'
 'Helps protect skin from environmental aggressors']",Paula's Choice
3-O Ethyl Ascorbic Acid,Best,['Anti-Aging' 'Evens Skin Tone' 'Dark Spot Fading'],['Antioxidant'],['Actives'],"['A more stable derivative of pure vitamin CCapable of helping fade dark spots'
 'Has water- and oil-soluble properties'
 'Offers anti-aging benefits on par with vitamin C']",Paula's Choice
Zingiber Zerumbet Extract,Worst,['Hydration'],['Plant Extracts' 'Humectant' 'Irritant'],['Support' 'Risks'],[],Paula's Choice
Zingiber Zerumbet,Worst,['Hydration'],['Plant Extracts' 'Humectant' 'Irritant'],['Support' 'Risks'],[],Paula's Choice
Zinc Carbonate,Worst,[],['Occlusive/Opacifying Agent'],['Support'],[],Paula's Choice
Zanthoxylum Piperitum Fruit Extract,Worst,[],['Irritant' 'Plant Extracts' 'Antioxidant'],['Actives' 'Support' 'Risks'],[],Paula's Choice
Zanthoxylum Piperitum,Worst,[],['Irritant' 'Plant Extracts' 'Antioxidant'],['Actives' 'Support' 'Risks'],[],Paula's Choice
Ylang Ylang,Worst,[],['Fragrance: Synthetic and Natural' 'Irritant' 'Plant Extracts'],['Support' 'Sensory' 'Risks'],[],Paula's Choice
Xi Xin,Worst,[],[],[],"['Also called Chinese wild ginger' 'Oil form of xi xin can sensitize skin'
 'The extract has soothing properties']",Paula's Choice
Witch Hazel,Worst,['Oil Control'],['Irritant' 'Plant Extracts' 'Antioxidant'],['Actives' 'Support' 'Risks'],"['Commonly used plant extract from the Hamamelis virginiana shrub'
 'Can have potent astringent, anti-irritant, and skin soothing properties'
 'Its high tannin content can also make it sensitizing to skin'
 'Can be derived from different parts of the plant']",Paula's Choice
Wild Ginger,Worst,[],['Plant Extracts' 'Irritant'],['Support' 'Risks'],[],Paula's Choice
White Oak Bark Extract,Worst,[],['Plant Extracts' 'Irritant'],['Support' 'Risks'],[],Paula's Choice
Volatile Oil,Worst,[],['Fragrance: Synthetic and Natural' 'Irritant'],['Sensory' 'Risks'],[],Paula's Choice
Vetiver Oil or Extract,Worst,[],['Fragrance: Synthetic and Natural' 'Irritant' 'Plant Extracts'],['Support' 'Sensory' 'Risks'],[],Paula's Choice
Verbena Extract,Worst,[],['Fragrance: Synthetic and Natural' 'Irritant' 'Plant Extracts'],['Support' 'Sensory' 'Risks'],[],Paula's Choice
Tormentil Extract,Worst,['Hydration'],['Irritant' 'Plant Extracts' 'Humectant'],['Support' 'Risks'],[],Paula's Choice
Thymus Vulgaris Oil,Worst,[],['Fragrance: Synthetic and Natural' 'Irritant' 'Plant Extracts'],['Support' 'Sensory' 'Risks'],[],Paula's Choice
Thyme Oil,Worst,[],['Fragrance: Synthetic and Natural' 'Irritant'],['Sensory' 'Risks'],[],Paula's Choice
TEA-Lauryl Sulfate,Worst,[],['Cleansing Agent'],['Utility'],"['Also known as triethanolamine lauryl sulfate'
 'Functions as a surfactant' 'Drying to skin and hair'
 'Significant skin irritant in high concentrations']",Paula's Choice
Tangerine Oil,Worst,[],['Fragrance: Synthetic and Natural' 'Plant Extracts' 'Emollient'],['Support' 'Sensory'],[],Paula's Choice
Szechuan Peppercorn,Worst,[],['Irritant' 'Plant Extracts' 'Antioxidant'],['Actives' 'Support' 'Risks'],[],Paula's Choice
Symphytum Officinale Extract,Worst,[],['Plant Extracts'],['Support'],"['Plant extract with some potential skin benefits'
 'Contains pyrrolizidine alkaloids, associated with health risks'
 'Safety profile remains uncertain due to limited research'
 'Best to avoid when it comes to personal care products']",Paula's Choice
Styrax Benzoin Resin Extract,Worst,[],['Fragrance: Synthetic and Natural' 'Irritant' 'Plant Extracts'],['Support' 'Sensory' 'Risks'],"['A resin derived from Styrax benzoin trees'
 'Contains volatile, skin-sensitizing aromatic compounds'
 'Has a warm, vanilla scent'
 'Can also be used as a part of preservative blends']",Paula's Choice
Styrax Benzoin,Worst,[],['Fragrance: Synthetic and Natural' 'Irritant' 'Plant Extracts'],['Support' 'Sensory' 'Risks'],"['Family of trees native to Asia'
 'Generates plant-based oils, extracts, gums and resins'
 'Used as perfuming agents in cosmetics' 'Can cause skin-sensitization']",Paula's Choice
Star Anise,Worst,[],['Fragrance: Synthetic and Natural' 'Plant Extracts' 'Antioxidant'],['Actives' 'Support' 'Sensory'],[],Paula's Choice
Spearmint Oil,Worst,[],['Fragrance: Synthetic and Natural' 'Irritant' 'Plant Extracts'],['Support' 'Sensory' 'Risks'],[],Paula's Choice
Sodium Thioglycolate,Worst,[],['Antioxidant' 'Irritant'],['Actives' 'Risks'],[],Paula's Choice
Sodium Tallowate,Worst,[],['Cleansing Agent' 'Irritant'],['Utility' 'Risks'],"['Sodium salt of tallow' 'Made through a process involving lye'
 'Has a high p' 'HCan cause skin barrier damage and irritation']",Paula's Choice
Sodium Silicate,Worst,[],['pH Adjuster/Stabilizer' 'Irritant'],['Utility' 'Risks'],[],Paula's Choice
Sodium Lauryl Sulfate,Worst,[],['Cleansing Agent' 'Irritant'],['Utility' 'Risks'],[],Paula's Choice
Sodium Carbonate,Worst,['Oil Control'],['Absorbent' 'Irritant'],['Sensory' 'Risks'],[],Paula's Choice
Sodium C14-16 Olefin Sulfonate,Worst,[],['Cleansing Agent' 'Irritant'],['Utility' 'Risks'],"['A powerful anionic (water- and oil-loving) surfactant'
 'Has cleansing and foaming properties'
 'Often used in skin, body, hair and home care products'
 'Can disrupt the skin barrier, causing dryness and sensitization']",Paula's Choice
Sodium Borate,Worst,[],['pH Adjuster/Stabilizer'],['Utility'],[],Paula's Choice
Soap,Worst,[],['Cleansing Agent' 'Irritant'],['Utility' 'Risks'],"['True “soaps” are regulated by the Consumer Product Safety Commission'
 'Made up solely of fats and alkali'
 'Most soaps are considered very drying due to their alkaline base']",Paula's Choice
Sisymbrium Irio Seed Oil,Worst,['Hydration'],['Fragrance: Synthetic and Natural' 'Irritant' 'Plant Extracts'],['Support' 'Sensory' 'Risks'],"['Essential oil extracted from a plant commonly known as “London rocket”Contains fragrant compounds that can be harmful when applied topically to skin'
 'Also contains antioxidants and fatty acids'
 'Has a yellow to greenish brown oily liquid appearance']",Paula's Choice
Silver,Worst,[],['Irritant' 'Coloring Agent/Pigment'],['Sensory' 'Risks'],[],Paula's Choice
SD Alcohol 40,Worst,[],['Irritant'],['Risks'],[],Paula's Choice
SD Alcohol,Worst,[],['Irritant' 'Solvent'],['Utility' 'Risks'],"['Is a volatile alcohol, also known as specially denatured alcohol'
 'Can cause skin dryness and potential barrier disruption'
 'Most commonly functions as a solvent in cosmetic formulas'
 'Also has anti-foaming and astringent properties']",Paula's Choice
Sausurrea Oil,Worst,[],['Irritant' 'Fragrance: Synthetic and Natural' 'Plant Extracts'],['Support' 'Sensory' 'Risks'],[],Paula's Choice
Sandalwood Oil,Worst,[],['Fragrance: Synthetic and Natural' 'Irritant' 'Antioxidant'],['Actives' 'Sensory' 'Risks'],[],Paula's Choice
Rosewood Oil,Worst,[],['Fragrance: Synthetic and Natural' 'Irritant' 'Antioxidant'],['Actives' 'Sensory' 'Risks'],"['Also called bois de rose oil' 'Primarily used as a fragrance ingredient'
 'Contains high amounts of sensitizing linalool']",Paula's Choice
Rose Oil,Worst,[],['Fragrance: Synthetic and Natural' 'Irritant' 'Antioxidant'],['Actives' 'Sensory' 'Risks'],[],Paula's Choice
Rosemary Oil,Worst,[],['Fragrance: Synthetic and Natural' 'Irritant' 'Antioxidant'],['Actives' 'Sensory' 'Risks'],"['Oil from the rosemary plant' 'Long used in traditional folk medicine'
 'Volatile compounds can lead to irritation, including allergic contact dermatitis'
 'Milder reactions after topical exposure include itching and redness']",Paula's Choice
Rose Flower Oil,Worst,[],['Fragrance: Synthetic and Natural' 'Irritant' 'Antioxidant'],['Actives' 'Sensory' 'Risks'],[],Paula's Choice
Rose Flower,Worst,[],['Fragrance: Synthetic and Natural' 'Irritant' 'Antioxidant'],['Actives' 'Sensory' 'Risks'],[],Paula's Choice
Rosa Gallica Flower Extract,Worst,[],"['Fragrance: Synthetic and Natural' 'Irritant' 'Antioxidant'
 'Plant Extracts']",['Actives' 'Support' 'Sensory' 'Risks'],"['Also known as French rose extract'
 'Used as a perfuming agent for its floral scent'
 'Contains volatile compounds that can irritate skin'
 'Offers antioxidant properties']",Paula's Choice
Rosa Damascena Oil,Worst,[],['Fragrance: Synthetic and Natural' 'Irritant' 'Antioxidant'],['Actives' 'Sensory' 'Risks'],[],Paula's Choice
Rosa Damascena Flower Oil,Worst,[],['Fragrance: Synthetic and Natural' 'Irritant' 'Antioxidant'],['Actives' 'Sensory' 'Risks'],"['Essential oil obtained from the petals of the damask rose'
 'Poses a risk of irritation to skin due to its volatile fragrant compounds'
 'Requires a large amount of Rosa damascena petals to yield a small amount of the oil']",Paula's Choice
Robinia Pseudoacacia Extract,Worst,[],['Irritant' 'Plant Extracts' 'Antioxidant'],['Actives' 'Support' 'Risks'],[],Paula's Choice
Quince Seed,Worst,[],['Irritant' 'Plant Extracts' 'Texture Enhancer'],['Support' 'Sensory' 'Risks'],[],Paula's Choice
Quercus Infectoria Extract,Worst,[],['Irritant' 'Plant Extracts'],['Support' 'Risks'],"['Plant-derived extract from a species of oak'
 'Can cause skin sensitivity']",Paula's Choice
Quercus Alba Bark Extract,Worst,[],['Plant Extracts' 'Irritant'],['Support' 'Risks'],[],Paula's Choice
Quercus,Worst,[],['Irritant' 'Plant Extracts'],['Support' 'Risks'],[],Paula's Choice
Pyrus Cydonia,Worst,[],['Plant Extracts' 'Irritant'],['Support' 'Risks'],[],Paula's Choice
Pumice,Worst,[],['Exfoliant' 'Irritant'],['Actives' 'Risks'],"['Type of volcanic rock characterized by its porous nature'
 'Often used to scrub rough, calloused patches of skin'
 'Pumice powder (pumicite) is sometimes used as a manual exfoliant'
 'Poses a significant risk of skin irritation and barrier disruption']",Paula's Choice
Potentilla Erecta Root Extract,Worst,['Hydration'],['Irritant' 'Plant Extracts' 'Humectant'],['Support' 'Risks'],[],Paula's Choice
Pogostemon Cablin,Worst,[],['Fragrance: Synthetic and Natural' 'Irritant' 'Plant Extracts'],['Support' 'Sensory' 'Risks'],[],Paula's Choice
Piper Nigrum,Worst,[],['Irritant' 'Plant Extracts'],['Support' 'Risks'],[],Paula's Choice
Pinus Palustris Oil,Worst,[],['Fragrance: Synthetic and Natural' 'Irritant' 'Plant Extracts'],['Support' 'Sensory' 'Risks'],"['An essential oil also known as pine oil'
 'Derived from the twigs, leaves and needles of the Pinus palustris tree'
 'Used as a perfuming agent in cosmetics'
 'Contains skin-sensitizing volatile aromatic compounds']",Paula's Choice
Pinus Lambertiana Wood Extract,Worst,[],['Irritant' 'Plant Extracts'],['Support' 'Risks'],[],Paula's Choice
Pine Oil,Worst,[],['Fragrance: Synthetic and Natural' 'Irritant' 'Plant Extracts'],['Support' 'Sensory' 'Risks'],"['Essential oil derived from many species of pine trees and shrubs'
 'Used as a perfuming/masking agent in cosmetics'
 'Contains aromatic compounds that can irritate skin'
 'Has an earthy, pine scent'
 'Does not have strong antimicrobial properties']",Paula's Choice
Pinene,Worst,[],"['Antioxidant' 'Fragrance: Synthetic and Natural' 'Irritant'
 'Plant Extracts']",['Actives' 'Support' 'Sensory' 'Risks'],"['Frequently used as a fragrance or flavoring'
 'Found in pine trees, sage, and camphor'
 'Has anti-inflammatory properties' 'Also a potential skin sensitizer']",Paula's Choice
What is Sun Damage?,,[],[],[],[],Paula's Choice
Petitgrain Mandarin,Worst,[],['Fragrance: Synthetic and Natural' 'Irritant' 'Plant Extracts'],['Support' 'Sensory' 'Risks'],"['Derived from a type of mandarin orange' 'Has antioxidant properties'
 'Fragrance components can cause sensitization']",Paula's Choice
Peppermint,Worst,[],['Fragrance: Synthetic and Natural' 'Irritant' 'Plant Extracts'],['Support' 'Sensory' 'Risks'],[],Paula's Choice
Pentadecalactone,Worst,[],['Fragrance: Synthetic and Natural' 'Irritant'],['Sensory' 'Risks'],"['A fragrant skin care ingredient with a musky, powdery scent'
 'Also referred to as cyclopentadecanolide'
 'Can sensitize skin due to volatile aromatic compounds'
 'Is also used in the personal care and household goods industries']",Paula's Choice
Pellitory,Worst,[],['Irritant' 'Plant Extracts'],['Support' 'Risks'],[],Paula's Choice
Pelargonium Graveolens Oil,Worst,[],['Fragrance: Synthetic and Natural' 'Irritant' 'Plant Extracts'],['Support' 'Sensory' 'Risks'],[],Paula's Choice
Patchouli Essential Oil,Worst,[],['Fragrance: Synthetic and Natural' 'Irritant' 'Plant Extracts'],['Support' 'Sensory' 'Risks'],"['Also known as Pogostemon cablin leaf oil'
 'Best known as a perfuming agent in cosmetics'
 'Has a musky, earthy aroma'
 'Contains volatile, skin-sensitizing compounds like eugenol']",Paula's Choice
Parfum/Fragrance,Worst,[],['Fragrance: Synthetic and Natural'],['Sensory'],"['Also known as fragrance or parfum'
 'Best known for perfuming and masking scent benefits'
 'Can sensitize skin in the short- and long-term'
 'Ongoing use of fragranced products can harm skin’s long-term healthy appearance'
 'Routinely using multiple fragranced products risks compounding the damage']",Paula's Choice
Para-Aminobenzoic Acid (PABA),Worst,['Anti-Aging'],['UV Filters'],['Actives'],[],Paula's Choice
Papain,Worst,['Smooths Bumpy Skin'],['Exfoliant' 'Plant Extracts' 'Irritant'],['Actives' 'Support' 'Risks'],"['An enzyme derived from papaya latex'
 'Has exfoliating properties when applied topically'
 'Can sensitize and irritate skin since it just keeps exfoliating'
 'Promotes dryness through increasing transepidermal water loss']",Paula's Choice
Palmarosa Oil,Worst,[],['Fragrance: Synthetic and Natural' 'Irritant'],['Sensory' 'Risks'],[],Paula's Choice
Orris Root,Worst,[],['Fragrance: Synthetic and Natural' 'Irritant' 'Plant Extracts'],['Support' 'Sensory' 'Risks'],[],Paula's Choice
Origanum Vulgare Flower Extract,Worst,[],['Irritant' 'Plant Extracts' 'Antioxidant'],['Actives' 'Support' 'Risks'],[],Paula's Choice
Origanum Majorana,Worst,[],['Fragrance: Synthetic and Natural' 'Irritant'],['Sensory' 'Risks'],"['Aromatic volatile oil from the Origanum majorana, AKA marjoram, plant'
 'Includes phenolic compounds that can have antioxidant properties'
 'Contains potent skin-sensitizing fragrant compounds'
 'Used as a seasoning in the food industry']",Paula's Choice
Oregano,Worst,[],['Fragrance: Synthetic and Natural' 'Irritant' 'Antioxidant'],['Actives' 'Sensory' 'Risks'],[],Paula's Choice
Orchid Extract,Worst,['Hydration'],['Fragrance: Synthetic and Natural' 'Plant Extracts' 'Humectant'],['Support' 'Sensory'],[],Paula's Choice
Orchid,Worst,['Hydration'],['Fragrance: Synthetic and Natural' 'Plant Extracts' 'Humectant'],['Support' 'Sensory'],[],Paula's Choice
Orange Blossom,Worst,[],['Fragrance: Synthetic and Natural' 'Irritant' 'Plant Extracts'],['Support' 'Sensory' 'Risks'],"['Orange blossoms are the white-to-ivory flowers characteristic of orange trees'
 'These blossoms can produce extracts, oil and waters'
 'Used primarily for perfuming in cosmetics and skin care'
 'Its aromatic compounds, like linalool, can sensitize skin']",Paula's Choice
Olibanum Extract,Worst,[],['Fragrance: Synthetic and Natural' 'Irritant'],['Sensory' 'Risks'],[],Paula's Choice
Neroli Oil,Worst,[],['Fragrance: Synthetic and Natural' 'Irritant' 'Plant Extracts'],['Support' 'Sensory' 'Risks'],[],Paula's Choice
Neroli,Worst,[],['Fragrance: Synthetic and Natural' 'Irritant' 'Plant Extracts'],['Support' 'Sensory' 'Risks'],[],Paula's Choice
Narcissus Poeticus Flower Wax,Worst,[],['Fragrance: Synthetic and Natural' 'Irritant' 'Plant Extracts'],['Support' 'Sensory' 'Risks'],[],Paula's Choice
Myrrh,Worst,[],['Fragrance: Synthetic and Natural' 'Irritant' 'Plant Extracts'],['Support' 'Sensory' 'Risks'],[],Paula's Choice
Mint,Worst,[],['Irritant' 'Fragrance: Synthetic and Natural' 'Plant Extracts'],['Support' 'Sensory' 'Risks'],"['Mint’s a genus of plants, AKA Mentha'
 'Notable species include Mentha spicata (spearmint), Mentha x piperita (peppermint)Often contain volatile and sensitizing fragrant compounds'
 'Can cause short-and long-term skin irritation']",Paula's Choice
Methyl Salicylate,Worst,[],['Irritant'],['Risks'],"['Also known as wintergreen oil' 'Used for its numbing and cooling effect'
 'Skin sensitizer and irritant'
 'Yellowish or reddish liquid in its raw form']",Paula's Choice
Methylisothiazolinone,Worst,[],['Preservative' 'Irritant'],['Utility' 'Risks'],"['Also referred to as MI, or Kathon CG (when in an ingredient blend)Used as a preservative when combined with methylchloroisothiazolinone'
 'Is a well-known skin sensitizer'
 'Limited use in leave-on products at 7.5 ppm (parts per million) and rinse-off products at 15 ppm when in a blend']",Paula's Choice
Methyldibromo Glutaronitrile,Worst,[],['Preservative' 'Irritant'],['Utility' 'Risks'],"['Has preservative properties that helps keep products free of microorganisms'
 'Demonstrates a track record of skin sensitization'
 'Can cause irritation, dryness and flaking'
 'European Union banned usage in cosmetics several years ago']",Paula's Choice
Methylchloroisothiazolinone,Worst,[],['Preservative' 'Irritant'],['Utility' 'Risks'],"['Also referred to as MCI, or Kathon CG (when in an ingredient blend)Used as a preservative when combined with methylisothiazolinone'
 'Is a well-known skin sensitizer'
 'Can only be used in leave-on products at 7.5 ppm (parts per million) and rinse-off products at 15 ppm']",Paula's Choice
Methanol,Worst,[],['Irritant' 'Fragrance: Synthetic and Natural' 'Solvent'],['Utility' 'Sensory' 'Risks'],"['A synthetic, volatile alcohol'
 'Can also be referred to as methyl alcohol'
 'Used to help created denatured alcohol'
 'Is toxic to humans when inhaled, ingested or applied topically']",Paula's Choice
Menthyl Lactate,Worst,[],['Irritant' 'Fragrance: Synthetic and Natural'],['Sensory' 'Risks'],"['Derivative of menthol' 'Exhibits a light, minty scent'
 'Prompts a cool, tingling sensation when applied topically'
 'Can cause skin sensitization']",Paula's Choice
Menthoxypropanediol,Worst,[],['Irritant' 'Fragrance: Synthetic and Natural'],['Sensory' 'Risks'],"['Synthetic derivative of menthol' 'Most commonly used in lip care'
 'Incites a cooling sensation when topically applied'
 'Can cause skin sensitization']",Paula's Choice
Menthone,Worst,[],['Irritant' 'Fragrance: Synthetic and Natural' 'Plant Extracts'],['Support' 'Sensory' 'Risks'],"['Volatile plant extract commonly derived from peppermint'
 'Exhibits a minty scent' 'Can cause skin sensitization'
 'Also has applications in the health and food industries']",Paula's Choice
Menthol,Worst,[],['Irritant' 'Plant Extracts' 'Fragrance: Synthetic and Natural'],['Support' 'Sensory' 'Risks'],"['Plant extract derived from peppermint'
 'Used as a fragrance in skin care and cosmetics'
 'Offers a unique cooling sensation when applied topically'
 'Can cause skin sensitization']",Paula's Choice
Mentha Viridis (Spearmint) Extract,Worst,[],['Fragrance: Synthetic and Natural' 'Irritant' 'Plant Extracts'],['Support' 'Sensory' 'Risks'],"['The spearmint plant is also known as Mentha spicata'
 'Used in cosmetics primarily as a perfuming agent'
 'Contains 1,8-cineole, limonene and carvone, sensitizing aromatic compounds'
 'Can also contain antioxidant properties, but the irritation risk isn’t worth it']",Paula's Choice
Mentha Spicata,Worst,[],['Fragrance: Synthetic and Natural' 'Irritant' 'Plant Extracts'],['Support' 'Sensory' 'Risks'],[],Paula's Choice
Mentha Piperita,Worst,[],['Fragrance: Synthetic and Natural' 'Irritant' 'Plant Extracts'],['Support' 'Sensory' 'Risks'],[],Paula's Choice
Mentha Arvensis Extract,Worst,[],['Irritant' 'Plant Extracts'],['Support' 'Risks'],"['A species of plant (AKA corn mint) from the mint family'
 'Extracts can contain menthone, a sensitizing compound that offers a unique cooling sensation'
 'Other components include menthone and isomenthol, volatile fragrant compounds'
 'Can cause skin sensitization including redness, dryness, itchiness and tightness'
 'Also offers antioxidant properties (but they’re not worth the risk of irritation)']",Paula's Choice
Melissa Officinalis,Worst,['Anti-Aging'],['Fragrance: Synthetic and Natural' 'Plant Extracts' 'Antioxidant'],['Actives' 'Support' 'Sensory'],"['Commonly known as lemon balm'
 'Has antioxidant and antimicrobial properties'
 'Certain components can protect skin against blue light and improve barrier function'
 'Oil is sensitizing and can cause allergic contact dermatitis']",Paula's Choice
Melaleuca Cajeputi Oil,Worst,[],['Irritant' 'Plant Extracts'],['Support' 'Risks'],"['Plant derived essential oil derived from the Melaleuca cajeputi tree'
 'Primarily serves as a perfuming agent in cosmetics'
 'Can cause skin sensitization'
 'From the same genus as the tree (Melaleuca alternifolia) that produces tea tree oil']",Paula's Choice
Marjoram,Worst,[],['Fragrance: Synthetic and Natural' 'Irritant'],['Sensory' 'Risks'],"['Essential oil taken from the Origanum majorana plant'
 'Aromatic, volatile compounds are present in its volatile oils'
 'Can sensitize skin' 'Often used in the food industry as a seasoning']",Paula's Choice
Mandarin Orange Oil Or Extract,Worst,[],['Fragrance: Synthetic and Natural' 'Irritant'],['Sensory' 'Risks'],[],Paula's Choice
Lye,Worst,[],['Irritant' 'pH Adjuster/Stabilizer'],['Utility' 'Risks'],[],Paula's Choice
Lovage Root Extract,Worst,[],['Fragrance: Synthetic and Natural' 'Plant Extracts'],['Support' 'Sensory'],"['Plant extract also known as Levisticum officinale root extract'
 'Fragrance and perfuming ingredient'
 'Can cause short- and long-term skin sensitization'
 'Also has applications in the food industry']",Paula's Choice
Litsea Cubeba Fruit Extract,Worst,[],['Fragrance: Synthetic and Natural' 'Irritant'],['Sensory' 'Risks'],"['Derived from the Litsea cubeba plant'
 'Primarily used as a perfuming agent in cosmetics'
 'Contains volatile and skin-sensitizing aromatic compounds'
 'May cause dryness, redness and itchiness']",Paula's Choice
Litsea Cubeba,Worst,[],['Fragrance: Synthetic and Natural' 'Irritant'],['Sensory' 'Risks'],"['Plant that produces volatile, fragrant oils'
 'Contains skin-sensitizing compounds, like citral, limonene and linalool'
 'Antioxidant with potential anti-microbial properties'
 'May cause skin redness, dryness and irritation']",Paula's Choice
Linalyl Acetate,Worst,['Anti-Aging' 'Soothing'],['Antioxidant' 'Fragrance: Synthetic and Natural' 'Irritant'],['Actives' 'Sensory' 'Risks'],"['Ester of linalool' 'Key compound in lavender + bergamot essential oils'
 'Has anti-inflammatory benefits' 'Also a skin sensitizer']",Paula's Choice
Linalool,Worst,[],['Fragrance: Synthetic and Natural' 'Irritant' 'Plant Extracts'],['Support' 'Sensory' 'Risks'],"['A terpene alcohol found in certain plants, like lavender'
 'Functions as a perfuming agent' 'Can cause skin sensitization'
 'Appears as a colorless liquid as a raw material']",Paula's Choice
Limonene,Worst,[],['Fragrance: Synthetic and Natural' 'Irritant' 'Plant Extracts'],['Support' 'Sensory' 'Risks'],"['Monoterpene commonly found in citrus oils'
 'Primarily used as a fragrance in cosmetics'
 'Oxidizes when exposed to air' 'Can cause skin sensitization']",Paula's Choice
Lime Oil And Extract,Worst,[],['Fragrance: Synthetic and Natural' 'Irritant' 'Plant Extracts'],['Support' 'Sensory' 'Risks'],[],Paula's Choice
Levisticum Officinale Root Extract,Worst,[],['Fragrance: Synthetic and Natural' 'Plant Extracts'],['Support' 'Sensory'],"['Plant extract also known as lovage extract'
 'Fragrant ingredient used in cosmetics'
 'Can cause short-term and long-term skin sensitization'
 'Also has applications in the food industry']",Paula's Choice
Lemon Oil,Worst,[],['Irritant' 'Fragrance: Synthetic and Natural' 'Plant Extracts'],['Support' 'Sensory' 'Risks'],"['Fragrant volatile oil derived from lemon'
 'Can be extracted from lemon stem, leaf, fruit, peel and seed'
 'Contains fragrant, skin sensitizing compounds like limonene'
 'Can cause photosensitivity']",Paula's Choice
Lemon Juice,Worst,[],['Irritant' 'Fragrance: Synthetic and Natural' 'Plant Extracts'],['Support' 'Sensory' 'Risks'],"['Juice from the citrus lemon, AKA Citrus limon and Citrus medica limonum'
 'Its high acidity can cause barrier disruption'
 'Contains antioxidants and photosensitive compounds'
 'Better to consume orally than apply topically']",Paula's Choice
Lemongrass Oil,Worst,[],['Fragrance: Synthetic and Natural' 'Irritant'],['Sensory' 'Risks'],[],Paula's Choice
Lemongrass Extract,Worst,[],['Fragrance: Synthetic and Natural' 'Plant Extracts' 'Antioxidant'],['Actives' 'Support' 'Sensory'],[],Paula's Choice
Lemon Balm,Worst,[],['Fragrance: Synthetic and Natural' 'Irritant' 'Plant Extracts'],['Support' 'Sensory' 'Risks'],[],Paula's Choice
Lemon,Worst,[],['Fragrance: Synthetic and Natural' 'Irritant' 'Plant Extracts'],['Support' 'Sensory' 'Risks'],"['Citrus fruit, AKA Citrus limon and Citrus medica limonum'
 'Its oils, juices and extracts can cause skin sensitivity'
 'Contains volatile fragrance compounds' 'Has photosensitizing compounds']",Paula's Choice
Lavender Extract And Oil,Worst,[],['Fragrance: Synthetic and Natural' 'Irritant' 'Plant Extracts'],['Support' 'Sensory' 'Risks'],"['Extracts and oils taken from Lavandula angustifolia'
 'Contains pro-aging fragrant compounds'
 'Volatile components can oxidize and trigger damage'
 'Can cause skin redness and dryness']",Paula's Choice
Lavandula Officinalis,Worst,[],['Fragrance: Synthetic and Natural' 'Irritant' 'Plant Extracts'],['Support' 'Sensory' 'Risks'],"['Previous name for Lavandula angustifolia, AKA lavender'
 'Plant-based volatile oil taken from lavender'
 'Contains fragrant compounds'
 'Can cause skin sensitization after oxidization']",Paula's Choice
Lavandula Angustifolia,Worst,[],['Fragrance: Synthetic and Natural' 'Irritant' 'Plant Extracts'],['Support' 'Sensory' 'Risks'],"['Plant-based volatile oil taken from lavender'
 'Contains fragrant compounds like linalool'
 'Can cause short-term and long-term skin sensitization'
 'Used in cosmetics in creams and lotions at concentrations between 0.015% and 0.1%']",Paula's Choice
Lavandin Oil,Worst,[],['Fragrance: Synthetic and Natural' 'Irritant' 'Plant Extracts'],['Support' 'Sensory' 'Risks'],"['Essential oil derived from the Lavandula hybrida plant'
 'Contains volatile aromatic compounds' 'Can sensitize skin'
 'Used in cosmetics, homecare and household items']",Paula's Choice
Laurus Nobilis,Worst,[],['Fragrance: Synthetic and Natural' 'Antioxidant' 'Irritant'],['Actives' 'Sensory' 'Risks'],"['Aromatic plant extract used in cosmetics, wellness and culinary endeavors'
 'Can have antioxidant properties'
 'Contains volatile fragrant compounds that sensitize skin'
 'Might cause redness, irritation and dryness']",Paula's Choice
Lady's Mantle Extract,Worst,[],['Irritant' 'Plant Extracts'],['Support' 'Risks'],"['Plant extract derived from the perennial, Alchemilla vulgaris'
 'Might exhibit antioxidant benefits'
 'Contains a type of tannin that denatures skin' 'Can cause dryness']",Paula's Choice
Kawa Extract,Worst,[],['Plant Extracts' 'Irritant'],['Support' 'Risks'],"['AKA kava-kava extract'
 'Ingredient and plant extract derived from Piper methysticum'
 'Can be applied topically and ingested'
 'Can cause skin sensitivity, redness and itchiness']",Paula's Choice
Kava-Kava Extract,Worst,[],['Plant Extracts' 'Irritant'],['Support' 'Risks'],"['Plant extract derived from the Piper methysticum plant'
 'Applied topically and ingested'
 'Can cause skin sensitivity, redness and itchiness'
 'Cosmetic Ingredient Review Expert Panel hasn’t confirmed its safety']",Paula's Choice
Kathon CG,Worst,[],['Preservative'],['Utility'],"['Also called Kathon™ Cosmetic Grade'
 'Combination of two sensitizing synthetic preservatives'
 'Can cause contact dermatitis']",Paula's Choice
Juniperus Virginiana Oil,Worst,[],['Fragrance: Synthetic and Natural' 'Plant Extracts'],['Support' 'Sensory'],"['Comes from the red cedar tree' 'Primarily a fragrance ingredient'
 'Also has antioxidant properties' 'Contains volatile compounds'
 'Can cause allergic contact dermatitis']",Paula's Choice
Juniperus Communis,Worst,[],['Plant Extracts' 'Fragrance: Synthetic and Natural' 'Irritant'],['Support' 'Sensory' 'Risks'],[],Paula's Choice
Juniper Berry,Worst,[],['Fragrance: Synthetic and Natural' 'Irritant' 'Plant Extracts'],['Support' 'Sensory' 'Risks'],[],Paula's Choice
Jonquil Extract,Worst,[],['Fragrance: Synthetic and Natural' 'Plant Extracts' 'Irritant'],['Support' 'Sensory' 'Risks'],[],Paula's Choice
Jasminium Grandiflorum,Worst,[],['Fragrance: Synthetic and Natural' 'Plant Extracts' 'Antioxidant'],['Actives' 'Support' 'Sensory'],[],Paula's Choice
Jasmine Oil,Worst,[],['Fragrance: Synthetic and Natural' 'Plant Extracts' 'Emollient'],['Support' 'Sensory'],[],Paula's Choice
Ivy Extract,Worst,[],['Irritant' 'Plant Extracts'],['Support' 'Risks'],[],Paula's Choice
Isopropyl Alcohol,Worst,[],['Solvent'],['Utility'],"['Also called rubbing alcohol or isopropanol'
 'Used in cosmetics and sunscreens as a solvent'
 'Also a penetration enhancer' 'Well known to be drying and sensitizing']",Paula's Choice
Irritants,Worst,[],['Irritant'],['Risks'],"['Include ingredients such as harsh scrubs, drying alcohols, and essential oils'
 'Damage skin both immediately and over time'
 'Can increase oiliness in oily skin + dryness in dry skin'
 'Many natural or organic ingredients can irritate skin']",Paula's Choice
Iris Florentina Root,Worst,[],['Fragrance: Synthetic and Natural' 'Irritant' 'Plant Extracts'],['Support' 'Sensory' 'Risks'],[],Paula's Choice
Iris Florentina Extract,Worst,[],['Fragrance: Synthetic and Natural' 'Irritant' 'Plant Extracts'],['Support' 'Sensory' 'Risks'],[],Paula's Choice
Inula Helenium Extract,Worst,[],['Irritant' 'Plant Extracts'],['Support' 'Risks'],[],Paula's Choice
Inula Helenium,Worst,[],['Irritant' 'Plant Extracts'],['Support' 'Risks'],[],Paula's Choice
Illicium Verum Anise Fruit Extract,Worst,[],['Fragrance: Synthetic and Natural' 'Plant Extracts' 'Antioxidant'],['Actives' 'Support' 'Sensory'],"['Plant-derived cosmetic ingredient' 'Primarily used as a perfuming agent'
 'Can have antioxidant properties'
 'Often includes volatile aromatic compounds that can cause skin sensitization']",Paula's Choice
Hydroxycitronellal,Worst,[],['Fragrance: Synthetic and Natural' 'Irritant'],['Sensory' 'Risks'],"['Skin-sensitizing fragrance used for its floral scent'
 'Derived from the volatile fragrant compound citronellol'
 'EU-identified as a “fragrance allergen”Also used in other personal hygiene and care products']",Paula's Choice
Hydrogen Peroxide,Worst,[],['Irritant' 'Antibacterial'],['Actives' 'Risks'],"['Strong antibacterial/oxidizing agent that can damage healthy skin cells in its wake'
 'High concentrations can lead to severe skin (including scalp) reactions'
 'Rarely used in modern day skin care but common within hair coloring products'
 'Not recommended for acne and dark spots, despite outdated advice touting such']",Paula's Choice
Hydrastis Canadenis,Worst,[],['Plant Extracts' 'Irritant'],['Support' 'Risks'],[],Paula's Choice
Hydnocarpus Anthelmintica,Worst,[],['Plant Extracts' 'Irritant'],['Support' 'Risks'],[],Paula's Choice
Ho Wood Oil,Worst,[],['Fragrance: Synthetic and Natural' 'Plant Extracts' 'Irritant'],['Support' 'Sensory' 'Risks'],"['Essential oil derived from the camphor tree'
 'Also known as Cinnamomum camphora bark oil'
 'Serves as a fragrant and masking ingredient in skin care'
 'Features camphor, a skin-sensitizing aromatic compound']",Paula's Choice
Horseradish,Worst,[],['Irritant' 'Plant Extracts'],['Support' 'Risks'],[],Paula's Choice
Horse Elder,Worst,[],['Plant Extracts' 'Irritant'],['Support' 'Risks'],[],Paula's Choice
Hexyl Cinnamal,Worst,[],['Fragrance: Synthetic and Natural' 'Irritant'],['Sensory' 'Risks'],"['Naturally occurring, aromatic compound with a jasmine-like aroma'
 'Synthetic versions are commonly used in commercial products'
 'Acts as a masking agent to cover the unpleasant odor of other ingredients in formulations'
 'Known to sensitize skin & internationally recognized as a contact allergen'
 'May also be used as a preservative booster to prolong the shelf-life of formulations']",Paula's Choice
Hedione,Worst,[],['Fragrance: Synthetic and Natural' 'Plant Extracts'],['Support' 'Sensory'],[],Paula's Choice
Hayflower Extract,Worst,[],['Irritant' 'Plant Extracts'],['Support' 'Risks'],[],Paula's Choice
Hamamelitannin,Worst,['Oil Control'],['Irritant' 'Plant Extracts' 'Antioxidant'],['Actives' 'Support' 'Risks'],"['Present in witch hazel' 'A tannin with antioxidant properties'
 'Can denature skin' 'Skin-sensitizer with repeated use']",Paula's Choice
Hamamelis Virginiana,Worst,['Oil Control'],['Irritant' 'Plant Extracts' 'Antioxidant'],['Actives' 'Support' 'Risks'],"['Also known as witch hazel' 'Can have potent antioxidant properties'
 'Has a high tannin content, making it potentially sensitizing']",Paula's Choice
Grapefruit Seed Extract,Worst,[],['Plant Extracts' 'Preservative'],['Support' 'Utility'],[],Paula's Choice
Grapefruit Peel Extract,Worst,[],['Irritant' 'Plant Extracts' 'Antioxidant'],['Actives' 'Support' 'Risks'],[],Paula's Choice
Grapefruit Oil,Worst,[],['Irritant' 'Fragrance: Synthetic and Natural' 'Plant Extracts'],['Support' 'Sensory' 'Risks'],[],Paula's Choice
Ginger Oil,Worst,[],['Fragrance: Synthetic and Natural' 'Irritant' 'Plant Extracts'],['Support' 'Sensory' 'Risks'],[],Paula's Choice
Geranium Pratense,Worst,[],['Fragrance: Synthetic and Natural' 'Irritant' 'Plant Extracts'],['Support' 'Sensory' 'Risks'],[],Paula's Choice
Geranium Oil,Worst,[],['Fragrance: Synthetic and Natural' 'Irritant' 'Plant Extracts'],['Support' 'Sensory' 'Risks'],[],Paula's Choice
Gaultheria procumbens (wintergreen) leaf oil,Worst,[],['Irritant' 'Fragrance: Synthetic and Natural' 'Plant Extracts'],['Support' 'Sensory' 'Risks'],[],Paula's Choice
Frankincense Extract,Worst,[],['Fragrance: Synthetic and Natural' 'Irritant' 'Plant Extracts'],['Support' 'Sensory' 'Risks'],[],Paula's Choice
Foeniculum Vulgare Extract,Worst,[],['Fragrance: Synthetic and Natural' 'Irritant' 'Plant Extracts'],['Support' 'Sensory' 'Risks'],[],Paula's Choice
Floralozone,Worst,[],['Fragrance: Synthetic and Natural' 'Irritant'],['Sensory' 'Risks'],[],Paula's Choice
Fir Needle Oil,Worst,[],['Fragrance: Synthetic and Natural' 'Irritant' 'Plant Extracts'],['Support' 'Sensory' 'Risks'],[],Paula's Choice
Ferula Galbaniflua,Worst,[],['Fragrance: Synthetic and Natural' 'Plant Extracts'],['Support' 'Sensory'],[],Paula's Choice
Fennel Seed Extract,Worst,[],['Plant Extracts' 'Irritant' 'Antioxidant'],['Actives' 'Support' 'Risks'],[],Paula's Choice
Fennel Oil,Worst,[],['Fragrance: Synthetic and Natural' 'Irritant' 'Plant Extracts'],['Support' 'Sensory' 'Risks'],[],Paula's Choice
Eugenol,Worst,[],['Fragrance: Synthetic and Natural' 'Irritant'],['Sensory' 'Risks'],[],Paula's Choice
Eugenia Caryophyllus Oil,Worst,[],"['Irritant' 'Plant Extracts' 'Fragrance: Synthetic and Natural'
 'Antibacterial' 'Antioxidant']",['Actives' 'Support' 'Sensory' 'Risks'],"['Commonly known as clove oil' 'Frequent flavor additive'
 'Also used in some traditional medicine applications'
 'High eugenol content is a skin irritant'
 'Can be cytotoxic and genotoxic']",Paula's Choice
Eugenia Aromatica,Worst,[],['Irritant' 'Plant Extracts'],['Support' 'Risks'],[],Paula's Choice
Eucalyptus Oil,Worst,[],['Irritant' 'Fragrance: Synthetic and Natural' 'Plant Extracts'],['Support' 'Sensory' 'Risks'],[],Paula's Choice
Eucalyptus Extract,Worst,[],['Fragrance: Synthetic and Natural' 'Irritant' 'Plant Extracts'],['Support' 'Sensory' 'Risks'],[],Paula's Choice
Ethylene Brassylate,Worst,[],['Fragrance: Synthetic and Natural' 'Irritant'],['Sensory' 'Risks'],"['Ingredient used to impart a sweet, musky odor'
 'Also used as a flavor additive' 'Research indicates it is non-toxic'
 'Has potential to cause skin irritation'
 'Colorless to pale yellow viscous liquid in its raw form']",Paula's Choice
Ethanol,Worst,[],['Irritant' 'Solvent'],['Utility' 'Risks'],"['Type of denatured alcohol' 'Used as a solvent'
 'Can be drying and sensitizing']",Paula's Choice
Essential Oil,Worst,[],['Fragrance: Synthetic and Natural' 'Irritant' 'Antioxidant'],['Actives' 'Sensory' 'Risks'],"['A group of primarily plant-derived volatile oils'
 'Primarily used as a fragrant agent in cosmetics'
 'Often include a mix of skin-sensitizing compounds'
 'Can cause skin redness, dryness and flaking'
 'Some essential oils also have antioxidant properties']",Paula's Choice
Esculin,Worst,[],['Irritant' 'Plant Extracts'],['Support' 'Risks'],[],Paula's Choice
How Does the Environment Affect Your Skin,,[],[],[],[],Paula's Choice
English Ivy Extract,Worst,[],['Plant Extracts' 'Irritant'],['Support' 'Risks'],[],Paula's Choice
Elecampane,Worst,[],['Irritant' 'Plant Extracts'],['Support' 'Risks'],[],Paula's Choice
Dimethyl Ether,Worst,[],['Solvent' 'Texture Enhancer'],['Utility' 'Sensory'],[],Paula's Choice
Denatured Alcohol,Worst,[],['Irritant' 'Solvent' 'Texture Enhancer'],['Utility' 'Sensory' 'Risks'],"['A type of volatile alcohol that can irritate skin'
 'Depletes key substances in skin’s moisture barrier'
 'Can be used as a solvent & to improve the texture of fluid/gel formulas'
 'Volatility makes it a quick-drying ingredient that won’t leave a film'
 'Enhances the penetration of other ingredients']",Paula's Choice
Cymbopogon Martini,Worst,[],['Plant Extracts' 'Fragrance: Synthetic and Natural' 'Irritant'],['Support' 'Sensory' 'Risks'],[],Paula's Choice
Cymbopogon Flexuosus Oil,Worst,[],['Fragrance: Synthetic and Natural' 'Irritant' 'Plant Extracts'],['Support' 'Sensory' 'Risks'],"['Essential oil derived from lemongrass (belonging to the genus Cymbopogon)Contains volatile fragrance compounds such as citral, linalool and geraniol'
 'Can cause visible skin reactions, as well as damage below the surface'
 'Also goes by the common name East Indian lemongrass oil']",Paula's Choice
Cymbopogon Citrates,Worst,[],['Plant Extracts' 'Fragrance: Synthetic and Natural' 'Irritant'],['Support' 'Sensory' 'Risks'],[],Paula's Choice
Cyclamen Aldehyde,Worst,[],['Fragrance: Synthetic and Natural' 'Plant Extracts' 'Irritant'],['Support' 'Sensory' 'Risks'],[],Paula's Choice
Cornmint,Worst,[],['Irritant' 'Plant Extracts' 'Antioxidant'],['Actives' 'Support' 'Risks'],[],Paula's Choice
Commiphora Myrrha Extract,Worst,[],['Fragrance: Synthetic and Natural' 'Irritant' 'Plant Extracts'],['Support' 'Sensory' 'Risks'],"['Has antimicrobial properties'
 'Contains chemicals that are harmful to living cells'
 'Also a potential skin sensitizer' 'Most used as a perfume ingredient'
 'Commonly known as myrrh']",Paula's Choice
Comfrey Extract,Worst,[],['Plant Extracts' 'Irritant'],['Support' 'Risks'],[],Paula's Choice
Colloidal Silver,Worst,[],['Preservative' 'Irritant'],['Utility' 'Risks'],[],Paula's Choice
Coleus Barbatus,Worst,[],['Irritant' 'Plant Extracts'],['Support' 'Risks'],[],Paula's Choice
Clover Leaf Oil,Worst,[],['Fragrance: Synthetic and Natural' 'Irritant' 'Plant Extracts'],['Support' 'Sensory' 'Risks'],[],Paula's Choice
Clover Blossom,Worst,[],['Fragrance: Synthetic and Natural' 'Irritant' 'Plant Extracts'],['Support' 'Sensory' 'Risks'],[],Paula's Choice
Clove Oil,Worst,[],['Fragrance: Synthetic and Natural' 'Irritant' 'Plant Extracts'],['Support' 'Sensory' 'Risks'],[],Paula's Choice
Clove Leaf,Worst,[],['Irritant' 'Plant Extracts'],['Support' 'Risks'],[],Paula's Choice
Clary Oil,Worst,[],['Fragrance: Synthetic and Natural' 'Irritant'],['Sensory' 'Risks'],[],Paula's Choice
Citrus Reticulata (Tangerine) Leaf Oil,Worst,[],['Fragrance: Synthetic and Natural' 'Irritant' 'Plant Extracts'],['Support' 'Sensory' 'Risks'],[],Paula's Choice
Citrus Medica Limonum,Worst,[],['Fragrance: Synthetic and Natural' 'Irritant' 'Plant Extracts'],['Support' 'Sensory' 'Risks'],"['Plant, AKA lemon, that contains irritating extracts and oils'
 'Contains volatile fragrant compounds'
 'Its juices and oils can cause photosensitivity'
 'Highly acidic and can disrupt skin’s barrier']",Paula's Choice
Citrus Aurantium Extract,Worst,[],['Fragrance: Synthetic and Natural' 'Irritant' 'Plant Extracts'],['Support' 'Sensory' 'Risks'],[],Paula's Choice
Citrus Aurantium Dulcis (Orange) Peel Oil,Worst,[],['Antioxidant' 'Fragrance: Synthetic and Natural' 'Irritant'],['Actives' 'Sensory' 'Risks'],"['Oil from the peel of sweet oranges'
 'Mainly used as a fragrance ingredient'
 'Contains a high amount of irritating limonene'
 'Can make skin more sun-sensitive']",Paula's Choice
Citrus Aurantium,Worst,[],['Fragrance: Synthetic and Natural' 'Irritant' 'Plant Extracts'],['Support' 'Sensory' 'Risks'],[],Paula's Choice
Citrus Aurantifolia,Worst,[],['Fragrance: Synthetic and Natural' 'Irritant' 'Plant Extracts'],['Support' 'Sensory' 'Risks'],[],Paula's Choice
Citrus Amara,Worst,[],['Fragrance: Synthetic and Natural' 'Irritant' 'Plant Extracts'],['Support' 'Sensory' 'Risks'],[],Paula's Choice
Citrullus Colocynthis,Worst,[],['Irritant' 'Plant Extracts'],['Support' 'Risks'],[],Paula's Choice
Citronellol,Worst,[],['Fragrance: Synthetic and Natural' 'Irritant' 'Plant Extracts'],['Support' 'Sensory' 'Risks'],"['Volatile fragrance chemical'
 'Extracted from geranium, rose, and other plants'
 'Causes skin aggravation when exposed to air']",Paula's Choice
Cinnamyl Alcohol,Worst,[],['Fragrance: Synthetic and Natural' 'Irritant'],['Sensory' 'Risks'],"['Found in cinnamon and balsam of Peru' 'Also produced synthetically'
 'Has a strong, spicy-herbal resin odor' 'Demonstrated skin sensitizer']",Paula's Choice
Cinnamon,Worst,[],['Irritant'],['Risks'],[],Paula's Choice
Cinnamomum Camphora,Worst,[],[],[],"['Derived from the camphor tree'
 'Produces a cooling effect upon application'
 'Can cause skin sensitivity with repeated use']",Paula's Choice
Cinnamomum,Worst,[],[],[],[],Paula's Choice
Cedrus Atlantica Bark Extract,Worst,[],['Fragrance: Synthetic and Natural' 'Irritant'],['Sensory' 'Risks'],[],Paula's Choice
Cedarwood,Worst,[],['Fragrance: Synthetic and Natural' 'Irritant'],['Sensory' 'Risks'],[],Paula's Choice
Carvone,Worst,[],['Fragrance: Synthetic and Natural' 'Irritant'],['Sensory' 'Risks'],[],Paula's Choice
Cardamom,Worst,[],['Fragrance: Synthetic and Natural' 'Plant Extracts' 'Antioxidant'],['Actives' 'Support' 'Sensory'],[],Paula's Choice
Capsicum Oleoresin,Worst,[],['Irritant' 'Plant Extracts'],['Support' 'Risks'],[],Paula's Choice
Capsaicin,Worst,[],['Irritant' 'Plant Extracts'],['Support' 'Risks'],[],Paula's Choice
Cananga Extract,Worst,[],['Fragrance: Synthetic and Natural' 'Plant Extracts' 'Irritant'],['Support' 'Sensory' 'Risks'],[],Paula's Choice
Camphor,Worst,[],['Irritant' 'Plant Extracts' 'Fragrance: Synthetic and Natural'],['Support' 'Sensory' 'Risks'],"['Aromatic substance' 'Sometimes obtained from tree wood'
 'Produces a cooling effect on skin'
 'Can cause skin sensitivity with repeated use'
 'Can also induce sensitivity of the mucus membranes and eyes']",Paula's Choice
Cajeputi Oil,Worst,[],['Plant Extracts' 'Irritant'],['Support' 'Risks'],[],Paula's Choice
Butylphenyl Methylpropional,Worst,[],['Fragrance: Synthetic and Natural' 'Irritant'],['Sensory' 'Risks'],"['Fragrance ingredient with a floral scent' 'Proven to irritate skin'
 'May be a health risk if multiple products containing it are used'
 'Rarely used in skin care or makeup products']",Paula's Choice
Bronopol,Worst,[],['Preservative' 'Antibacterial' 'Irritant'],['Actives' 'Utility' 'Risks'],"['Used as a preservative in numerous commercial applications'
 'Has broad-spectrum antimicrobial activity'
 'Can cause allergic contact dermatitis' 'White crystals in its raw form']",Paula's Choice
Boswellia Carteri,Worst,[],"['Fragrance: Synthetic and Natural' 'Irritant' 'Plant Extracts'
 'Antioxidant']",['Actives' 'Support' 'Sensory' 'Risks'],"['Also called frankincense oil' 'Long used in folk medicine'
 'Has antioxidant, anti-inflammatory, and antimicrobial properties'
 'Contains volatiles compounds that can sensitize skin']",Paula's Choice
Borax,Worst,[],['pH Adjuster/Stabilizer' 'Texture Enhancer' 'Antibacterial'],['Actives' 'Utility' 'Sensory'],"['Naturally occurring alkaline compound'
 'Used as a preservative, texture enhancer, and insecticide'
 'Strong potential to cause skin irritation'
 'Colorless crystalline solid in its raw form']",Paula's Choice
Borate,Worst,[],['Preservative' 'pH Adjuster/Stabilizer' 'Irritant'],['Utility' 'Risks'],[],Paula's Choice
Bois De Rose Oil,Worst,[],['Plant Extracts' 'Fragrance: Synthetic and Natural' 'Irritant'],['Support' 'Sensory' 'Risks'],"['Primarily used as a fragrance ingredient'
 'Contains high amounts of sensitizing linalool'
 'Also called rosewood oil']",Paula's Choice
Bitter Orange Flower,Worst,[],['Fragrance: Synthetic and Natural' 'Irritant'],['Sensory' 'Risks'],[],Paula's Choice
Bergamot Oil,Worst,[],['Fragrance: Synthetic and Natural' 'Irritant' 'Plant Extracts'],['Support' 'Sensory' 'Risks'],"['Oil from the Citrus bergamia fruit'
 'Used mainly as a fragrance and flavor additive'
 'Can have antioxidant and anti-inflammatory properties'
 'Well known to cause skin irritation when exposed to UV light'
 'Contains volatile compounds linalool and limonene']",Paula's Choice
Benzyl Salicylate,Worst,[],['Fragrance: Synthetic and Natural' 'Irritant'],['Sensory' 'Risks'],"['Volatile fragrance chemical' 'Has a sweet, floral odor'
 'Can cause negative skin reactions even in small amounts']",Paula's Choice
Benzyl Benzoate,Worst,[],['Fragrance: Synthetic and Natural' 'Plant Extracts' 'Solvent'],['Support' 'Utility' 'Sensory'],"['Volatile fragrance ingredient and solvent known to irritate skin'
 'Disrupts naturally protective lipids within skin'
 'Used in many beauty products, including baby care, skin care, hair products, and makeup'
 'Found in plants such as plumeria and cinnamon but can also be synthetically made']",Paula's Choice
Benzoin Extract,Worst,[],['Fragrance: Synthetic and Natural' 'Irritant'],['Sensory' 'Risks'],[],Paula's Choice
Bee Pollen Extract,Worst,['Hydration'],['Antioxidant' 'Humectant'],['Actives' 'Support'],[],Paula's Choice
Balsam Peru,Worst,[],['Plant Extracts' 'Irritant' 'Film-Forming Agent'],['Support' 'Sensory' 'Risks'],[],Paula's Choice
Awapuhi,Worst,[],['Plant Extracts' 'Irritant'],['Support' 'Risks'],[],Paula's Choice
Arnica Extract,Worst,[],['Plant Extracts' 'Irritant'],['Support' 'Risks'],[],Paula's Choice
Anise,Worst,[],['Fragrance: Synthetic and Natural' 'Irritant' 'Plant Extracts'],['Support' 'Sensory' 'Risks'],[],Paula's Choice
Anisaldehyde,Worst,[],['Fragrance: Synthetic and Natural' 'Irritant'],['Sensory' 'Risks'],[],Paula's Choice
Angelica Archangelica Root Oil,Worst,[],"['Irritant' 'Plant Extracts' 'Antioxidant' 'Humectant'
 'Fragrance: Synthetic and Natural']",['Actives' 'Support' 'Sensory' 'Risks'],"['Oil extracted from the root of an alpine plant'
 'Has antioxidant properties'
 'Also has a high amount of skin-sensitizing limonene'
 'Used primarily as a flavor and fragrance ingredient']",Paula's Choice
Amyris Balsamifera Bark Oil,Worst,[],['Irritant' 'Plant Extracts' 'Fragrance: Synthetic and Natural'],['Support' 'Sensory' 'Risks'],"['Essential oil extracted from Amyris balsamifera tree'
 'Primarily a fragrance ingredient'
 'Has a smell that resembles sandalwood'
 'Has herbicidal, larvicidal, and antimicrobial properties'
 'Contains eugenol, which can irritate and sensitize skin']",Paula's Choice
Amyl Salicylate,Worst,[],['Fragrance: Synthetic and Natural' 'Irritant'],['Sensory' 'Risks'],"['Ester of amyl alcohol and salicylic acid'
 'No research showing any skin benefit'
 'Studies show it can be a contact allergen'
 'Could pose a risk to some marine wildlife species']",Paula's Choice
Amyl Cinnamal,Worst,[],['Fragrance: Synthetic and Natural'],['Sensory'],"['Volatile fragrance ingredient with a jasmine-like aroma'
 'Occurs naturally in some plants, but the ingredient used in products is typically synthetic'
 'Proven to frequently cause skin reactions'
 'Even if you don’t see or feel the negative effects on skin, long term damage occurrs under the surface']",Paula's Choice
Alpha Isomethyl Ionone,Worst,[],['Fragrance: Synthetic and Natural' 'Irritant'],['Sensory' 'Risks'],"['Has a strong, flowery scent'
 'Research shows it can cause allergic skin reactions'
 'Considered an allergen in the European Union'
 'One of the scent components of Chanel No. 5']",Paula's Choice
Advanced Glycation Endproduct (AGE),Worst,[],['Irritant'],['Risks'],"['Destructive substances generated in the body'
 'Product of consuming refined sugars' 'Destroy collagen and elastin'
 'Can cause abnormal melanin production']",Paula's Choice
Pterocarpus Santalinus,Average,['Anti-Aging'],"['Antioxidant' 'Plant Extracts' 'Fragrance: Synthetic and Natural'
 'Irritant']",['Actives' 'Support' 'Sensory' 'Risks'],"['Type of tree found native to south India'
 'Used in traditional Ayurvedic medicine'
 'Extract has antioxidant and soothing properties'
 'Oil has volatile fragrance components' 'Also known as red sandalwood']",Paula's Choice
Acetone,Worst,[],['Irritant' 'Solvent'],['Utility' 'Risks'],"['Organic compound found in trees, volcanic gases, and the human body'
 'Solvent commonly used in nail polish removers'
 'Colorless liquid that is volatile and highly flammable'
 'Skin, eye, nose, and lung irritant']",Paula's Choice
Walnut Shell Powder,Bad,[],['Exfoliant' 'Irritant'],['Actives' 'Risks'],[],Paula's Choice
Vetiver Zizanoides Root Extract,Bad,[],['Fragrance: Synthetic and Natural' 'Irritant' 'Plant Extracts'],['Support' 'Sensory' 'Risks'],[],Paula's Choice
Verbena Officinalis Leaf Extract,Bad,[],['Fragrance: Synthetic and Natural' 'Irritant' 'Plant Extracts'],['Support' 'Sensory' 'Risks'],"['Plant extract rich in antioxidants'
 'Poses irritation risk due to fragrant compounds'
 'Known for lemony aroma with sweet, fruity undertones'
 'Also goes by the common name vervain extract']",Paula's Choice
Tea Tree Oil,Bad,['Anti-Acne'],"['Fragrance: Synthetic and Natural' 'Plant Extracts' 'Antioxidant'
 'Irritant']",['Actives' 'Support' 'Sensory' 'Risks'],"['Essential oil with a distinctive herbal/medicinal scent even at low concentrations'
 'Contains volatile compounds that are known to be skin sensitizing'
 'May help visibly improve breakout-prone skin (when properly incorporated)Has antimicrobial, anti-viral, antifungal, and anti-inflammatory properties'
 'Irritation risk increases when tea tree oil oxidizes—proper storage is essential']",Paula's Choice
Tanacetum Annuum Flower Oil,Bad,[],['Irritant' 'Plant Extracts'],['Support' 'Risks'],"['Fragrant essential oil, also known as blue tansy'
 'Imparts a characteristically blue hue (thanks to its chemical component chamazulene)Poses a risk of sensitizing skin and causing a cascade of damage on a deeper level'
 'Alternatively, may offer aromatherapeutic benefits']",Paula's Choice
Sodium Laurate,Bad,[],['Cleansing Agent' 'Irritant'],['Utility' 'Risks'],"['Sodium salt of lauric acid' 'Classified as a soap'
 'Strong potential to irritate skin' 'Damages skin’s barrier'
 'White solid in its raw form']",Paula's Choice
Silt,Bad,['Oil Control' 'Hydration'],['Absorbent' 'Humectant'],['Support' 'Sensory'],[],Paula's Choice
Sea Salt,Bad,['Hydration'],['Humectant' 'Irritant'],['Support' 'Risks'],[],Paula's Choice
Sclareolide,Bad,[],['Fragrance: Synthetic and Natural' 'Plant Extracts'],['Support' 'Sensory'],"['Fragrance ingredient with a musky/woody aroma'
 'Potentially problematic for long-term skin health'
 'May be extracted from plants such as clary sage'
 'White crystalline powder in raw form']",Paula's Choice
Rosa Damascena Flower Water,Bad,[],['Fragrance: Synthetic and Natural' 'Plant Extracts'],['Support' 'Sensory'],"['Fragrant solution obtained from the flowers of the damask rose'
 'Poses a risk of irritation to skin due to its volatile compounds'
 'May also be referred to simply as rose water'
 'Claims such as calming redness and reducing acne have not been proven to be true']",Paula's Choice
Raspberry Ketone,Bad,['Anti-Aging' 'Evens Skin Tone'],['Antioxidant' 'Fragrance: Synthetic and Natural'],['Actives' 'Sensory'],"['Phenolic compound derived from raspberries (Rubus idaeus)Mainly serves as a perfuming agent in skin care'
 'Volatile aromatic compounds can cause skin sensitization'
 'Can also provide skin antioxidant benefits'
 'Also used widely as a flavoring agent']",Paula's Choice
Quercus Robur (Oak) Root Extract,Bad,[],['Irritant' 'Plant Extracts' 'Antioxidant'],['Actives' 'Support' 'Risks'],"['Plant-derived ingredient taken from the English oak tree'
 'Can help protect skin from external aggressors'
 'Contains tannins, which denature skin'
 'Might contribute to skin barrier disruptions']",Paula's Choice
Quaternium-15,Bad,[],['Preservative'],['Utility'],[],Paula's Choice
Potassium Myristate,Bad,[],['Cleansing Agent' 'Emulsifier'],['Utility'],[],Paula's Choice
Potassium Hydroxide,Bad,[],['pH Adjuster/Stabilizer' 'Texture Enhancer'],['Utility' 'Sensory'],[],Paula's Choice
Polyvinyl Alcohol,Bad,[],['Film-Forming Agent' 'Texture Enhancer'],['Sensory'],"['Synthetic polymer of vinyl alcohol' 'Thickener and binding agent'
 'Use often in peel-off masks' 'Poses a risk of aggravating skin']",Paula's Choice
Polyperfluoroperhydrophenanthrene,Bad,[],['Solvent'],['Utility'],"['Fluorocarbon made up of fluorine and carbon'
 'Mostly used in ingredient blends' 'Utilized as a solvent'
 'More research is needed to determine its safety']",Paula's Choice
Phenylpropanol,Bad,[],['Fragrance: Synthetic and Natural' 'Preservative' 'Solvent'],['Utility' 'Sensory'],"['Masking scent used in skin care formulas'
 'Also serves as a preservative, extending product shelf life'
 'Potentially irritating to skin' 'Used in concentrations of up to .3%']",Paula's Choice
Perfluorohexane,Bad,[],['Solvent' 'Texture Enhancer'],['Utility' 'Sensory'],"['Synthetic ingredient, classified as a perfluorocarbon'
 'Solvent and texture-enhancing ingredient that may increase oxygen to skin'
 'May boost reactive oxygen species (ROS) in skin, which can age skin faster'
 'Often used in “bubble masks”']",Paula's Choice
Perfluorodecalin,Bad,[],['Solvent' 'Texture Enhancer'],['Utility' 'Sensory'],"['Synthetic ingredient, classified as a perfluorocarbon'
 'Solvent and texture-enhancing ingredient that may increase oxygen to skin'
 'May boost reactive oxygen species (ROS) in skin, which can age skin faster'
 'Often used in “bubble masks”']",Paula's Choice
Pawpaw Extract,Bad,['Hydration'],['Plant Extracts' 'Humectant'],['Support'],[],Paula's Choice
Paullinia Cupana Seed Extract,Bad,[],['Irritant' 'Plant Extracts'],['Support' 'Risks'],"['Also called guarana seed extract' 'Native to the Amazon'
 'Has beneficial phenolic compounds' 'Also constricts skin']",Paula's Choice
Papaya Extract,Bad,['Smooths Bumpy Skin'],['Exfoliant' 'Plant Extracts' 'Irritant'],['Actives' 'Support' 'Risks'],[],Paula's Choice
Neem Oil,Bad,[],['Irritant'],['Risks'],"['Plant-derived ingredient, AKA Melia azadirachta oil'
 'Derived from the Melia azadirachta or Azadirachta indica tree'
 'Has emollient and antioxidant properties'
 'Can cause skin sensitization and signs of irritation']",Paula's Choice
Myrtus Communis Extract,Bad,[],"['Fragrance: Synthetic and Natural' 'Irritant' 'Plant Extracts'
 'Antioxidant']",['Actives' 'Support' 'Sensory' 'Risks'],"['A plant extract also known as Myrtle extract'
 'Contains sensitizing, fragrant components, like linalool and limonene'
 'Has established antioxidant benefits'
 'Can help skin combat environments that contribute to breakouts']",Paula's Choice
Myrtle Extract,Bad,[],"['Fragrance: Synthetic and Natural' 'Irritant' 'Plant Extracts'
 'Antioxidant']",['Actives' 'Support' 'Sensory' 'Risks'],"['Also known as Myrtus communis extract'
 'Contains sensitizing, aromatic compounds, like linalool and limonene'
 'Offers antioxidant benefits for skin'
 'Can help skin combat organisms that contribute to breakouts']",Paula's Choice
Mimosa Oil Or Extract,Bad,[],['Fragrance: Synthetic and Natural' 'Irritant'],['Sensory' 'Risks'],"['Plant-derived oils and extracts from the Acacia dealbata shrub'
 'Contains phenolic compounds that provide antioxidant properties'
 'As an essential oil, contains volatile aromatic compounds that can sensitize skin'
 'The Cosmetic Ingredient Review Expert Panel could not verify its skin safety due to lack of research']",Paula's Choice
Microcitrus Australasica Fruit Extract,Bad,['Anti-Aging'],['Antioxidant' 'Plant Extracts' 'Exfoliant' 'Irritant'],['Actives' 'Support' 'Risks'],"['Fruit from the finger or caviar lime plant' 'Has antioxidant properties'
 'Offers potential skin brightening benefits'
 'Has mild exfoliating properties' 'Can irritate skin']",Paula's Choice
Methyldihydrojasmonate,Bad,[],['Fragrance: Synthetic and Natural'],['Sensory'],"['Used as a masking or fragrance component in skin care'
 'Exhibits a floral, jasmine scent'
 'Like other fragrant ingredients, can cause short-term and long-term skin sensitization'
 'Is a colorless-to-light yellow liquid in its raw material form']",Paula's Choice
Melia Azadirachta Oil,Bad,[],['Irritant' 'Plant Extracts'],['Support' 'Risks'],"['Derived from the Melia azadirachta or Azadirachta indica tree'
 'Also known as neem oil' 'Contains antioxidant and emollient properties'
 'Can sensitize skin due to potent active compounds']",Paula's Choice
MEA,Bad,[],['Texture Enhancer'],['Sensory'],[],Paula's Choice
Jasminum Sambac (Jasmine) Flower Extract,Bad,['Anti-Aging'],"['Antioxidant' 'Fragrance: Synthetic and Natural' 'Irritant'
 'Plant Extracts']",['Actives' 'Support' 'Sensory' 'Risks'],"['From the Arabian jasmine'
 'Flowers are well-known for their strong scent'
 'Contains antioxidant compounds' 'Also has volatile fragrance components'
 'Puts skin at risk for irritation']",Paula's Choice
Iron Powder,Bad,[],['Occlusive/Opacifying Agent'],['Support'],[],Paula's Choice
Imidazolidinyl Urea,Bad,[],['Preservative'],['Utility'],[],Paula's Choice
Hydroxyethylpiperazine Ethane Sulfonic Acid,Bad,[],['pH Adjuster/Stabilizer'],['Utility'],[],Paula's Choice
Hoya Lacunosa Flower Extract,Bad,[],['Fragrance: Synthetic and Natural' 'Plant Extracts'],['Support' 'Sensory'],"['Derived from the flowers of the Hoya lacunosa plant'
 'Poses potential risk of skin sensitization due to fragrant compounds'
 'Lacking independent research to support supplier claims'
 'Alternative names include cinnamon-scented wax plant and porcelain flower extract']",Paula's Choice
Hedera Helix Extract,Bad,[],['Irritant' 'Plant Extracts' 'Antioxidant'],['Actives' 'Support' 'Risks'],"['Commonly known as English ivy extract'
 'Contains phytosterols and flavonoids'
 'Also a source of skin-irritating falcarinol'
 'Research has shown allergic reactions to cosmetics containing this ingredient']",Paula's Choice
Geraniol,Bad,[],['Fragrance: Synthetic and Natural' 'Irritant'],['Sensory' 'Risks'],[],Paula's Choice
Formaldehyde-Releasing Preservative,Bad,[],['Preservative'],['Utility'],"['A common type of preservative found in cosmetics'
 'No higher level of skin reaction to formaldehyde-releasing preservatives'
 'There is concern when formaldehyde-releasing preservatives are present in a formulation that also includes amines']",Paula's Choice
Farnesyl Acetate,Bad,[],['Fragrance: Synthetic and Natural' 'Antioxidant'],['Actives' 'Sensory'],[],Paula's Choice
Farnesol,Bad,[],['Fragrance: Synthetic and Natural' 'Plant Extracts' 'Antioxidant'],['Actives' 'Support' 'Sensory'],[],Paula's Choice
DMDM Hydantoin,Bad,[],['Preservative'],['Utility'],[],Paula's Choice
DMAE,Bad,[],['pH Adjuster/Stabilizer'],['Utility'],"['Also known as dimethyl MEAResearch shows it may promote skin firmness'
 'However, results are short lived and can result in destruction of firming skin substances'
 'Requires a p' 'H of 10 to remain efficacy and stability']",Paula's Choice
Dimethyl MEA,Bad,[],['pH Adjuster/Stabilizer'],['Utility'],[],Paula's Choice
Dicalcium Phosphate,Bad,[],['Irritant' 'Occlusive/Opacifying Agent'],['Support' 'Risks'],"['White powder that can be used to create abrasive formulations (think gritty exfoliating scrubs)May also be formulated in a non-abrasive way for use as an opacifying agent in makeup'
 'Can inhibit the transfer/smearing of makeup'
 'Popular in oral care products, such as toothpaste.']",Paula's Choice
Diazolidinyl Urea,Bad,[],['Preservative'],['Utility'],[],Paula's Choice
Diatomaceous Earth,Bad,[],['Exfoliant' 'Irritant'],['Actives' 'Risks'],[],Paula's Choice
Diamond Powder,Bad,[],['Exfoliant' 'Irritant'],['Actives' 'Risks'],"['Abrasive mineral (technically a crystallized modification of carbon)Used in skin care products such as exfoliating cleansers where it provides buffing/scrubbing action'
 'May cause micro tears in skin due to the irregular shape of the particles'
 'Research supporting diamond powder’s use in cosmetics is lacking']",Paula's Choice
Cocamide DEA And MEA,Bad,[],['Cleansing Agent' 'Texture Enhancer'],['Utility' 'Sensory'],[],Paula's Choice
Calendula Officinalis Flower Oil,Bad,[],['Antioxidant' 'Fragrance: Synthetic and Natural' 'Plant Extracts'],['Actives' 'Support' 'Sensory'],"['Essential oil taken from the Calendula officinalis, AKA pot marigold, flower'
 'Contains volatile, aromatic skin-sensitizing compounds'
 'Has antioxidant and antimicrobial properties'
 'Used in cosmetics in concentrations between 0.01-0.1%']",Paula's Choice
Asimina Triloba Fruit Extract,Bad,['Hydration'],['Plant Extracts' 'Humectant'],['Support'],[],Paula's Choice
Apricot Kernel,Bad,[],['Exfoliant' 'Plant Extracts'],['Actives' 'Support'],[],Paula's Choice
Aniba Rosaeodora (Rosewood) Wood Extract,Bad,[],['Antioxidant' 'Fragrance: Synthetic and Natural' 'Plant Extracts'],['Actives' 'Support' 'Sensory'],"['From the rosewood plant' 'Has some antimicrobial properties'
 'Also is a potential skin sensitizer'
 'Can oxidize on contact with skin and trigger damage']",Paula's Choice
Amyl Cinnamate,Bad,[],['Fragrance: Synthetic and Natural' 'Irritant'],['Sensory' 'Risks'],"['Also known as pentyl cinnamate' 'Fragrance ingredient also used in food'
 'Studies show it can cause skin irritation'
 'Colorless to pale yellow liquid in its raw form']",Paula's Choice
Alkyloamides,Bad,[],['Texture Enhancer'],['Sensory'],[],Paula's Choice
Acetic Acid,Bad,[],['Irritant' 'pH Adjuster/Stabilizer'],['Utility' 'Risks'],"['Byproduct of fermentation' 'Main component of vinegar aside from water'
 'Used to adjust skin care products’ p'
 'HHas mild antimicrobial properties'
 'Overuse or misuse can result in skin damage']",Paula's Choice
Zingiber Officinale Roscoe,Average,['Soothing'],['Plant Extracts' 'Irritant'],['Support' 'Risks'],[],Paula's Choice
Zingiberaceae,Average,[],['Irritant' 'Plant Extracts' 'Antioxidant'],['Actives' 'Support' 'Risks'],"['Plant family AKA the ginger family' 'Applied topically and ingested'
 'Extracts can provide anti-aging, antioxidant-based benefits'
 'Oils can cause skin sensitivity']",Paula's Choice
Zea Mays (Corn) Kernel Meal,Average,[],['Exfoliant'],['Actives'],"['The independent Cosmetic Ingredient Review panel has ruled Zea mays kernel meal safe as currently used in cosmetics, where its maximum concentration of use is 3%.']",Paula's Choice
Zanthoxylum Bungeanum Fruit Oil,Average,[],['Irritant' 'Plant Extracts' 'Antioxidant'],['Actives' 'Support' 'Risks'],"['Also known as prickly ash oil' 'Has antioxidant benefits'
 'Also has skin-calming abilities' 'Contains skin sensitizing compounds']",Paula's Choice
Yucca Schidigera Leaf/Root/Stem Extract,Average,['Soothing'],['Plant Extracts' 'Antioxidant'],['Actives' 'Support'],"['AKA yucca extract' 'May have skin-soothing benefits'
 'Contains saponins, which may cause irritation'
 'Has antioxidant benefits']",Paula's Choice
Yucca Schidigera,Average,['Soothing'],['Plant Extracts' 'Antioxidant'],['Actives' 'Support'],[],Paula's Choice
Yucca Extract,Average,['Soothing'],['Plant Extracts' 'Antioxidant'],['Actives' 'Support'],[],Paula's Choice
Yogurt,Average,['Hydration' 'Soothing'],['Humectant'],['Support'],[],Paula's Choice
Yellow 6 Lake,Average,[],['Coloring Agent/Pigment'],['Sensory'],[],Paula's Choice
Yellow 5 Lake,Average,[],['Coloring Agent/Pigment'],['Sensory'],[],Paula's Choice
Yellow 5,Average,[],['Coloring Agent/Pigment'],['Sensory'],[],Paula's Choice
White Nettle,Average,['Anti-Aging'],['Plant Extracts' 'Antioxidant' 'Irritant'],['Actives' 'Support' 'Risks'],[],Paula's Choice
Walnut Extract,Average,['Anti-Aging'],['Plant Extracts' 'Antioxidant'],['Actives' 'Support'],[],Paula's Choice
Vitamin H,Average,['Anti-Aging'],['Antioxidant'],['Actives'],[],Paula's Choice
Vitamin B6,Average,['Anti-Aging'],['Antioxidant'],['Actives'],[],Paula's Choice
Vitamin B2,Average,[],['Antioxidant'],['Actives'],[],Paula's Choice
Vitamin B1,Average,['Anti-Aging'],['Antioxidant'],['Actives'],[],Paula's Choice
Viola Tricolor Extract,Average,['Anti-Aging'],['Plant Extracts' 'Antioxidant'],['Actives' 'Support'],[],Paula's Choice
Vegetable Collagen,Average,[],['Plant Extracts'],['Support'],"['Refers to plant-based ingredients intended to mimic animal collagen'
 'Not recognized as an official INCI ingredient but blanket term for various ingredient blends'
 'Benefits depend on the actual mix of ingredients (don’t assume pro-collagen results)If going the vegetable/vegan collagen oral supplement route, consult your physician']",Paula's Choice
Urtica Dioica (Nettle) Extract,Average,['Hydration' 'Soothing'],['Plant Extracts' 'Antioxidant' 'Humectant'],['Actives' 'Support'],[],Paula's Choice
Urtica Dioica,Average,['Hydration' 'Soothing'],['Plant Extracts' 'Antioxidant' 'Humectant'],['Actives' 'Support'],[],Paula's Choice
Ulva Lactuca Extract,Average,['Soothing' 'Anti-Aging'],['Plant Extracts' 'Antioxidant'],['Actives' 'Support'],[],Paula's Choice
Ultramarines,Average,[],['Coloring Agent/Pigment'],['Sensory'],[],Paula's Choice
Ulmus Fulva Bark Extract,Average,['Soothing' 'Anti-Aging'],['Plant Extracts' 'Antioxidant'],['Actives' 'Support'],[],Paula's Choice
Tromethamine,Average,[],['pH Adjuster/Stabilizer'],['Utility'],"['Triol, or alcohol with three hydroxyl groups along with one amino group'
 'Used in skin care as a p'
 'H adjuster and as a neutralizing agent for fatty acids in a formulation'
 'Can reduce a formula’s chance of irritation'
 'Can function as a buffering agent in alkaline range of 7-9CIR Expert Panel deemed safe for use in cosmetics at current levels']",Paula's Choice
Trisodium NTA,Average,[],['Chelating Agent'],['Utility'],"['Synthetic chelating agent' 'Helps ensure product efficacy'
 'Also helps protect skin from metal ions'
 'Considered safe as used in cosmetics']",Paula's Choice
Triethanolamine,Average,[],['pH Adjuster/Stabilizer' 'Emulsifier' 'Cleansing Agent'],['Utility'],[],Paula's Choice
Totarol,Average,['Anti-Acne' 'Anti-Aging'],['Antibacterial' 'Antioxidant' 'Plant Extracts' 'Irritant'],['Actives' 'Support' 'Risks'],"['Diterpene found in certain types of trees'
 'Has antioxidant + anti-inflammatory benefits' 'Also antimicrobial'
 'Can cause skin irritation']",Paula's Choice
Tomato Extract,Average,[],['Irritant' 'Plant Extracts' 'Antioxidant'],['Actives' 'Support' 'Risks'],[],Paula's Choice
Thymus Vulgaris (Thyme) Extract,Average,[],['Antioxidant' 'Irritant' 'Plant Extracts'],['Actives' 'Support' 'Risks'],[],Paula's Choice
Thymus Vulgaris,Average,[],['Irritant' 'Plant Extracts' 'Antioxidant'],['Actives' 'Support' 'Risks'],[],Paula's Choice
Thymus Serpillum Extract,Average,[],['Irritant' 'Plant Extracts' 'Antioxidant'],['Actives' 'Support' 'Risks'],[],Paula's Choice
Thymus Hydrolysate,Average,['Hydration'],['Humectant'],['Support'],[],Paula's Choice
Thyme Extract,Average,[],['Irritant' 'Antioxidant' 'Plant Extracts'],['Actives' 'Support' 'Risks'],[],Paula's Choice
Thiodipropionic Acid,Average,['Anti-Aging'],['Antioxidant'],['Actives'],[],Paula's Choice
Thiamine HCL,Average,['Anti-Aging'],['Antioxidant'],['Actives'],[],Paula's Choice
TEA,Average,[],['pH Adjuster/Stabilizer' 'Emulsifier' 'Cleansing Agent'],['Utility'],[],Paula's Choice
TBHQ,Average,[],['Antioxidant' 'Preservative'],['Actives' 'Utility'],"['Derivative of hydroquinone that does not have discoloration fight properties'
 'Preservative used to enhance the stability of formulas'
 'Common food additive' 'Ruled safe as used in cosmetics'
 'White to light tan crystalline solid in its raw form']",Paula's Choice
Tanacetum Parthenium (Feverfew),Average,[],['Plant Extracts' 'Irritant' 'Antioxidant'],['Actives' 'Support' 'Risks'],[],Paula's Choice
Tallow,Average,['Hydration'],['Occlusive/Opacifying Agent'],['Support'],"['Rendered beef or mutton fat' 'Long used as a multi-purpose oil'
 'Rich in triglycerides' 'Lacking in evidence behind skin healing claims'
 'Pure tallow can irritate skin via barrier damage']",Paula's Choice
Talc,Average,['Oil Control'],['Absorbent' 'Texture Enhancer' 'Occlusive/Opacifying Agent'],['Support' 'Sensory'],"['A natural mineral composed of magnesium, hydrogen, oxygen and silicon'
 'Serves as an absorbent in skin care'
 'Requires a specific screening process for safety']",Paula's Choice
Sugarcane Extract,Average,['Hydration'],['Plant Extracts' 'Humectant'],['Support'],[],Paula's Choice
Succinoglycan,Average,[],['Emulsifier' 'Texture Enhancer'],['Utility' 'Sensory'],"['An exopolysaccharide derived from soil bacteria'
 'High molecular weight carbohydrate infrequently used in cosmetics'
 'Has emulsifying and texture-enhancing properties'
 'Research is also exploring its use in various medical fields']",Paula's Choice
St. John's Wort,Average,[],['Plant Extracts' 'Antioxidant' 'Irritant'],['Actives' 'Support' 'Risks'],[],Paula's Choice
Sorbitan Oleate Decylglucoside Crosspolymer,Average,[],['Cleansing Agent' 'Emulsifier'],['Utility'],"['Surfactant with cleansing, emulsifying, and foaming properties'
 'Can also be used to solubilize fragrance ingredients'
 'May be sourced naturally (via corn, sugar or olive oil) or synthetically created'
 'Used in shampoos, body washes, hair gels, after shaves, lotions, deodorants, etc.']",Paula's Choice
Solanum Lycopersicum Extract,Average,[],['Plant Extracts' 'Antioxidant' 'Irritant'],['Actives' 'Support' 'Risks'],[],Paula's Choice
Sodium Sulfite,Average,[],['Irritant' 'Preservative'],['Utility' 'Risks'],[],Paula's Choice
Sodium Stearate,Average,[],['Emulsifier' 'Texture Enhancer'],['Utility' 'Sensory'],"['Cleansing/emulsifying agent'
 'Can be used to adjust the viscosity and stiffness of a formulation'
 'May also lend itself waterproofing qualities'
 'Often used in solid-style products such as stick-based sunscreens, bar soaps, and waxes'
 'May potentially contribute to a pore-clogging residue on skin (depending on the overall formula)']",Paula's Choice
Sodium Salicylate,Average,[],['Preservative'],['Utility'],[],Paula's Choice
Sodium Phosphate,Average,[],['Cleansing Agent' 'Emulsifier' 'Texture Enhancer'],['Utility' 'Sensory'],"['Synthetic phosphorous compound' 'Has wetting and cleansing properties'
 'Commonly used in blends to keep ingredients mixed'
 'Considered safe as used in cosmetics']",Paula's Choice
Sodium Palm Kernelate,Average,[],['Cleansing Agent' 'Emulsifier' 'Texture Enhancer'],['Utility' 'Sensory'],"['Surfactant in bar soaps and other skin-cleansers'
 'Plays secondary emulsifier and viscosity-adjusting roles'
 ""Derived from palm kernel oil that's treated with sodium hydroxide""
 'Falls in the mid-range for mild-to-harsh surfactants']",Paula's Choice
Sodium Palmitate,Average,[],['Cleansing Agent' 'Emulsifier'],['Utility'],"['Sodium salt of palmitic acid'
 'Surfactant + emulsifying and viscosity increasing agent'
 'Ruled safe as used in skin care'
 'Can be drying to skin when formulated in a cleanser'
 'Typical usage in leave-on products is 0.06-4.1%']",Paula's Choice
Sodium Palmate,Average,[],['Cleansing Agent' 'Emulsifier' 'Texture Enhancer'],['Utility' 'Sensory'],"['Surfactant in bar soaps and other skin-cleansers\u202fIncreases formulary viscosity'
 'Also plays an emulsifying role' 'Derived from palm oil']",Paula's Choice
Sodium Metaphosphate,Average,[],['Emulsifier' 'pH Adjuster/Stabilizer'],['Utility'],"['Synthetic emulsifier and p' 'H adjuster' 'Also used in the dental field'
 'Deemed safe as used in cosmetics'
 'Requires careful formulation to avoid levels proven to irritate skin'
 'Serves as a chelating agent for some metals']",Paula's Choice
Sodium Metabisulfite,Average,[],['Preservative' 'Antioxidant' 'Irritant'],['Actives' 'Utility' 'Risks'],"['Used as a preservative and stabilizer in cosmetic formulations'
 'Also offers antioxidant properties'
 'In hair care, it acts as a reducing agent that alters the structure of hair'
 'Described as colorless crystals or a white to yellowish crystalline powder in raw material form']",Paula's Choice
Sodium Magnesium Fluorosilicate,Average,[],['Absorbent' 'Occlusive/Opacifying Agent'],['Support' 'Sensory'],"['Synthetic silicate' 'Absorbent and opacifier' 'Also a thickening agent'
 'Known by the trade name LAPONITE-XL 21 XR']",Paula's Choice
Sodium Lauryl Sulfoacetate,Average,[],['Cleansing Agent'],['Utility'],"['Cleansing agent noted for its foaming properties'
 'Long history of use in personal care products, with research dating back to the 1940’s'
 'Deemed safe by the Cosmetic Ingredient Review Expert Panel'
 'Raw material form: white powder or flakes']",Paula's Choice
Sodium Lactobionate,Average,[],['Preservative'],['Utility'],[],Paula's Choice
Sodium Hydroxymethylglycinate,Average,['Hydration'],['Humectant' 'Preservative'],['Support' 'Utility'],[],Paula's Choice
Sodium Hydroxide,Average,[],['pH Adjuster/Stabilizer'],['Utility'],"['Highly alkaline ingredient'
 'Used in small amounts in cosmetics (such as in exfoliants and cleansers) to adjust p'
 'HIs used in hair and nail products to maintain p' 'HAlso known as lye']",Paula's Choice
Sodium Formate,Average,[],['pH Adjuster/Stabilizer' 'Preservative'],['Utility'],"['A preservative that helps prolong a product’s shelf life'
 'Helps neutralize and bring balance to a skin care formulation’s p'
 'HIs the salt form of the preservative formic acid'
 'Used in cosmetics and hair care in concentrations of up to .34%Deemed safe in cosmetic and hair formulations by the Cosmetic Ingredient Review Expert Panel']",Paula's Choice
Sodium Coco Sulfate,Average,[],['Cleansing Agent' 'Emulsifier'],['Utility'],"['Cleansing agent commonly used in rinse-off products'
 'Referred to as a “milder” alternative to sodium lauryl sulfate'
 'Also assists in emulsification and foam creation'
 'Can potentially irritate skin due to its anionic nature']",Paula's Choice
Sodium Cocoate,Average,[],['Cleansing Agent' 'Emulsifier'],['Utility'],"['Surfactant derived from coconut acid'
 'Also acts as an emulsifying agent'
 'Used in soaps, shampoos and other hygiene products'
 'Potential for moderate skin irritation (formulation dependent)']",Paula's Choice
Sodium Chloride,Average,[],['Texture Enhancer'],['Sensory'],"['More popularly known as common table salt'
 'Functions as a binding agent, thickener, and occasionally an abrasive in cosmetics'
 'A white, crystalline solid'
 'On the FDA’s list of substances Generally Recognized as Safe']",Paula's Choice
Sodium Bisulfite,Average,[],['Antioxidant' 'Irritant'],['Actives' 'Risks'],[],Paula's Choice
Sodium Bicarbonate,Average,[],['pH Adjuster/Stabilizer'],['Utility'],[],Paula's Choice
Sodium Anisate,Average,[],['Preservative'],['Utility'],"['Sodium salt of p-anisic acid' 'Used for its preservative properties'
 'Helps extend products’ shelf life'
 'Cosmetics applications use in concentrations between 0.05% and 0.4%']",Paula's Choice
Sodium Acrylates Crosspolymer-2,Average,[],['Absorbent'],['Sensory'],"['Synthetic ingredient' 'Used as an absorbent'
 'Ruled safe as used in cosmetics' 'Thickener for aqueous formulations']",Paula's Choice
Slippery Elm Bark,Average,['Soothing' 'Anti-Aging'],['Plant Extracts' 'Antioxidant'],['Actives' 'Support'],[],Paula's Choice
Silver Chloride,Average,[],['Irritant'],['Risks'],[],Paula's Choice
Siegesbeckia Orientalis Extract,Average,[],['Plant Extracts'],['Support'],[],Paula's Choice
Siegesbeckia Orientalis,Average,[],['Plant Extracts'],['Support'],[],Paula's Choice
Serenoa Serrulata Extract,Average,['Soothing'],['Plant Extracts' 'Antioxidant'],['Actives' 'Support'],[],Paula's Choice
Saxifraga Sarmentosa Extract,Average,[],['Plant Extracts' 'Antioxidant'],['Actives' 'Support'],[],Paula's Choice
Santalum Album Seed Extract,Average,[],['Fragrance: Synthetic and Natural' 'Irritant' 'Antioxidant'],['Actives' 'Sensory' 'Risks'],[],Paula's Choice
Salvia Officinalis (Sage) Extract,Average,[],['Irritant' 'Plant Extracts' 'Antioxidant'],['Actives' 'Support' 'Risks'],[],Paula's Choice
Salvia Officinalis,Average,[],['Irritant' 'Plant Extracts' 'Antioxidant'],['Actives' 'Support' 'Risks'],[],Paula's Choice
Sage Extract,Average,[],['Plant Extracts' 'Irritant' 'Antioxidant'],['Actives' 'Support' 'Risks'],[],Paula's Choice
Ruscus Aculeatus Root Extract,Average,['Soothing'],['Plant Extracts' 'Antioxidant'],['Actives' 'Support'],[],Paula's Choice
Ruscus Aculeatus,Average,['Soothing'],['Plant Extracts' 'Antioxidant'],['Actives' 'Support'],[],Paula's Choice
Royal Jelly,Average,['Hydration'],['Humectant' 'Solvent'],['Support' 'Utility'],"['A substance created by worker bees'
 'Research about skin benefits is anecdotal'
 'Application can sensitize skin when used in high concentrations'
 'Susceptible to breakdown when exposed to light and air']",Paula's Choice
Rosa Centifolia Seed Extract,Average,['Anti-Aging'],['Plant Extracts' 'Antioxidant'],['Actives' 'Support'],[],Paula's Choice
Rosa Centifolia Flower,Average,['Anti-Aging'],['Plant Extracts' 'Antioxidant'],['Actives' 'Support'],[],Paula's Choice
Rosa Centifolia,Average,['Anti-Aging'],['Plant Extracts' 'Antioxidant'],['Actives' 'Support'],[],Paula's Choice
Rice Sh-Oligopeptide-1,Average,['Anti-Aging'],['Peptides'],['Actives'],"['Synthetic peptide derived from rice'
 'Designed to mimic growth factors in skin'
 'Lacks independent research to validate'
 'Not worth pursuing over long-proven peptides']",Paula's Choice
Ribose,Average,['Anti-Aging' 'Hydration'],['Plant Extracts'],['Support'],"['Hydrating plant sugar that can be derived naturally from corn seeds'
 'Conflicting research in terms of its anti-aging abilities'
 'White-to-tan powder in raw material form'
 'Deemed safe by the Cosmetic Ingredient Review in up to 0.05% concentration']",Paula's Choice
Riboflavin,Average,[],['Antioxidant'],['Actives'],[],Paula's Choice
Red 7 Lake,Average,[],['Coloring Agent/Pigment'],['Sensory'],"['An approved synthetic coloring agent'
 'Also known as D&C Red 7 Calcium Lake' 'Insoluble in water'
 'Subject to batch certification']",Paula's Choice
Red 6 Lake,Average,[],['Coloring Agent/Pigment'],['Sensory'],"['Pigment used to add color to makeup, food products, and skin care'
 'Ruled safe in its current use' 'Also known as D&C Red 6 Aluminum Lake']",Paula's Choice
Red 33,Average,[],['Coloring Agent/Pigment'],['Sensory'],"['Pigment used to add color to makeup, food products, and skin care'
 'Ruled safe in its current use']",Paula's Choice
Red 28,Average,[],['Coloring Agent/Pigment'],['Sensory'],[],Paula's Choice
Red 27 Lake,Average,[],['Coloring Agent/Pigment'],['Sensory'],[],Paula's Choice
Prasterone,Average,['Hydration'],['Humectant'],['Support'],[],Paula's Choice
PPG-24-Glycereth-24,Average,[],['Emulsifier'],['Utility'],"['Glycerin-based ingredient that functions as an emulsifying agent and surfactant'
 'Used in a variety of skin care formulations, including toners, serums, and moisturizers'
 'Colorless to pale yellow liquid in its raw material form'
 'Most of what we know about this ingredient comes from suppliers, as independent research is lacking']",Paula's Choice
Potassium Laurate,Average,[],['Cleansing Agent' 'Emulsifier'],['Utility'],"['Cleanser, emulsifier, and foam-boosting agent'
 'Constituent of soap with potential to be drying, depending on the overall formula'
 'Can be sourced naturally (via plants) or synthetically made'
 'Supplied as a water-soluble powder or paste in its raw material form']",Paula's Choice
Potassium Chloride,Average,[],['Texture Enhancer'],['Sensory'],"['Naturally occurring salt' 'Helps increase a formula’s viscosity'
 'Also a food additive' 'Non-irritating as used in cosmetics']",Paula's Choice
Potassium,Average,[],['pH Adjuster/Stabilizer'],['Utility'],[],Paula's Choice
Porphyridium Cruentum Extract,Average,['Anti-Aging'],['Plant Extracts' 'Antioxidant'],['Actives' 'Support'],[],Paula's Choice
Poncirus Trifoliata Fruit Extract,Average,['Anti-Aging'],['Antioxidant' 'Fragrance: Synthetic and Natural' 'Plant Extracts'],['Actives' 'Support' 'Sensory'],"['Fruit extract that is a citrus relative, commonly known as “hardy orange”Offers anti-aging and skin-soothing benefits thanks to its antioxidant content'
 'Also contains fragrant compounds, although the risk for irritancy is minimized in extract form'
 'Alternative names include Citrus trifoliata and Trifoliate Orange']",Paula's Choice
Polyvinylalcohol Crosspolymer,Average,[],['Texture Enhancer'],['Sensory'],"['Polymer of vinyl alcohol and glyoxal' 'Bulking and film-forming agent'
 'Can be drying in high amounts'
 'Used in amounts up to 15% in peel-off products']",Paula's Choice
Polyester-5,Average,[],['Suspending/Dispersing Agent' 'Emulsifier'],['Utility' 'Sensory'],"['A film-forming agent used in skin care, hair care, and body care formulations'
 'Helps hydrophobic ingredients disperse in aqueous solutions'
 'A water-dispersible polymer that contains a sulfonate group'
 'Assists in controlling the viscosity of formulas']",Paula's Choice
Plasticizing Agents,Average,[],['Film-Forming Agent' 'Texture Enhancer'],['Sensory'],[],Paula's Choice
Plantago Lanceolata Leaf Extract,Average,[],['Antioxidant' 'Irritant' 'Plant Extracts'],['Actives' 'Support' 'Risks'],"['Plant extract from the plantain family'
 'Offers beneficial antioxidants that help defend skin from environmental stressors'
 'May potentially have a sensitizing effect on skin due its fragrance compounds and tannin content'
 'Of greater concern when the essential oil form of this ingredient is used']",Paula's Choice
Pistacia Lentiscus (Mastic) Gum,Average,['Pore Minimizer'],['Antioxidant' 'Irritant' 'Plant Extracts'],['Actives' 'Support' 'Risks'],"['Resin of the mastic tree native to north Africa & the Mediterranean'
 'Has been used in traditional Greek medicine for centuries'
 'Has antioxidant and astringent properties'
 'Contains volatile compounds that can irritate skin']",Paula's Choice
Phthalates,Average,[],['Solvent' 'Fragrance: Synthetic and Natural'],['Utility' 'Sensory'],[],Paula's Choice
Phenylethyl Resorcinol,Average,['Anti-Aging' 'Dark Spot Fading'],['Antioxidant'],['Actives'],"['A synthetic antioxidant' 'Helps visibly reduce dark spots'
 'Aids in skin brightening' 'Requires more research']",Paula's Choice
Perilla Ocymoides,Average,['Soothing'],['Plant Extracts' 'Antioxidant'],['Actives' 'Support'],[],Paula's Choice
PEG-7 Trimethylolpropane Coconut Ether,Average,[],['Cleansing Agent' 'Emulsifier'],['Utility'],"['Type of polyethylene glycol compound derived from coconuts'
 'Emulsifier and surfactant'
 'Can be part of an ingredient blend called SEPIPLUS™ S']",Paula's Choice
Pansy Extract,Average,['Soothing'],['Plant Extracts' 'Antioxidant'],['Actives' 'Support'],[],Paula's Choice
P-Anisic Acid,Average,[],['Preservative'],['Utility'],"['Has antioxidant + anti-inflammatory properties'
 'Primarily used as a preservative'
 'Fights bacterial and yeast contamination']",Paula's Choice
Panicum Millaceum (Millet) Seed Extract,Average,['Hydration'],['Humectant'],['Support'],[],Paula's Choice
Panicum Miliaceum,Average,['Hydration'],['Plant Extracts' 'Humectant'],['Support'],[],Paula's Choice
Paeonia Suffruticosa Extract,Average,[],['Plant Extracts' 'Antioxidant' 'Fragrance: Synthetic and Natural'],['Actives' 'Support' 'Sensory'],[],Paula's Choice
Paeonia Albiflora Flower Extract,Average,[],['Plant Extracts' 'Fragrance: Synthetic and Natural'],['Support' 'Sensory'],[],Paula's Choice
Paeonia Albiflora Extract,Average,[],['Plant Extracts' 'Fragrance: Synthetic and Natural'],['Support' 'Sensory'],[],Paula's Choice
Padimate O,Average,['Anti-Aging'],['UV Filters'],['Actives'],[],Paula's Choice
Oridonin,Average,['Anti-Aging'],"['Antioxidant' 'Fragrance: Synthetic and Natural' 'Irritant'
 'Plant Extracts']",['Actives' 'Support' 'Sensory' 'Risks'],"['Herb-derived skin care ingredient'
 'Shows potential for enhancing skin longevity'
 'May be irritating (research shows mixed results)More robust testing is needed to confirm safety and efficacy']",Paula's Choice
Oleth-3 Phosphate,Average,[],['Cleansing Agent' 'Emulsifier' 'Suspending/Dispersing Agent'],['Utility' 'Sensory'],"['mproves formula texture, mixing oil and water ingredients'
 'Assists in dispersing insoluble compounds in products'
 'Exists as a liquid with a colorless-to-brown raw material'
 'Might be skin-sensitizing']",Paula's Choice
Ocimum Basilicum leaf extract,Average,['Anti-Aging'],['Plant Extracts' 'Antioxidant'],['Actives' 'Support'],"['Plant-extract derived from Ocimum basilicum, AKA sweet basil'
 'Rich in antioxidants like rosmarinic acid, ferulic acid, and rutin'
 'Helps protect skin from pro-aging environmental aggressors'
 'Contains sin-sensitizing tannins']",Paula's Choice
Ocimum Basilicum flower extract,Average,['Anti-Aging'],['Plant Extracts' 'Antioxidant'],['Actives' 'Support'],"['Plant-extract taken from the flower of Ocimum basilicum, AKA sweet basil'
 'Rich in antioxidants such as flavonoids and phenolic compounds'
 ""Helps renew skin's protection from daily aggressors that lead to  signs of aging""
 'Is often combined with Ocimum basilicum leaf extract']",Paula's Choice
Nymphaea Alba Root Extract,Average,['Anti-Aging'],['Antioxidant' 'Plant Extracts'],['Actives' 'Support'],"['Plant extract derived from the roots of Nymphaea alba, AKA water lily'
 'Contains antioxidant compounds like rutin and quercetin'
 'Helps mitigate pro-aging environmental damage'
 'Also used in hair care applications']",Paula's Choice
Nylon-12 Fluorescent Brightener 230 Salt,Average,[],['Occlusive/Opacifying Agent'],['Support'],"['Reaction of nylon-12 with sulfonic acid' 'Opacifying agent'
 'Adds pearlescence' 'Part of a blend called Lipo' 'Light™ OAP-PVA']",Paula's Choice
Nigella Sativa Seed Oil,Average,[],['Antioxidant' 'Emollient'],['Actives' 'Support'],"['Also known as black cumin seed oil and black caraway seed oil'
 'Contains bioactive ingredient thymoquinone'
 'Antioxidant compounds help curb the effects of environmental stress'
 'May contain skin irritating volatile fragrance compounds']",Paula's Choice
Nettle Extract,Average,['Soothing'],['Plant Extracts'],['Support'],[],Paula's Choice
N-Acetyl-L-Tyrosine,Average,['Anti-Aging' 'Hydration'],['Antioxidant' 'Humectant'],['Actives' 'Support'],[],Paula's Choice
N6-Furfuryladenine,Average,['Anti-Aging'],['Plant Extracts'],['Support'],[],Paula's Choice
Myristic Acid,Average,[],['Cleansing Agent' 'Occlusive/Opacifying Agent'],['Support' 'Utility'],[],Paula's Choice
Mugwort Extract,Average,[],['Plant Extracts'],['Support'],[],Paula's Choice
Mucor Miehei Extract,Average,['Evens Skin Tone' 'Smooths Bumpy Skin'],['Exfoliant'],['Actives'],[],Paula's Choice
Millet Seed Extract,Average,['Hydration'],['Humectant'],['Support'],[],Paula's Choice
Microcitrus Australis Fruit Extract,Average,['Anti-Aging'],['Antioxidant' 'Exfoliant' 'Plant Extracts' 'Irritant'],['Actives' 'Support' 'Risks'],"['Fruit from the Australian round lime' 'Natural source of AHAs'
 'Rich in antioxidant polyphenols' 'Puts skin at risk for irritation']",Paula's Choice
Methyl Dehydroabietate,Average,[],['Preservative' 'Texture Enhancer'],['Utility' 'Sensory'],"['Type of acid isolated from conifer bark'
 'Limited research on its effect on skin' 'Used as an antimicrobial agent'
 'Sometimes used as a viscosity controller']",Paula's Choice
Melaleuca Alternifolia,Average,['Anti-Acne'],['Plant Extracts' 'Antioxidant'],['Actives' 'Support'],[],Paula's Choice
Manganese Violet,Average,[],['Coloring Agent/Pigment'],['Sensory'],[],Paula's Choice
Manganese Gluconate,Average,['Anti-Aging' 'Hydration'],['Humectant' 'Antioxidant'],['Actives' 'Support'],[],Paula's Choice
Malvaceae Extract,Average,[],['Plant Extracts'],['Support'],[],Paula's Choice
Magnesium Gluconate,Average,['Hydration'],['Humectant'],['Support'],"['Magnesium salt of gluconic acid' 'Offers skin-conditioning benefits'
 'Can help improve a smooth skin appearance'
 'Outside of skin care, it’s used as a supplement']",Paula's Choice
Lilium Candidum Bulb Extract,Average,[],['Plant Extracts'],['Support'],[],Paula's Choice
Lauryl Lactate,Average,['Hydration'],['Emollient'],['Support'],[],Paula's Choice
Lagerstroemia Indica Extract,Average,[],['Plant Extracts'],['Support'],[],Paula's Choice
Lactobacillus/Papaya Fruit Ferment Extract,Average,['Anti-Aging'],['Antioxidant' 'Plant Extracts' 'Prebiotic/Probiotic/Postbiotic'],['Actives' 'Support'],"['A form of fermented papaya extract'
 'Offers anti-aging + microbiome support'
 'May deliver some level of exfoliation'
 'Potential for skin irritation (more studies are needed)']",Paula's Choice
Kola Nut,Average,[],['Plant Extracts' 'Antioxidant'],['Actives' 'Support'],[],Paula's Choice
Kigelia Africana Extract,Average,['Soothing'],['Plant Extracts' 'Antioxidant'],['Actives' 'Support'],[],Paula's Choice
Juglans Regia (Walnut) Shell Extract,Average,['Anti-Aging'],['Plant Extracts' 'Antioxidant'],['Actives' 'Support'],[],Paula's Choice
Isopropyl Lauroyl Sarcosinate,Average,[],['Emollient'],['Support'],"['Functions as an emollient'
 'Also helps dissolve ingredients that are not readily soluble'
 'Derived from amino acids'
 'Suggested usage amounts in cosmetics range from 2-10%']",Paula's Choice
Isocetyl Salicylate,Average,['Hydration'],['Humectant'],['Support'],[],Paula's Choice
Isobutane,Average,[],[],[],"['Colorless, odorless gas' 'Used as a propellant for aerosol cans'
 'Considered nontoxic as used in cosmetics'
 'Has Generally Recognized As Safe status as a food ingredient']",Paula's Choice
Incidentals,Average,[],['Solvent' 'Suspending/Dispersing Agent' 'Texture Enhancer'],['Utility' 'Sensory'],"['Refers to ingredients with no measurable effect in a cosmetic or on skin'
 'The lack of efficacy is almost always due to the amount being vanishingly low'
 'Preservatives and de-foaming agents fall into this category'
 'May also refer to ingredients added during processing that do not end up in finished good']",Paula's Choice
Hypericum Perforatum Flower/Leaf/Stem Extract,Average,['Anti-Aging'],['Plant Extracts' 'Antioxidant' 'Irritant'],['Actives' 'Support' 'Risks'],"['Plant extract from St. John’s Wort'
 'Can include multiple parts of the plant'
 'Contains skin-beneficial compounds' 'Poses a photosensitivity risk'
 'Deemed safe by CIR in up to 0.07%']",Paula's Choice
Hortonia Floribunda Leaf Extract,Average,['Hydration'],['Plant Extracts' 'Humectant'],['Support'],[],Paula's Choice
Horsetail Extract,Average,[],['Plant Extracts' 'Antioxidant'],['Actives' 'Support'],[],Paula's Choice
Hibiscus Sabdariffa Fruit Extract,Average,['Hydration'],['Antioxidant' 'Humectant' 'Plant Extracts'],['Actives' 'Support'],"['Fruit from a plant commonly known as roselle' 'Used to make teas'
 'Manufacturers claim it restores hydration'
 'Part of an ingredient blend called Hydrosella']",Paula's Choice
Hibiscus,Average,['Anti-Aging'],['Plant Extracts' 'Antioxidant'],['Actives' 'Support'],[],Paula's Choice
Germaben II,Average,[],['Preservative'],['Utility'],[],Paula's Choice
Gelatin,Average,[],['Texture Enhancer'],['Sensory'],[],Paula's Choice
Fruit Acid,Average,[],['Plant Extracts' 'Irritant'],['Support' 'Risks'],[],Paula's Choice
Flavor,Average,[],['Fragrance: Synthetic and Natural'],['Sensory'],[],Paula's Choice
Fish Cartilage Extract,Average,[],[],[],[],Paula's Choice
Feverfew Extract,Average,[],['Plant Extracts' 'Antioxidant' 'Irritant'],['Actives' 'Support' 'Risks'],[],Paula's Choice
Ferric Ferrocyanide,Average,[],['Coloring Agent/Pigment'],['Sensory'],[],Paula's Choice
Ferric Ammonium Ferrocyanide,Average,[],['Coloring Agent/Pigment'],['Sensory'],[],Paula's Choice
FD&C Colors,Average,[],['Coloring Agent/Pigment'],['Sensory'],[],Paula's Choice
FD&C,Average,[],['Coloring Agent/Pigment'],['Sensory'],[],Paula's Choice
Eyebright,Average,[],['Plant Extracts' 'Irritant' 'Humectant'],['Support' 'Risks'],"['AKA\xa0Euphrasia officinalis' 'Plant-derived extract'
 'Not enough research to support benefits']",Paula's Choice
Ext. D&C,Average,[],['Coloring Agent/Pigment'],['Sensory'],[],Paula's Choice
Euphrasia Officinalis,Average,[],['Plant Extracts' 'Irritant'],['Support' 'Risks'],"['Plant extract also known as eyebright'
 'No studies demonstrating it has any benefit for the skin around the eye area']",Paula's Choice
Ethyl Hexanediol,Average,[],['Solvent' 'Fragrance: Synthetic and Natural'],['Utility' 'Sensory'],[],Paula's Choice
Equisetum Arvense,Average,[],['Plant Extracts' 'Antioxidant'],['Actives' 'Support'],[],Paula's Choice
Elastin,Average,[],['Humectant'],['Support'],"['Animal-sourced fibrous protein that is purified for cosmetic purposes'
 'Cannot penetrate beyond skin’s surface when applied topically'
 'Functions as a skin-conditioning/hair-conditioning ingredient'
 'Practically insoluble and difficult to formulate with']",Paula's Choice
Distearyldimonium Chloride,Average,[],['Cleansing Agent' 'Emulsifier'],['Utility'],"['Cationic surfactant that helps cleanse skin'
 'Assists in stabilizing O/W emulsions'
 'Often used in skin and hair care preparations'
 'Can impart a smooth feel upon skin']",Paula's Choice
Disodium Phosphate,Average,[],['pH Adjuster/Stabilizer'],['Utility'],"['“Behind-the-scenes” ingredient commonly used as a buffering agent/p'
 'H adjuster'
 'Also helps prevent the rusting of metallic materials used in cosmetic packaging'
 'Odorless, yet it can help intensify other fragrance/flavor ingredients Hygroscopic powder (meaning it will absorb moisture from air upon exposure)']",Paula's Choice
Dipeptide Diaminobutyroyl Benzylamide Diacetate,Average,['Anti-Aging'],['Peptides'],['Actives'],"['Considered a neurotransmitter-inhibiting peptide'
 'Also goes by the tradename SYN®-AKETouted as mimicking the activity of snake venom to paralyze muscles that induce wrinkles'
 'More independent studies are needed to validate potential benefits']",Paula's Choice
Diospyros Kaki Fruit Extract,Average,['Anti-Aging'],['Antioxidant' 'Plant Extracts'],['Actives' 'Support'],"['Also known as Japanese persimmon fruit extract'
 'Helps protect skin from environmental stressors that can lead to signs of aging'
 'Contains flavonoids and carotenoids, both antioxidant compounds'
 'Raw persimmon fruit extract has shown evidence of vitamins A and CContains tannins, strong antioxidants with potential skin-sensitizing effects']",Paula's Choice
Dioscorea Villosa Extract,Average,['Hydration'],['Plant Extracts' 'Humectant'],['Support'],[],Paula's Choice
Dilinoleic Acid Propanediol Copolymer,Average,['Hydration'],['Emollient' 'Film-Forming Agent' 'Polymer' 'Texture Enhancer'],['Support' 'Sensory'],"['Emollient, film-former, and viscosity increasing agent'
 'Often used in lip products where it lends a glossy effect + hydrating emollience'
 'May also contribute long wear properties in sunscreen products'
 'Slightly yellow, pourable, odorless liquid in raw material form']",Paula's Choice
Dilinoleic Acid/Butanediol Copolymer,Average,[],['Film-Forming Agent' 'Polymer' 'Texture Enhancer'],['Sensory'],"['Consists of linoleic acid + butanediol' 'Lab synthesized'
 'Texture enhancer and film-forming agent']",Paula's Choice
Diethylhexyl Succinate,Average,['Hydration'],['Emollient' 'Solvent' 'Texture Enhancer'],['Support' 'Utility' 'Sensory'],"['Diester of 2-ethylhexyl alcohol and succinic acid'
 'A well-known texture enhancer that works to keep formulas smooth'
 'Has emollient and skin conditioning properties'
 'Also known as bis(2-ethylhexyl) succinate']",Paula's Choice
Dibutyl Phthalate,Average,[],['Solvent' 'Fragrance: Synthetic and Natural'],['Utility' 'Sensory'],[],Paula's Choice
Deuterium Oxide,Average,[],['Solvent'],['Utility'],[],Paula's Choice
Dehydroepiandrosterone,Average,['Hydration'],['Humectant'],['Support'],[],Paula's Choice
Decapeptide-4,Average,['Anti-Aging'],['Peptides'],['Actives'],"['Peptide made up of amino acids/antioxidants'
 'Commonly found in anti-aging products'
 'Likely to offer skin restoration but needs more research'
 'Claims around hair growth have not been proven']",Paula's Choice
Daucus Carota,Average,['Anti-Aging'],['Plant Extracts' 'Irritant' 'Antioxidant'],['Actives' 'Support' 'Risks'],"['Also known as wild carrot'
 'Plant species that’s a source of numerous skin care ingredients'
 'Helps protect skin from pro-aging agents like pollution and UV rays'
 'Some Daucus carota ingredients contain sensitizing volatile aromatic compounds']",Paula's Choice
D&C Colors,Average,[],['Coloring Agent/Pigment'],['Sensory'],[],Paula's Choice
D&C,Average,[],['Coloring Agent/Pigment'],['Sensory'],[],Paula's Choice
Crataegus Monogyna Extract,Average,['Anti-Aging'],['Plant Extracts' 'Antioxidant'],['Actives' 'Support'],[],Paula's Choice
Cranberry Seed Extract,Average,['Anti-Aging'],['Plant Extracts' 'Antioxidant' 'Exfoliant'],['Actives' 'Support'],"['Natural extract from cranberry seeds'
 'Contains skin-beneficial antioxidants'
 'May be used as exfoliating scrub particles'
 'Also goes by Vaccinium macrocarpon (cranberry) seed']",Paula's Choice
Coumarin,Average,['Anti-Aging'],['Plant Extracts' 'Antioxidant'],['Actives' 'Support'],[],Paula's Choice
Coriander,Average,['Anti-Aging'],['Plant Extracts' 'Fragrance: Synthetic and Natural' 'Antioxidant'],['Actives' 'Support' 'Sensory'],[],Paula's Choice
Copper Sulfate,Average,[],['Irritant'],['Risks'],[],Paula's Choice
Copaifera Officinalis,Average,[],['Fragrance: Synthetic and Natural' 'Irritant' 'Plant Extracts'],['Support' 'Sensory' 'Risks'],"['Type of flowering plant native to South America'
 'Can have emollient, antimicrobial, and anti-inflammatory properties'
 'Long used in traditional medicine'
 'Used in wound healing in clinical settings'
 'Contains volatiles terpenoids that can irritate skin']",Paula's Choice
Cola Acuminata Seed Extract,Average,[],['Plant Extracts' 'Antioxidant' 'Irritant'],['Actives' 'Support' 'Risks'],[],Paula's Choice
Clary Sage,Average,['Anti-Aging'],['Plant Extracts' 'Antioxidant'],['Actives' 'Support'],[],Paula's Choice
Citrus Unshiu Peel Extract,Average,[],['Plant Extracts' 'Fragrance: Synthetic and Natural' 'Antioxidant'],['Actives' 'Support' 'Sensory'],[],Paula's Choice
Citrus Unshiu,Average,[],['Plant Extracts' 'Fragrance: Synthetic and Natural' 'Antioxidant'],['Actives' 'Support' 'Sensory'],[],Paula's Choice
Citrus Nobilis Fruit Extract,Average,['Hydration'],['Antioxidant' 'Irritant' 'Plant Extracts'],['Actives' 'Support' 'Risks'],"['Fruit from the Mandarin orange' 'Skin conditioning ingredient'
 'Also a masking agent' 'Ruled safe as used in cosmetics']",Paula's Choice
Citrus Glauca Fruit Extract,Average,['Anti-Aging' 'Hydration'],['Antioxidant' 'Plant Extracts' 'Irritant'],['Actives' 'Support' 'Risks'],"['Fruit from the desert lime' 'Used as an anti-static'
 'Also a skin conditioning ingredient' 'Rich in antioxidants'
 'Potential skin irritant']",Paula's Choice
Cinnamomum Zeylanicum Bark Extract,Average,['Anti-Aging' 'Evens Skin Tone'],"['Antioxidant' 'Antibacterial' 'Fragrance: Synthetic and Natural'
 'Plant Extracts' 'Irritant']",['Actives' 'Support' 'Sensory' 'Risks'],"['From the “true” cinnamon tree'
 'Has antioxidant + antimicrobial properties'
 'Contains compounds that cause irritation']",Paula's Choice
Chrysanthemum Parthenium (Feverfew) Extract,Average,[],['Plant Extracts' 'Antioxidant'],['Actives' 'Support'],[],Paula's Choice
Chromium Oxide Greens,Average,[],['Coloring Agent/Pigment'],['Sensory'],[],Paula's Choice
Chromium Oxide Green,Average,[],['Coloring Agent/Pigment'],['Sensory'],[],Paula's Choice
Chromium Hydroxide Green,Average,[],['Coloring Agent/Pigment'],['Sensory'],[],Paula's Choice
Cetrimonium Chloride,Average,[],['Cleansing Agent' 'Emulsifier' 'Preservative'],['Utility'],"['Quaternary ammonium salt that serves multiple functions in personal care products'
 'Works as surfactant/emulsifier that cleanses skin by mixing water with dirt and oil to be rinsed away'
 'Popular in hair care for conditioning, anti-frizz, anti-static, and detangling benefits'
 'Contributes preservative benefits and may be used to inhibit unwanted odors'
 'Deemed safe up to 10% in rinse-off products (lower amounts recommended for leave-on products)']",Paula's Choice
Ceresin,Average,[],['Texture Enhancer'],['Sensory'],[],Paula's Choice
Carmine,Average,[],['Coloring Agent/Pigment' 'Plant Extracts'],['Support' 'Sensory'],[],Paula's Choice
Carica Papaya Leaf Extract,Average,['Anti-Aging'],['Antioxidant' 'Plant Extracts'],['Actives' 'Support'],"['Plant extract derived from the leaf of the Carica papaya plant'
 'Antioxidant properties help curb the aging effects of environmental stress'
 'Helps skin maintain a youthful appearance'
 'Is a source of skin-irritating tannins']",Paula's Choice
Caramel,Average,[],['Coloring Agent/Pigment'],['Sensory'],[],Paula's Choice
Capsicum,Average,[],['Irritant' 'Plant Extracts'],['Support' 'Risks'],[],Paula's Choice
Cananga Odorata Flower Extract,Average,[],"['Fragrance: Synthetic and Natural' 'Irritant' 'Plant Extracts'
 'Antioxidant']",['Actives' 'Support' 'Sensory' 'Risks'],"['Flower extract from a tree better known as ylang-ylang'
 'One of the most-used materials in perfuming'
 'Can have antioxidant and anti-inflammatory benefits'
 'Oil from this flower is highly volatile'
 'Oil contains sensitizing aromatic compounds']",Paula's Choice
Cananga Odorata,Average,[],"['Fragrance: Synthetic and Natural' 'Plant Extracts' 'Irritant'
 'Antioxidant']",['Actives' 'Support' 'Sensory' 'Risks'],[],Paula's Choice
Calcite,Average,[],['Coloring Agent/Pigment' 'Texture Enhancer'],['Sensory'],"['Most common form of calcium carbonate'
 'Used in its powdered form in cosmetics' 'Functions as a makeup pigment'
 'Also used as a texture enhancer']",Paula's Choice
Calamine,Average,[],['Irritant' 'Absorbent' 'Occlusive/Opacifying Agent'],['Support' 'Sensory' 'Risks'],"['Solution that includes zinc oxide and iron oxide'
 'Used as an absorbent and skin soothing treatment'
 'Can have short-term benefits for skin conditions'
 'Long-term use can result in dryness, irritation, and barrier damage']",Paula's Choice
Caffeine,Average,['Anti-Aging'],['Antioxidant' 'Plant Extracts'],['Actives' 'Support'],[],Paula's Choice
C11-15 Alkane/Cycloalkane,Average,[],['Emollient' 'Solvent'],['Support' 'Utility'],"['Functions as a solvent' 'Improves formulas’ textures'
 'Mixture of alkanes']",Paula's Choice
Bupleurum Falcatum Root Extract,Average,[],['Plant Extracts' 'Antioxidant'],['Actives' 'Support'],[],Paula's Choice
Bronze Powder,Average,[],['Coloring Agent/Pigment'],['Sensory'],[],Paula's Choice
Botanicals,Average,[],['Plant Extracts' 'Antioxidant' 'Fragrance: Synthetic and Natural'],['Actives' 'Support' 'Sensory'],[],Paula's Choice
Boswellia Serrata Extract,Average,[],['Plant Extracts' 'Fragrance: Synthetic and Natural' 'Antioxidant'],['Actives' 'Support' 'Sensory'],[],Paula's Choice
Blue 1 Lake,Average,[],['Coloring Agent/Pigment'],['Sensory'],[],Paula's Choice
Blue 1,Average,[],['Coloring Agent/Pigment'],['Sensory'],"['Synthetic pigment used to add color to makeup, food products, and skin care'
 'Ruled safe in its current use']",Paula's Choice
Bismuth Oxychloride,Average,[],['Coloring Agent/Pigment' 'Absorbent'],['Sensory'],[],Paula's Choice
Biotin,Average,['Anti-Aging' 'Hydration'],[],[],[],Paula's Choice
Betula Alba Leaf Extract,Average,['Anti-Aging'],['Plant Extracts' 'Antioxidant'],['Actives' 'Support'],[],Paula's Choice
Benzyl Alcohol,Average,[],['Preservative' 'Solvent' 'Texture Enhancer'],['Utility' 'Sensory'],"['An organic alcohol that can be found naturally in some fruits'
 'Serves chiefly as a preservative in cosmetics products'
 'Considered one of the least sensitizing preservatives in use'
 'Deemed safe for use in concentrations up to 5%']",Paula's Choice
Benzalkonium Chloride,Average,[],['Cleansing Agent' 'Preservative'],['Utility'],[],Paula's Choice
Bellis Perennis,Average,['Anti-Aging' 'Evens Skin Tone'],['Antioxidant' 'Plant Extracts'],['Actives' 'Support'],"['Plant ingredient also known as daisy extract'
 'Helps protect skin from pro-aging damage'
 'Might firm and promote an even skin tone'
 'Can contain skin-sensitizing components']",Paula's Choice
Belamcanda Chinensis Root Extract,Average,['Soothing'],['Plant Extracts'],['Support'],"['Plant-extract from the Belamcanda chinensis plant, AKA Iris domestica, leopard lily and blackberry lily'
 'Has skin-soothing properties that help calm skin'
 'Used in traditional medicinal practices in Eastern Asian countries'
 'Currently, there’s limited research on the impact of this ingredient']",Paula's Choice
Azuki Beans,Average,[],['Cleansing Agent' 'Plant Extracts' 'Irritant'],['Support' 'Utility' 'Risks'],[],Paula's Choice
Atractyloydes Lancea Root Extract,Average,['Anti-Aging' 'Soothing'],['Antioxidant' 'Plant Extracts'],['Actives' 'Support'],[],Paula's Choice
Artemisia Vulgaris,Average,[],['Plant Extracts' 'Antioxidant'],['Actives' 'Support'],[],Paula's Choice
Artemisia Absinthium Extract,Average,['Anti-Aging'],['Plant Extracts' 'Antioxidant'],['Actives' 'Support'],[],Paula's Choice
Arrowroot,Average,[],['Texture Enhancer' 'Plant Extracts'],['Support' 'Sensory'],[],Paula's Choice
Aroma/Flavor,Average,[],['Fragrance: Synthetic and Natural'],['Sensory'],[],Paula's Choice
Angelica Polymorpha Sinensis Root Extract,Average,['Anti-Aging' 'Soothing'],['Irritant' 'Plant Extracts' 'Antioxidant'],['Actives' 'Support' 'Risks'],"['Herb frequently used in Chinese, Japanese, and Korean traditional medicine'
 'Primarily used to treat internal issues'
 'Contains antioxidants, polyphenols, and phytoestrogens'
 'Also contains compounds that can cause rash when exposed to sunlight'
 'Other names include dong quai root extract']",Paula's Choice
Ammonium Polyacrylate,Average,[],['Film-Forming Agent' 'Suspending/Dispersing Agent' 'Texture Enhancer'],['Sensory'],"['Primarily categorized as an emulsion stabilizer and film-forming ingredient'
 'May also be used as a dispersing agent, emulsifier, and thickener'
 'Used in a wide range of products including facial masks, makeup, hairspray, and nail care'
 'Deemed safe by the Cosmetic Ingredient Review Expert Panel']",Paula's Choice
Ammonium Hydroxide,Average,[],['pH Adjuster/Stabilizer'],['Utility'],[],Paula's Choice
Ammonium Chloride,Average,[],['pH Adjuster/Stabilizer' 'Absorbent' 'Emulsifier' 'Texture Enhancer'],['Utility' 'Sensory'],"['Used to increase cosmetic products’ viscosity'
 'Also used commercially as a dough strengthener'
 'Can cause skin sensitivity' 'White crystalline solid in its raw form']",Paula's Choice
Amber Powder,Average,[],['Absorbent'],['Sensory'],"['Powder made from the fossilized resin of trees'
 'Can be used as a mild physical exfoliant'
 'Also used as a bulking and thickening agent'
 'Not a significant source of antioxidants']",Paula's Choice
Aluminum Sulfate,Average,[],['Absorbent' 'Irritant'],['Sensory' 'Risks'],"['Salt of aluminum' 'Used as a food additive and medical anticoagulant'
 'Frequently used in deodorant as an absorbent' 'Also an astringent'
 'Can cause skin sensitivity']",Paula's Choice
Aluminum Silicate,Average,['Oil Control'],['Absorbent'],['Sensory'],[],Paula's Choice
Alumina,Average,['Oil Control'],['Absorbent' 'Texture Enhancer'],['Sensory'],"['Naturally occurring mineral also called aluminum oxide'
 'Used as an abrasive, thickener, and absorbent in cosmetics'
 'Also functions as a coating agent for some powders, such as titanium dioxide'
 'Determined safe as used in cosmetics and medications'
 'The primary component of rubies, emeralds, and sapphires']",Paula's Choice
Allium Sativum Garlic Bulb Extract,Average,['Anti-Aging'],['Antioxidant' 'Plant Extracts'],['Actives' 'Support'],"['Touted as a skin conditioning agent'
 'Backed by research for antifungal properties'
 'Natural source of antioxidants and peptides'
 'More research is needed to conclusively comment on irritation potential']",Paula's Choice
Agave Rigida Extract,Good,[],"['Plant Extracts', 'Antioxidant']","['Support', 'Actives']",[],Pattern
Magnolia Acuminata Bark Extract,Good,[],"['Plant Extracts', 'Antioxidant']","['Support', 'Actives']",[],Pattern
Citrus Aurantium Bergamia Peel Oil,Bad,[],"['Fragrance: Synthetic and Natural', 'Irritant', 'Plant Extracts']","['Sensory', 'Risks', 'Support']",[],Pattern
Embelia Concinna Leaf Extract,Good,[],"['Plant Extracts', 'Antioxidant']","['Support', 'Actives']",[],Pattern
Bambusa Arundinacea Stem Extract,Good,[],"['Plant Extracts', 'Antioxidant']","['Support', 'Actives']",[],Pattern
Coenochloris Signiensis Extract,Good,[],"['Plant Extracts', 'Antioxidant']","['Support', 'Actives']",[],Pattern
Citrus Reticulata Fruit Extract,Good,[],"['Plant Extracts', 'Antioxidant']","['Support', 'Actives']",[],Pattern
Rosa Canina Seed Extract 8.59%,Good,[],"['Plant Extracts', 'Antioxidant']","['Support', 'Actives']",[],Pattern
Lithospermum Officinale Root Extract,Good,[],"['Plant Extracts', 'Antioxidant']","['Support', 'Actives']",[],Pattern
Camellia Sinensis Callus Culture Extract,Good,[],"['Plant Extracts', 'Antioxidant']","['Support', 'Actives']",[],Pattern
Kunzea Pomifera Fruit Extract,Good,[],"['Plant Extracts', 'Antioxidant']","['Support', 'Actives']",[],Pattern
Barosma Betulina Leaf Extract,Good,[],"['Plant Extracts', 'Antioxidant']","['Support', 'Actives']",[],Pattern
Hydrolyzed Trigonella Foenum-Graecum Seed Extract,Good,[],"['Plant Extracts', 'Antioxidant']","['Support', 'Actives']",[],Pattern
Citrus Australasica Fruit Extract,Good,[],"['Plant Extracts', 'Antioxidant']","['Support', 'Actives']",[],Pattern
Citrus Tangerina Extract,Good,[],"['Plant Extracts', 'Antioxidant']","['Support', 'Actives']",[],Pattern
Rubus Ellipticus Root Extract,Good,[],"['Plant Extracts', 'Antioxidant']","['Support', 'Actives']",[],Pattern
Saponaria Officinalis Leaf/Root Extract,Good,[],"['Plant Extracts', 'Antioxidant']","['Support', 'Actives']",[],Pattern
Melia Azadirachta Branch/Leaf Extract,Good,[],"['Plant Extracts', 'Antioxidant']","['Support', 'Actives']",[],Pattern
Citrus Nobilis Peel Oil Expressed,Bad,[],"['Fragrance: Synthetic and Natural', 'Irritant', 'Plant Extracts']","['Sensory', 'Risks', 'Support']",[],Pattern
Lactobacillus/Lemon Peel Ferment Extract,Good,[],"['Plant Extracts', 'Antioxidant']","['Support', 'Actives']",[],Pattern
Crithmum Maritimum Extract,Good,[],"['Plant Extracts', 'Antioxidant']","['Support', 'Actives']",[],Pattern
Citrullus Lanatus Seed Extract,Good,[],"['Plant Extracts', 'Antioxidant']","['Support', 'Actives']",[],Pattern
Cuscuta Australis Seed Extract,Good,[],"['Plant Extracts', 'Antioxidant']","['Support', 'Actives']",[],Pattern
Alkanna Tinctoria Root Extract,Good,[],"['Plant Extracts', 'Antioxidant']","['Support', 'Actives']",[],Pattern
Indigofera Tinctoria Extract,Good,[],"['Plant Extracts', 'Antioxidant']","['Support', 'Actives']",[],Pattern
Cannabis Sativa Flower Extract,Good,[],"['Plant Extracts', 'Antioxidant']","['Support', 'Actives']",[],Pattern
Physalis Alkekengi Fruit Extract,Good,[],"['Plant Extracts', 'Antioxidant']","['Support', 'Actives']",[],Pattern
Rosmarinus Officinalis Leaf Water,Good,"['Hydration', 'Soothing']","['Humectant', 'Plant Extracts', 'Antioxidant']","['Support', 'Actives']",[],Pattern
Cestrum Latifolium Leaf Extract,Good,[],"['Plant Extracts', 'Antioxidant']","['Support', 'Actives']",[],Pattern
Pichia Anomala Extract,Good,[],"['Plant Extracts', 'Antioxidant']","['Support', 'Actives']",[],Pattern
Citrus Paradisi Seed Extract,Good,[],"['Plant Extracts', 'Antioxidant']","['Support', 'Actives']",[],Pattern
Olea Europaea Fruit Extract,Good,[],"['Plant Extracts', 'Antioxidant']","['Support', 'Actives']",[],Pattern
Coffea Robusta Seed Extract,Good,[],"['Plant Extracts', 'Antioxidant']","['Support', 'Actives']",[],Pattern
Aster Tripolium Extract,Good,[],"['Plant Extracts', 'Antioxidant']","['Support', 'Actives']",[],Pattern
Chlamydomonas Reinhardtii Extract,Good,[],"['Plant Extracts', 'Antioxidant']","['Support', 'Actives']",[],Pattern
Aphanizomenon Flos-Aquae Extract,Good,[],"['Plant Extracts', 'Antioxidant']","['Support', 'Actives']",[],Pattern
Aronia Arbutifolia Extract,Good,[],"['Plant Extracts', 'Antioxidant']","['Support', 'Actives']",[],Pattern
Alchemilla Vulgaris Flower/Leaf/Stem Extract,Good,[],"['Plant Extracts', 'Antioxidant']","['Support', 'Actives']",[],Pattern
Cocoa Butter Peg-8 Esters,Good,['Hydration'],['Emollient'],['Support'],[],Pattern
Tetraselmis Chui Extract,Good,[],"['Plant Extracts', 'Antioxidant']","['Support', 'Actives']",[],Pattern
Prunus Mume Fruit Water 74%,Good,"['Hydration', 'Soothing']","['Humectant', 'Plant Extracts', 'Antioxidant']","['Support', 'Actives']",[],Pattern
Macadamia Integrifolia/Tetraphylla Seed Oil,Good,['Hydration'],"['Emollient', 'Plant Extracts']",['Support'],[],Pattern
Thymus Vulgaris Leaf Water,Good,"['Hydration', 'Soothing']","['Humectant', 'Plant Extracts', 'Antioxidant']","['Support', 'Actives']",[],Pattern
Pueraria Tuberosa Leaf Cell Extract,Good,[],"['Plant Extracts', 'Antioxidant']","['Support', 'Actives']",[],Pattern
Zingiber Officinale Root Extract,Good,[],"['Plant Extracts', 'Antioxidant']","['Support', 'Actives']",[],Pattern
Quercus Robur Wood Extract,Good,[],"['Plant Extracts', 'Antioxidant']","['Support', 'Actives']",[],Pattern
Citrus Limon Leaf Cell Extract,Good,[],"['Plant Extracts', 'Antioxidant']","['Support', 'Actives']",[],Pattern
Centella Asiatica Extract 92.6%,Good,[],"['Plant Extracts', 'Antioxidant']","['Support', 'Actives']",[],Pattern
Mentha Aquatica Extract,Good,[],"['Plant Extracts', 'Antioxidant']","['Support', 'Actives']",[],Pattern
Turtle Extract,Good,[],"['Plant Extracts', 'Antioxidant']","['Support', 'Actives']",[],Pattern
Lupinus Albus Seed Oil,Good,['Hydration'],"['Emollient', 'Plant Extracts']",['Support'],[],Pattern
Eucalyptus Globulus Leaf Extract,Good,[],"['Plant Extracts', 'Antioxidant']","['Support', 'Actives']",[],Pattern
Helichrysum Arenarium Flower Extract,Good,[],"['Plant Extracts', 'Antioxidant']","['Support', 'Actives']",[],Pattern
Prunus Armeniaca Fruit Extract 31.27%,Good,[],"['Plant Extracts', 'Antioxidant']","['Support', 'Actives']",[],Pattern
Melaleuca Viridiflora Leaf Oil,Bad,[],"['Fragrance: Synthetic and Natural', 'Irritant', 'Plant Extracts']","['Sensory', 'Risks', 'Support']",[],Pattern
Sarcodon Aspratus Extract,Good,[],"['Plant Extracts', 'Antioxidant']","['Support', 'Actives']",[],Pattern
Zea Mays Silk Extract,Good,[],"['Plant Extracts', 'Antioxidant']","['Support', 'Actives']",[],Pattern
Asparagus Lucidus Root Extract,Good,[],"['Plant Extracts', 'Antioxidant']","['Support', 'Actives']",[],Pattern
Cassia Obtusifolia Seed Extract,Good,[],"['Plant Extracts', 'Antioxidant']","['Support', 'Actives']",[],Pattern
Amaranthus Caudatus Extract,Good,[],"['Plant Extracts', 'Antioxidant']","['Support', 'Actives']",[],Pattern
Kjellmaniella Crassifolia Extract,Good,[],"['Plant Extracts', 'Antioxidant']","['Support', 'Actives']",[],Pattern
Brassica Campestris Extract,Good,[],"['Plant Extracts', 'Antioxidant']","['Support', 'Actives']",[],Pattern
Gossypium Herbaceum Fruit Water,Good,"['Hydration', 'Soothing']","['Humectant', 'Plant Extracts', 'Antioxidant']","['Support', 'Actives']",[],Pattern
Bourbon Extract,Good,[],"['Plant Extracts', 'Antioxidant']","['Support', 'Actives']",[],Pattern
Calodendrum Capense Nut Oil,Good,['Hydration'],"['Emollient', 'Plant Extracts']",['Support'],[],Pattern
Waltheria Indica Leaf Extract,Good,[],"['Plant Extracts', 'Antioxidant']","['Support', 'Actives']",[],Pattern
Citrus Australasica Seed Oil,Good,['Hydration'],"['Emollient', 'Plant Extracts']",['Support'],[],Pattern
Morinda Citrifolia Leaf Extract,Good,[],"['Plant Extracts', 'Antioxidant']","['Support', 'Actives']",[],Pattern
Litchi Chinensis Pericarp Extract,Good,[],"['Plant Extracts', 'Antioxidant']","['Support', 'Actives']",[],Pattern
Nigella Sativa Seed Extract,Good,[],"['Plant Extracts', 'Antioxidant']","['Support', 'Actives']",[],Pattern
Hamamelis Virginiana Bark/Twig Extract,Good,[],"['Plant Extracts', 'Antioxidant']","['Support', 'Actives']",[],Pattern
Ci 73360,Average,[],['Coloring Agent/Pigment'],['Sensory'],[],Pattern
Clitoria Ternatea Flower Extract,Good,[],"['Plant Extracts', 'Antioxidant']","['Support', 'Actives']",[],Pattern
Melissa Officinalis Seed Oil,Good,['Hydration'],"['Emollient', 'Plant Extracts']",['Support'],[],Pattern
Centaurea Cyanus Flower Water 9%,Good,"['Hydration', 'Soothing']","['Humectant', 'Plant Extracts', 'Antioxidant']","['Support', 'Actives']",[],Pattern
Alpha-Isomethyl Ionone,Bad,[],"['Fragrance: Synthetic and Natural', 'Irritant']","['Sensory', 'Risks']",['EU list of 26 fragrance allergens requiring labeling'],EU 26
Typha Angustifolia Spike Extract,Good,[],"['Plant Extracts', 'Antioxidant']","['Support', 'Actives']",[],Pattern
Glycyrrhiza Uralensis Root Extract 58%,Good,[],"['Plant Extracts', 'Antioxidant']","['Support', 'Actives']",[],Pattern
Elaeis Guineensis Kernel Oil,Good,['Hydration'],"['Emollient', 'Plant Extracts']",['Support'],[],Pattern
Echinacea Angustifolia Extract,Good,[],"['Plant Extracts', 'Antioxidant']","['Support', 'Actives']",[],Pattern
Rosa Damascena Leaf Cell Extract,Good,[],"['Plant Extracts', 'Antioxidant']","['Support', 'Actives']",[],Pattern
Hydrolyzed Hibiscus Esculentus Extract,Good,[],"['Plant Extracts', 'Antioxidant']","['Support', 'Actives']",[],Pattern
Saccharomyces Lysate Extract,Good,[],"['Plant Extracts', 'Antioxidant']","['Support', 'Actives']",[],Pattern
Tremella Fuciformis Extract 20%,Good,[],"['Plant Extracts', 'Antioxidant']","['Support', 'Actives']",[],Pattern
Cinnamomum Camphora Leaf Extract,Good,[],"['Plant Extracts', 'Antioxidant']","['Support', 'Actives']",[],Pattern
Silk Extract,Good,[],"['Plant Extracts', 'Antioxidant']","['Support', 'Actives']",[],Pattern
Codonopsis Lanceolata Root Extract,Good,[],"['Plant Extracts', 'Antioxidant']","['Support', 'Actives']",[],Pattern
Camellia Sinensis Seed Extract,Good,[],"['Plant Extracts', 'Antioxidant']","['Support', 'Actives']",[],Pattern
Lavandula Angustifolia Extract 20%,Good,[],"['Plant Extracts', 'Antioxidant']","['Support', 'Actives']",[],Pattern
Bellis Perennis Flower/Helichrysum Italicum Extract,Good,[],"['Plant Extracts', 'Antioxidant']","['Support', 'Actives']",[],Pattern
Plumeria Alba Flower Extract,Good,[],"['Plant Extracts', 'Antioxidant']","['Support', 'Actives']",[],Pattern
Garcinia Mangostana Bark Extract,Good,[],"['Plant Extracts', 'Antioxidant']","['Support', 'Actives']",[],Pattern
Pinus Koraiensis Seed Oil,Good,['Hydration'],"['Emollient', 'Plant Extracts']",['Support'],[],Pattern
Iris Versicolor Extract,Good,[],"['Plant Extracts', 'Antioxidant']","['Support', 'Actives']",[],Pattern
Prunus Speciosa Leaf Extract,Good,[],"['Plant Extracts', 'Antioxidant']","['Support', 'Actives']",[],Pattern
Kappaphycus Alvarezii Extract,Good,[],"['Plant Extracts', 'Antioxidant']","['Support', 'Actives']",[],Pattern
Verbena Officinalis Flower Extract,Good,[],"['Plant Extracts', 'Antioxidant']","['Support', 'Actives']",[],Pattern
Hedera Helix Leaf/Stem Extract,Good,[],"['Plant Extracts', 'Antioxidant']","['Support', 'Actives']",[],Pattern
Helianthus Annuus Petal Extract,Good,[],"['Plant Extracts', 'Antioxidant']","['Support', 'Actives']",[],Pattern
Nephelium Lappaceum Leaf Extract,Good,[],"['Plant Extracts', 'Antioxidant']","['Support', 'Actives']",[],Pattern
Cassia Italica Leaf Extract,Good,[],"['Plant Extracts', 'Antioxidant']","['Support', 'Actives']",[],Pattern
Juniperus Chinensis Xylem Extract,Good,[],"['Plant Extracts', 'Antioxidant']","['Support', 'Actives']",[],Pattern
Dioscorea Batatas Root Extract,Good,[],"['Plant Extracts', 'Antioxidant']","['Support', 'Actives']",[],Pattern
Corydalis Ochotensis Extract,Good,[],"['Plant Extracts', 'Antioxidant']","['Support', 'Actives']",[],Pattern
Gelidium Amansii Extract,Good,[],"['Plant Extracts', 'Antioxidant']","['Support', 'Actives']",[],Pattern
Eriophorum Spissum Flower/Stem Extract,Good,[],"['Plant Extracts', 'Antioxidant']","['Support', 'Actives']",[],Pattern
Prunella Vulgaris Extract,Good,[],"['Plant Extracts', 'Antioxidant']","['Support', 'Actives']",[],Pattern
Zymomonas Ferment Extract,Good,[],"['Plant Extracts', 'Antioxidant']","['Support', 'Actives']",[],Pattern
Anoectochilus Formosanus Cell Culture Extract,Good,[],"['Plant Extracts', 'Antioxidant']","['Support', 'Actives']",[],Pattern
Veronica Officinalis Flower/Leaf/Stem Extract,Good,[],"['Plant Extracts', 'Antioxidant']","['Support', 'Actives']",[],Pattern
Vitex Trifolia Fruit Extract,Good,[],"['Plant Extracts', 'Antioxidant']","['Support', 'Actives']",[],Pattern
Aloe Barbadensis Leaf Water 80%,Good,"['Hydration', 'Soothing']","['Humectant', 'Plant Extracts', 'Antioxidant']","['Support', 'Actives']",[],Pattern
Frog Fat Extract,Good,[],"['Plant Extracts', 'Antioxidant']","['Support', 'Actives']",[],Pattern
Eriobotrya Japonica Leaf Extract,Good,[],"['Plant Extracts', 'Antioxidant']","['Support', 'Actives']",[],Pattern
Perilla Frutescens Leaf Extract,Good,[],"['Plant Extracts', 'Antioxidant']","['Support', 'Actives']",[],Pattern
Polypodium Vulgare Rhizome Extract,Good,[],"['Plant Extracts', 'Antioxidant']","['Support', 'Actives']",[],Pattern
Vaccinium Angustifolium Fruit Extract,Good,[],"['Plant Extracts', 'Antioxidant']","['Support', 'Actives']",[],Pattern
Borago Officinalis Extract,Good,[],"['Plant Extracts', 'Antioxidant']","['Support', 'Actives']",[],Pattern
Verbena Officinalis Extract,Good,[],"['Plant Extracts', 'Antioxidant']","['Support', 'Actives']",[],Pattern
Boswellia Serrata Resin Extract,Good,[],"['Plant Extracts', 'Antioxidant']","['Support', 'Actives']",[],Pattern
Heterotheca Inuloides Flower Extract,Good,[],"['Plant Extracts', 'Antioxidant']","['Support', 'Actives']",[],Pattern
Caulerpa Lentillifera Extract 10%,Good,[],"['Plant Extracts', 'Antioxidant']","['Support', 'Actives']",[],Pattern
Coriandrum Sativum Fruit/Leaf Extract,Good,[],"['Plant Extracts', 'Antioxidant']","['Support', 'Actives']",[],Pattern
Sclerocarya Birrea Seed Oil Peg-8 Esters,Good,['Hydration'],"['Emollient', 'Plant Extracts']",['Support'],[],Pattern
Collagen Extract 79%,Good,[],"['Plant Extracts', 'Antioxidant']","['Support', 'Actives']",[],Pattern
Chenopodium Album Flower Extract,Good,[],"['Plant Extracts', 'Antioxidant']","['Support', 'Actives']",[],Pattern
Saussurea Involucrata Callus Extract,Good,[],"['Plant Extracts', 'Antioxidant']","['Support', 'Actives']",[],Pattern
Ilex Guayusa Leaf Extract,Good,[],"['Plant Extracts', 'Antioxidant']","['Support', 'Actives']",[],Pattern
Ligustrum Lucidum Seed Extract,Good,[],"['Plant Extracts', 'Antioxidant']","['Support', 'Actives']",[],Pattern
Kalanchoe Spathulata Extract,Good,[],"['Plant Extracts', 'Antioxidant']","['Support', 'Actives']",[],Pattern
Citrus Paradisi Peel Oil,Bad,[],"['Fragrance: Synthetic and Natural', 'Irritant', 'Plant Extracts']","['Sensory', 'Risks', 'Support']",[],Pattern
Mentha Suaveolens Leaf Extract,Good,[],"['Plant Extracts', 'Antioxidant']","['Support', 'Actives']",[],Pattern
Malva Sylvestris Flower/Leaf/Stem Extract,Good,[],"['Plant Extracts', 'Antioxidant']","['Support', 'Actives']",[],Pattern
Cydonia Oblonga Leaf Extract,Good,[],"['Plant Extracts', 'Antioxidant']","['Support', 'Actives']",[],Pattern
Lavandula Stoechas Extract,Good,[],"['Plant Extracts', 'Antioxidant']","['Support', 'Actives']",[],Pattern
Dipteryx Odorata Seed Extract,Good,[],"['Plant Extracts', 'Antioxidant']","['Support', 'Actives']",[],Pattern
Hydrogenated Palm Kernel Oil,Good,['Hydration'],"['Emollient', 'Plant Extracts']",['Support'],[],Pattern
Acorus Gramineus Extract,Good,[],"['Plant Extracts', 'Antioxidant']","['Support', 'Actives']",[],Pattern
Sparassis Crispa Extract 3.51%,Good,[],"['Plant Extracts', 'Antioxidant']","['Support', 'Actives']",[],Pattern
Triticum Aestivum Leaf Extract,Good,[],"['Plant Extracts', 'Antioxidant']","['Support', 'Actives']",[],Pattern
Wine Extract,Good,[],"['Plant Extracts', 'Antioxidant']","['Support', 'Actives']",[],Pattern
Dioscorea Villosa Root Extract 68.5%,Good,[],"['Plant Extracts', 'Antioxidant']","['Support', 'Actives']",[],Pattern
Vernonia Appendiculata Leaf Extract,Good,[],"['Plant Extracts', 'Antioxidant']","['Support', 'Actives']",[],Pattern
Cucumis Sativus Seed Extract,Good,[],"['Plant Extracts', 'Antioxidant']","['Support', 'Actives']",[],Pattern
Sus Extract,Good,[],"['Plant Extracts', 'Antioxidant']","['Support', 'Actives']",[],Pattern
Sargassum Fulvellum Extract,Good,[],"['Plant Extracts', 'Antioxidant']","['Support', 'Actives']",[],Pattern
Citrus Reticulata Leaf Oil,Bad,[],"['Fragrance: Synthetic and Natural', 'Irritant', 'Plant Extracts']","['Sensory', 'Risks', 'Support']",[],Pattern
Mitracarpus Scaber Extract,Good,[],"['Plant Extracts', 'Antioxidant']","['Support', 'Actives']",[],Pattern
Geranium Sibiricum Extract,Good,[],"['Plant Extracts', 'Antioxidant']","['Support', 'Actives']",[],Pattern
Curcuma Wenyujin/Curcuma Kwangsiensis Rhizome Extract,Good,[],"['Plant Extracts', 'Antioxidant']","['Support', 'Actives']",[],Pattern
Velvet Extract,Good,[],"['Plant Extracts', 'Antioxidant']","['Support', 'Actives']",[],Pattern
Opuntia Ficus-Indica Fruit Extract,Good,[],"['Plant Extracts', 'Antioxidant']","['Support', 'Actives']",[],Pattern
Rubus Suavissimus Leaf Extract,Good,[],"['Plant Extracts', 'Antioxidant']","['Support', 'Actives']",[],Pattern
Hierochloe Odorata Extract,Good,[],"['Plant Extracts', 'Antioxidant']","['Support', 'Actives']",[],Pattern
Hyacinthus Orientalis Extract,Good,[],"['Plant Extracts', 'Antioxidant']","['Support', 'Actives']",[],Pattern
Mentha Spicata Flower/Leaf/Stem Extract,Good,[],"['Plant Extracts', 'Antioxidant']","['Support', 'Actives']",[],Pattern
Citrus Medica Fruit Juice Extract,Good,[],"['Plant Extracts', 'Antioxidant']","['Support', 'Actives']",[],Pattern
Galium Aparine Extract,Good,[],"['Plant Extracts', 'Antioxidant']","['Support', 'Actives']",[],Pattern
Magnolia Obovata Bark Extract,Good,[],"['Plant Extracts', 'Antioxidant']","['Support', 'Actives']",[],Pattern
Ganoderma Lucidum Extract 3.51%,Good,[],"['Plant Extracts', 'Antioxidant']","['Support', 'Actives']",[],Pattern
Capparis Spinosa Fruit Extract,Good,[],"['Plant Extracts', 'Antioxidant']","['Support', 'Actives']",[],Pattern
Plumeria Rubra Flower Extract,Good,[],"['Plant Extracts', 'Antioxidant']","['Support', 'Actives']",[],Pattern
Roe Extract,Good,[],"['Plant Extracts', 'Antioxidant']","['Support', 'Actives']",[],Pattern
Citrus Aurantium Dulcis Peel Oil Expressed,Bad,[],"['Fragrance: Synthetic and Natural', 'Irritant', 'Plant Extracts']","['Sensory', 'Risks', 'Support']",[],Pattern
Collagen Extract 73%,Good,[],"['Plant Extracts', 'Antioxidant']","['Support', 'Actives']",[],Pattern
Caulerpa Lentillifera Extract,Good,[],"['Plant Extracts', 'Antioxidant']","['Support', 'Actives']",[],Pattern
Cyclopia Subternata Flower/Leaf/Stem Extract,Good,[],"['Plant Extracts', 'Antioxidant']","['Support', 'Actives']",[],Pattern
Porphyra Tenera Extract,Good,[],"['Plant Extracts', 'Antioxidant']","['Support', 'Actives']",[],Pattern
Mentha Spicata Flower/Leaf/Stem Oil,Bad,[],"['Fragrance: Synthetic and Natural', 'Irritant', 'Plant Extracts']","['Sensory', 'Risks', 'Support']",[],Pattern
Glycyrrhiza Glabra Rhizome/Root Extract,Good,[],"['Plant Extracts', 'Antioxidant']","['Support', 'Actives']",[],Pattern
Pumpkin Fruit Extract Beta-Glucan,Good,[],"['Plant Extracts', 'Antioxidant']","['Support', 'Actives']",[],Pattern
Phormium Tenax Extract,Good,[],"['Plant Extracts', 'Antioxidant']","['Support', 'Actives']",[],Pattern
Chrysanthemum Parthenium Flower Extract,Good,[],"['Plant Extracts', 'Antioxidant']","['Support', 'Actives']",[],Pattern
Carthamus Tinctorius Seed Oil 27%,Good,['Hydration'],"['Emollient', 'Plant Extracts']",['Support'],[],Pattern
Biota Orientalis Leaf Extract,Good,[],"['Plant Extracts', 'Antioxidant']","['Support', 'Actives']",[],Pattern
Helianthus Annuus Seed Oil Unsaponifiables,Good,['Hydration'],"['Emollient', 'Plant Extracts']",['Support'],[],Pattern
Foeniculum Vulgare Seed Extract,Good,[],"['Plant Extracts', 'Antioxidant']","['Support', 'Actives']",[],Pattern
Pseudozyma Epicola/Camellia Sinensis Seed Oil/Glucose/Malt Extract/Soybean Flour/Yeast Extract Ferment Filtrate,Good,['Hydration'],"['Emollient', 'Plant Extracts']",['Support'],[],Pattern
Castanea Sativa Leaf Extract,Good,[],"['Plant Extracts', 'Antioxidant']","['Support', 'Actives']",[],Pattern
Hydrogenated Grapefruit Seed Oil,Good,['Hydration'],"['Emollient', 'Plant Extracts']",['Support'],[],Pattern
Symphytum Officinale Root Extract,Good,[],"['Plant Extracts', 'Antioxidant']","['Support', 'Actives']",[],Pattern
Acmella Oleracea Extract,Good,[],"['Plant Extracts', 'Antioxidant']","['Support', 'Actives']",[],Pattern
Melaleuca Alternifolia Leaf Oil,Bad,[],"['Fragrance: Synthetic and Natural', 'Irritant', 'Plant Extracts']","['Sensory', 'Risks', 'Support']",[],Pattern
Aloe Ferox Leaf Extract,Good,[],"['Plant Extracts', 'Antioxidant']","['Support', 'Actives']",[],Pattern
Aloe Maculata Leaf Water,Good,"['Hydration', 'Soothing']","['Humectant', 'Plant Extracts', 'Antioxidant']","['Support', 'Actives']",[],Pattern
Avena Sativa Bran Extract,Good,[],"['Plant Extracts', 'Antioxidant']","['Support', 'Actives']",[],Pattern
Ci 77007,Average,[],['Coloring Agent/Pigment'],['Sensory'],[],Pattern
Pueraria Lobata Symbiosome Extract,Good,[],"['Plant Extracts', 'Antioxidant']","['Support', 'Actives']",[],Pattern
Rhus Semialata Extract,Good,[],"['Plant Extracts', 'Antioxidant']","['Support', 'Actives']",[],Pattern
Pachyrhizus Erosus Root Extract,Good,[],"['Plant Extracts', 'Antioxidant']","['Support', 'Actives']",[],Pattern
Geranium Robertianum Extract,Good,[],"['Plant Extracts', 'Antioxidant']","['Support', 'Actives']",[],Pattern
Saponaria Officinalis Leaf Extract,Good,[],"['Plant Extracts', 'Antioxidant']","['Support', 'Actives']",[],Pattern
Angelica Archangelica Extract,Good,[],"['Plant Extracts', 'Antioxidant']","['Support', 'Actives']",[],Pattern
Salvia Officinalis Flower/Leaf/Stem Extract,Good,[],"['Plant Extracts', 'Antioxidant']","['Support', 'Actives']",[],Pattern
Akebia Quinata Extract,Good,[],"['Plant Extracts', 'Antioxidant']","['Support', 'Actives']",[],Pattern
Salix Alba Bark Extract 10%,Good,[],"['Plant Extracts', 'Antioxidant']","['Support', 'Actives']",[],Pattern
Peucedanum Graveolens Extract,Good,[],"['Plant Extracts', 'Antioxidant']","['Support', 'Actives']",[],Pattern
Gaultheria Procumbens Leaf Extract,Good,[],"['Plant Extracts', 'Antioxidant']","['Support', 'Actives']",[],Pattern
Acetyl Rheum Rhaponticum Root Extract,Good,[],"['Plant Extracts', 'Antioxidant']","['Support', 'Actives']",[],Pattern
Grape Seed Oil Polyglyceryl-6 Esters,Good,['Hydration'],"['Emollient', 'Plant Extracts']",['Support'],[],Pattern
Coptis Japonica Extract,Good,[],"['Plant Extracts', 'Antioxidant']","['Support', 'Actives']",[],Pattern
Citrus Grandis Peel Oil,Bad,[],"['Fragrance: Synthetic and Natural', 'Irritant', 'Plant Extracts']","['Sensory', 'Risks', 'Support']",[],Pattern
Fraxinus Rhynchophylla Extract,Good,[],"['Plant Extracts', 'Antioxidant']","['Support', 'Actives']",[],Pattern
Angelica Gigas Root Extract,Good,[],"['Plant Extracts', 'Antioxidant']","['Support', 'Actives']",[],Pattern
Leonurus Sibiricus Extract,Good,[],"['Plant Extracts', 'Antioxidant']","['Support', 'Actives']",[],Pattern
Hydrolyzed Royal Jelly Extract,Good,[],"['Plant Extracts', 'Antioxidant']","['Support', 'Actives']",[],Pattern
Tribulus Terrestris Fruit Extract,Good,[],"['Plant Extracts', 'Antioxidant']","['Support', 'Actives']",[],Pattern
Bixa Orellana Pulp Extract,Good,[],"['Plant Extracts', 'Antioxidant']","['Support', 'Actives']",[],Pattern
Selaginella Lepidophylla Extract,Good,[],"['Plant Extracts', 'Antioxidant']","['Support', 'Actives']",[],Pattern
Hydrolyzed Lycium Barbarum Fruit Extract,Good,[],"['Plant Extracts', 'Antioxidant']","['Support', 'Actives']",[],Pattern
Acanthopanax Senticosus Root Extract,Good,[],"['Plant Extracts', 'Antioxidant']","['Support', 'Actives']",[],Pattern
Cinnamomum Cassia Bark Extract,Good,[],"['Plant Extracts', 'Antioxidant']","['Support', 'Actives']",[],Pattern
Maranta Arundinacea Root Extract,Good,[],"['Plant Extracts', 'Antioxidant']","['Support', 'Actives']",[],Pattern
Cucumis Melo Fruit Extract,Good,[],"['Plant Extracts', 'Antioxidant']","['Support', 'Actives']",[],Pattern
Achillea Millefolium Flower/Leaf/Stem Extract,Good,[],"['Plant Extracts', 'Antioxidant']","['Support', 'Actives']",[],Pattern
Prunus Insititia Seed Oil,Good,['Hydration'],"['Emollient', 'Plant Extracts']",['Support'],[],Pattern
Punica Granatum Flower Extract,Good,[],"['Plant Extracts', 'Antioxidant']","['Support', 'Actives']",[],Pattern
Pinus Densiflora Extract,Good,[],"['Plant Extracts', 'Antioxidant']","['Support', 'Actives']",[],Pattern
Silkworm Extract,Good,[],"['Plant Extracts', 'Antioxidant']","['Support', 'Actives']",[],Pattern
Centella Asiatica Extract 0.1%,Good,[],"['Plant Extracts', 'Antioxidant']","['Support', 'Actives']",[],Pattern
Zonaria Tournefortii Extract,Good,[],"['Plant Extracts', 'Antioxidant']","['Support', 'Actives']",[],Pattern
Chrysanthemum Zawadskii Extract,Good,[],"['Plant Extracts', 'Antioxidant']","['Support', 'Actives']",[],Pattern
Lens Culinaris Seed Extract,Good,[],"['Plant Extracts', 'Antioxidant']","['Support', 'Actives']",[],Pattern
Citrus Aurantifolia Peel Oil Distilled,Bad,[],"['Fragrance: Synthetic and Natural', 'Irritant', 'Plant Extracts']","['Sensory', 'Risks', 'Support']",[],Pattern
Camellia Sinensis Leaf Extract 90%,Good,[],"['Plant Extracts', 'Antioxidant']","['Support', 'Actives']",[],Pattern
Vitis Rotundifolia Fruit Extract,Good,[],"['Plant Extracts', 'Antioxidant']","['Support', 'Actives']",[],Pattern
Jasminum Sambac Flower Extract,Good,[],"['Plant Extracts', 'Antioxidant']","['Support', 'Actives']",[],Pattern
Juglans Regia Seed Extract,Good,[],"['Plant Extracts', 'Antioxidant']","['Support', 'Actives']",[],Pattern
Coconut Oil Methylpropanediol Esters,Good,['Hydration'],"['Emollient', 'Plant Extracts']",['Support'],[],Pattern
Capparis Spinosa Bud Extract,Good,[],"['Plant Extracts', 'Antioxidant']","['Support', 'Actives']",[],Pattern
Gentiana Scabra Root Extract,Good,[],"['Plant Extracts', 'Antioxidant']","['Support', 'Actives']",[],Pattern
Alpinia Galanga Leaf Extract,Good,[],"['Plant Extracts', 'Antioxidant']","['Support', 'Actives']",[],Pattern
Adenophora Stricta Root Extract,Good,[],"['Plant Extracts', 'Antioxidant']","['Support', 'Actives']",[],Pattern
Pelargonium Graveolens Flower/Leaf/Stem Water,Good,"['Hydration', 'Soothing']","['Humectant', 'Plant Extracts', 'Antioxidant']","['Support', 'Actives']",[],Pattern
Acacia Decurrens Flower Extract,Good,[],"['Plant Extracts', 'Antioxidant']","['Support', 'Actives']",[],Pattern
Bertholletia Excelsa Seed Oil,Good,['Hydration'],"['Emollient', 'Plant Extracts']",['Support'],[],Pattern
Berberis Vulgaris Bark Extract,Good,[],"['Plant Extracts', 'Antioxidant']","['Support', 'Actives']",[],Pattern
Ci 77891,Average,[],['Coloring Agent/Pigment'],['Sensory'],[],Pattern
Citrus Aurantium Dulcis Fruit Extract,Good,[],"['Plant Extracts', 'Antioxidant']","['Support', 'Actives']",[],Pattern
Diospyros Mespiliformis Leaf Extract,Good,[],"['Plant Extracts', 'Antioxidant']","['Support', 'Actives']",[],Pattern
Calendula Officinalis Flower Extract 2%,Good,[],"['Plant Extracts', 'Antioxidant']","['Support', 'Actives']",[],Pattern
Artemisia Argyi Leaf Extract,Good,[],"['Plant Extracts', 'Antioxidant']","['Support', 'Actives']",[],Pattern
Mesua Ferrea Seed Extract,Good,[],"['Plant Extracts', 'Antioxidant']","['Support', 'Actives']",[],Pattern
Rosa Indica Flower Extract,Good,[],"['Plant Extracts', 'Antioxidant']","['Support', 'Actives']",[],Pattern
Ci 15850,Average,[],['Coloring Agent/Pigment'],['Sensory'],[],Pattern
Brassica Campestris Seed Oil,Good,['Hydration'],"['Emollient', 'Plant Extracts']",['Support'],[],Pattern
Chamomilla Recutita Extract,Good,[],"['Plant Extracts', 'Antioxidant']","['Support', 'Actives']",[],Pattern
Ci 74160,Average,[],['Coloring Agent/Pigment'],['Sensory'],[],Pattern
Oenothera Laciniata Extract,Good,[],"['Plant Extracts', 'Antioxidant']","['Support', 'Actives']",[],Pattern
Ziziphus Jujuba Leaf Extract,Good,[],"['Plant Extracts', 'Antioxidant']","['Support', 'Actives']",[],Pattern
Rosa Davurica Bud Extract,Good,[],"['Plant Extracts', 'Antioxidant']","['Support', 'Actives']",[],Pattern
Echinacea Pallida Extract,Good,[],"['Plant Extracts', 'Antioxidant']","['Support', 'Actives']",[],Pattern
Prunus Persica Kernel Extract,Good,[],"['Plant Extracts', 'Antioxidant']","['Support', 'Actives']",[],Pattern
Arthrospira Extract,Good,[],"['Plant Extracts', 'Antioxidant']","['Support', 'Actives']",[],Pattern
Piptadenia Colubrina Peel Extract,Good,[],"['Plant Extracts', 'Antioxidant']","['Support', 'Actives']",[],Pattern
Citrus Limon Flower/Leaf/Stem Extract,Good,[],"['Plant Extracts', 'Antioxidant']","['Support', 'Actives']",[],Pattern
Chaenomeles Sinensis Fruit Extract,Good,[],"['Plant Extracts', 'Antioxidant']","['Support', 'Actives']",[],Pattern
Oryza Sativa Extract,Good,[],"['Plant Extracts', 'Antioxidant']","['Support', 'Actives']",[],Pattern
Pisum Sativum Extract,Good,[],"['Plant Extracts', 'Antioxidant']","['Support', 'Actives']",[],Pattern
Pterocarpus Marsupium Bark Extract,Good,[],"['Plant Extracts', 'Antioxidant']","['Support', 'Actives']",[],Pattern
Bambusa Vulgaris Leaf Extract,Good,[],"['Plant Extracts', 'Antioxidant']","['Support', 'Actives']",[],Pattern
Swiftlet Nest Extract,Good,[],"['Plant Extracts', 'Antioxidant']","['Support', 'Actives']",[],Pattern
Narcissus Tazetta Bulb Extract,Good,[],"['Plant Extracts', 'Antioxidant']","['Support', 'Actives']",[],Pattern
Alpinia Galanga Extract,Good,[],"['Plant Extracts', 'Antioxidant']","['Support', 'Actives']",[],Pattern
Hydrolyzed Rye Phytoplacenta Extract,Good,[],"['Plant Extracts', 'Antioxidant']","['Support', 'Actives']",[],Pattern
Arctium Majus Root Extract,Good,[],"['Plant Extracts', 'Antioxidant']","['Support', 'Actives']",[],Pattern
Tasmannia Lanceolata Leaf Extract,Good,[],"['Plant Extracts', 'Antioxidant']","['Support', 'Actives']",[],Pattern
Passiflora Incarnata Flower Extract,Good,[],"['Plant Extracts', 'Antioxidant']","['Support', 'Actives']",[],Pattern
Nasturtium Officinale Leaf/Stem Extract,Good,[],"['Plant Extracts', 'Antioxidant']","['Support', 'Actives']",[],Pattern
Cirsium Eriophorum Callus Extract,Good,[],"['Plant Extracts', 'Antioxidant']","['Support', 'Actives']",[],Pattern
Broussonetia Kazinoki Bark Extract,Good,[],"['Plant Extracts', 'Antioxidant']","['Support', 'Actives']",[],Pattern
Camellia Oleifera Seed Oil,Good,['Hydration'],"['Emollient', 'Plant Extracts']",['Support'],[],Pattern
Coix Lacryma-Jobi Ma-Yuen Seed Oil,Good,['Hydration'],"['Emollient', 'Plant Extracts']",['Support'],[],Pattern
Buddleja Officinalis Leaf Extract,Good,[],"['Plant Extracts', 'Antioxidant']","['Support', 'Actives']",[],Pattern
Sansevieria Trifasciata Leaf Extract,Good,[],"['Plant Extracts', 'Antioxidant']","['Support', 'Actives']",[],Pattern
Solanum Nigrum Extract,Good,[],"['Plant Extracts', 'Antioxidant']","['Support', 'Actives']",[],Pattern
Milk Protein Extract,Good,[],"['Plant Extracts', 'Antioxidant']","['Support', 'Actives']",[],Pattern
Crocus Sativus Leaf Cell Culture Extract,Good,[],"['Plant Extracts', 'Antioxidant']","['Support', 'Actives']",[],Pattern
Arbutus Unedo Leaf Water,Good,"['Hydration', 'Soothing']","['Humectant', 'Plant Extracts', 'Antioxidant']","['Support', 'Actives']",[],Pattern
Carum Petroselinum Extract,Good,[],"['Plant Extracts', 'Antioxidant']","['Support', 'Actives']",[],Pattern
Crataegus Monogyna Flower Extract,Good,[],"['Plant Extracts', 'Antioxidant']","['Support', 'Actives']",[],Pattern
Cynanchum Atratum Extract,Good,[],"['Plant Extracts', 'Antioxidant']","['Support', 'Actives']",[],Pattern
Ci 61570,Average,[],['Coloring Agent/Pigment'],['Sensory'],[],Pattern
Passiflora Incarnata Fruit Extract,Good,[],"['Plant Extracts', 'Antioxidant']","['Support', 'Actives']",[],Pattern
Camellia Kissi Seed Oil,Good,['Hydration'],"['Emollient', 'Plant Extracts']",['Support'],[],Pattern
Robinia Pseudoacacia Flower Extract,Good,[],"['Plant Extracts', 'Antioxidant']","['Support', 'Actives']",[],Pattern
Centaurea Cyanus Flower Extract,Good,[],"['Plant Extracts', 'Antioxidant']","['Support', 'Actives']",[],Pattern
Citrus Aurantium Amara Peel Oil,Bad,[],"['Fragrance: Synthetic and Natural', 'Irritant', 'Plant Extracts']","['Sensory', 'Risks', 'Support']",[],Pattern
Melaleuca Ericifolia Leaf Oil,Bad,[],"['Fragrance: Synthetic and Natural', 'Irritant', 'Plant Extracts']","['Sensory', 'Risks', 'Support']",[],Pattern
Chrysanthemum Indicum Callus Culture Extract,Good,[],"['Plant Extracts', 'Antioxidant']","['Support', 'Actives']",[],Pattern
Lavandula Angustifolia Oil 0.05%,Bad,[],"['Fragrance: Synthetic and Natural', 'Irritant', 'Plant Extracts']","['Sensory', 'Risks', 'Support']",[],Pattern
Morus Nigra Leaf Extract,Good,[],"['Plant Extracts', 'Antioxidant']","['Support', 'Actives']",[],Pattern
Iris Pallida Leaf Cell Extract,Good,[],"['Plant Extracts', 'Antioxidant']","['Support', 'Actives']",[],Pattern
Theobroma Cacao Flower Extract,Good,[],"['Plant Extracts', 'Antioxidant']","['Support', 'Actives']",[],Pattern
Eucalyptus Citriodora Oil,Bad,[],"['Fragrance: Synthetic and Natural', 'Irritant', 'Plant Extracts']","['Sensory', 'Risks', 'Support']",[],Pattern
Theobroma Cacao Shell Extract,Good,[],"['Plant Extracts', 'Antioxidant']","['Support', 'Actives']",[],Pattern
Menyanthes Trifoliata Leaf Extract,Good,[],"['Plant Extracts', 'Antioxidant']","['Support', 'Actives']",[],Pattern
Betula Alba Bark/Leaf Extract,Good,[],"['Plant Extracts', 'Antioxidant']","['Support', 'Actives']",[],Pattern
Eisenia Bicyclis Extract,Good,[],"['Plant Extracts', 'Antioxidant']","['Support', 'Actives']",[],Pattern
Iris Germanica Florentina Root Extract,Good,[],"['Plant Extracts', 'Antioxidant']","['Support', 'Actives']",[],Pattern
Plantago Asiatica Extract,Good,[],"['Plant Extracts', 'Antioxidant']","['Support', 'Actives']",[],Pattern
Hydrolyzed Cannabis Sativa Seed Extract,Good,[],"['Plant Extracts', 'Antioxidant']","['Support', 'Actives']",[],Pattern
Caesalpinia Spinosa Fruit Pod Extract,Good,[],"['Plant Extracts', 'Antioxidant']","['Support', 'Actives']",[],Pattern
Syringa Vulgaris Leaf Cell Culture Extract,Good,[],"['Plant Extracts', 'Antioxidant']","['Support', 'Actives']",[],Pattern
Cucurbita Maxima Seed Extract,Good,[],"['Plant Extracts', 'Antioxidant']","['Support', 'Actives']",[],Pattern
Ocimum Tenuiflorum Extract,Good,[],"['Plant Extracts', 'Antioxidant']","['Support', 'Actives']",[],Pattern
Prunus Mume Flower Extract,Good,[],"['Plant Extracts', 'Antioxidant']","['Support', 'Actives']",[],Pattern
Morus Bombycis Leaf Extract,Good,[],"['Plant Extracts', 'Antioxidant']","['Support', 'Actives']",[],Pattern
Hydrolyzed Soybean Extract,Good,[],"['Plant Extracts', 'Antioxidant']","['Support', 'Actives']",[],Pattern
Salvia Officinalis Leaf Extract,Good,[],"['Plant Extracts', 'Antioxidant']","['Support', 'Actives']",[],Pattern
Chrysanthellum Indicum Extract,Good,[],"['Plant Extracts', 'Antioxidant']","['Support', 'Actives']",[],Pattern
Cutibacterium Granulosum Ferment Extract Filtrate,Good,[],"['Plant Extracts', 'Antioxidant']","['Support', 'Actives']",[],Pattern
Opuntia Streptacantha Stem Extract,Good,[],"['Plant Extracts', 'Antioxidant']","['Support', 'Actives']",[],Pattern
Caesalpinia Sappan Bark Extract,Good,[],"['Plant Extracts', 'Antioxidant']","['Support', 'Actives']",[],Pattern
Alpinia Oxyphylla Seed Extract,Good,[],"['Plant Extracts', 'Antioxidant']","['Support', 'Actives']",[],Pattern
Agave Americana Stem Extract,Good,[],"['Plant Extracts', 'Antioxidant']","['Support', 'Actives']",[],Pattern
Butter Extract,Good,[],"['Plant Extracts', 'Antioxidant']","['Support', 'Actives']",[],Pattern
Thuja Orientalis Extract,Good,[],"['Plant Extracts', 'Antioxidant']","['Support', 'Actives']",[],Pattern
Corylus Avellana Bud Extract,Good,[],"['Plant Extracts', 'Antioxidant']","['Support', 'Actives']",[],Pattern
Panicum Miliaceum Seed Extract,Good,[],"['Plant Extracts', 'Antioxidant']","['Support', 'Actives']",[],Pattern
Collagen Extract 36%,Good,[],"['Plant Extracts', 'Antioxidant']","['Support', 'Actives']",[],Pattern
Hibiscus Sabdariffa Leaf Extract,Good,[],"['Plant Extracts', 'Antioxidant']","['Support', 'Actives']",[],Pattern
Calendula Officinalis Extract,Good,[],"['Plant Extracts', 'Antioxidant']","['Support', 'Actives']",[],Pattern
Polygonum Multiflorum Root Extract,Good,[],"['Plant Extracts', 'Antioxidant']","['Support', 'Actives']",[],Pattern
Citrus Limon Seed Oil,Good,['Hydration'],"['Emollient', 'Plant Extracts']",['Support'],[],Pattern
Morus Alba Leaf Extract,Good,[],"['Plant Extracts', 'Antioxidant']","['Support', 'Actives']",[],Pattern
Simmondsia Chinensis Butter,Good,['Hydration'],['Emollient'],['Support'],[],Pattern
Astragalus Membranaceus Extract,Good,[],"['Plant Extracts', 'Antioxidant']","['Support', 'Actives']",[],Pattern
Helichrysum Italicum Flower Water,Good,"['Hydration', 'Soothing']","['Humectant', 'Plant Extracts', 'Antioxidant']","['Support', 'Actives']",[],Pattern
Limonium Vulgare Flower/Leaf/Stem Extract,Good,[],"['Plant Extracts', 'Antioxidant']","['Support', 'Actives']",[],Pattern
Rosa Damascena Flower Water 74%,Good,"['Hydration', 'Soothing']","['Humectant', 'Plant Extracts', 'Antioxidant']","['Support', 'Actives']",[],Pattern
Lactuca Indica Extract,Good,[],"['Plant Extracts', 'Antioxidant']","['Support', 'Actives']",[],Pattern
Ganoderma Amboinense Extract,Good,[],"['Plant Extracts', 'Antioxidant']","['Support', 'Actives']",[],Pattern
Salix Alba Bark Extract,Good,[],"['Plant Extracts', 'Antioxidant']","['Support', 'Actives']",[],Pattern
Prunus Serrulata Flower Extract,Good,[],"['Plant Extracts', 'Antioxidant']","['Support', 'Actives']",[],Pattern
Cordyceps Bassiana Extract,Good,[],"['Plant Extracts', 'Antioxidant']","['Support', 'Actives']",[],Pattern
Phyllostachys Nigra Extract 99%,Good,[],"['Plant Extracts', 'Antioxidant']","['Support', 'Actives']",[],Pattern
Citrine Extract 90%,Good,[],"['Plant Extracts', 'Antioxidant']","['Support', 'Actives']",[],Pattern
Convallaria Majalis Extract,Good,[],"['Plant Extracts', 'Antioxidant']","['Support', 'Actives']",[],Pattern
Carum Petroselinum Seed Oil,Good,['Hydration'],"['Emollient', 'Plant Extracts']",['Support'],[],Pattern
Melilotus Officinalis Extract,Good,[],"['Plant Extracts', 'Antioxidant']","['Support', 'Actives']",[],Pattern
Averrhoa Bilimbi Leaf Extract,Good,[],"['Plant Extracts', 'Antioxidant']","['Support', 'Actives']",[],Pattern
Pavlova Lutheri Extract,Good,[],"['Plant Extracts', 'Antioxidant']","['Support', 'Actives']",[],Pattern
Anadenanthera Colubrina Bark Extract,Good,[],"['Plant Extracts', 'Antioxidant']","['Support', 'Actives']",[],Pattern
Rhizophora Mangle Callus Culture Extract,Good,[],"['Plant Extracts', 'Antioxidant']","['Support', 'Actives']",[],Pattern
Vaccinium Macrocarpon Fruit Water,Good,"['Hydration', 'Soothing']","['Humectant', 'Plant Extracts', 'Antioxidant']","['Support', 'Actives']",[],Pattern
Sesamum Indicum Sprout Extract,Good,[],"['Plant Extracts', 'Antioxidant']","['Support', 'Actives']",[],Pattern
Artemisia Vulgaris Extract 72%,Good,[],"['Plant Extracts', 'Antioxidant']","['Support', 'Actives']",[],Pattern
Phragmites Karka Extract,Good,[],"['Plant Extracts', 'Antioxidant']","['Support', 'Actives']",[],Pattern
Punica Granatum Fruit Water,Good,"['Hydration', 'Soothing']","['Humectant', 'Plant Extracts', 'Antioxidant']","['Support', 'Actives']",[],Pattern
Saussurea Involucrata Extract,Good,[],"['Plant Extracts', 'Antioxidant']","['Support', 'Actives']",[],Pattern
Citrus Sinensis Fruit Extract,Good,[],"['Plant Extracts', 'Antioxidant']","['Support', 'Actives']",[],Pattern
Loess Extract,Good,[],"['Plant Extracts', 'Antioxidant']","['Support', 'Actives']",[],Pattern
Forsythia Suspensa Fruit Extract,Good,[],"['Plant Extracts', 'Antioxidant']","['Support', 'Actives']",[],Pattern
Simmondsia Chinensis Seed Extract,Good,[],"['Plant Extracts', 'Antioxidant']","['Support', 'Actives']",[],Pattern
Panax Ginseng Callus Culture Extract,Good,[],"['Plant Extracts', 'Antioxidant']","['Support', 'Actives']",[],Pattern
Acacia Decurrens Extract,Good,[],"['Plant Extracts', 'Antioxidant']","['Support', 'Actives']",[],Pattern
Limonia Acidissima Extract 0.17%,Good,[],"['Plant Extracts', 'Antioxidant']","['Support', 'Actives']",[],Pattern
Schinus Molle Extract,Good,[],"['Plant Extracts', 'Antioxidant']","['Support', 'Actives']",[],Pattern
Vitis Vinifera Juice Extract,Good,[],"['Plant Extracts', 'Antioxidant']","['Support', 'Actives']",[],Pattern
Citrine Extract,Good,[],"['Plant Extracts', 'Antioxidant']","['Support', 'Actives']",[],Pattern
Ci 47005,Average,[],['Coloring Agent/Pigment'],['Sensory'],[],Pattern
Citrus Aurantium Dulcis Oil,Bad,[],"['Fragrance: Synthetic and Natural', 'Irritant', 'Plant Extracts']","['Sensory', 'Risks', 'Support']",[],Pattern
Cetraria Islandica Thallus Extract,Good,[],"['Plant Extracts', 'Antioxidant']","['Support', 'Actives']",[],Pattern
Calophyllum Tacamahaca Seed Oil,Good,['Hydration'],"['Emollient', 'Plant Extracts']",['Support'],[],Pattern
Cnidium Officinale Root Extract,Good,[],"['Plant Extracts', 'Antioxidant']","['Support', 'Actives']",[],Pattern
Smilax Aristolochiifolia Root Extract,Good,[],"['Plant Extracts', 'Antioxidant']","['Support', 'Actives']",[],Pattern
Lithospermum Officinale Extract,Good,[],"['Plant Extracts', 'Antioxidant']","['Support', 'Actives']",[],Pattern
Morinda Citrifolia Fruit Extract 42%,Good,[],"['Plant Extracts', 'Antioxidant']","['Support', 'Actives']",[],Pattern
Actinidia Chinensis Seed Oil,Good,['Hydration'],"['Emollient', 'Plant Extracts']",['Support'],[],Pattern
Rosa Damascena Extract,Good,[],"['Plant Extracts', 'Antioxidant']","['Support', 'Actives']",[],Pattern
Perilla Ocymoides Seed Oil,Good,['Hydration'],"['Emollient', 'Plant Extracts']",['Support'],[],Pattern
Tussilago Farfara Flower Extract,Good,[],"['Plant Extracts', 'Antioxidant']","['Support', 'Actives']",[],Pattern
Albatrellus Confluens Extract,Good,[],"['Plant Extracts', 'Antioxidant']","['Support', 'Actives']",[],Pattern
Tropaeolum Majus Flower Extract,Good,[],"['Plant Extracts', 'Antioxidant']","['Support', 'Actives']",[],Pattern
Saccharomyces/Grape Ferment Extract,Good,[],"['Plant Extracts', 'Antioxidant']","['Support', 'Actives']",[],Pattern
Pyracantha Fortuneana Fruit Extract,Good,[],"['Plant Extracts', 'Antioxidant']","['Support', 'Actives']",[],Pattern
Oryza Sativa Leaf Extract,Good,[],"['Plant Extracts', 'Antioxidant']","['Support', 'Actives']",[],Pattern
Crocus Sativus Style Extract,Good,[],"['Plant Extracts', 'Antioxidant']","['Support', 'Actives']",[],Pattern
Mentha Piperita Leaf Water,Good,"['Hydration', 'Soothing']","['Humectant', 'Plant Extracts', 'Antioxidant']","['Support', 'Actives']",[],Pattern
Moonstone Extract,Good,[],"['Plant Extracts', 'Antioxidant']","['Support', 'Actives']",[],Pattern
Aronia Arbutifolia Fruit Extract,Good,[],"['Plant Extracts', 'Antioxidant']","['Support', 'Actives']",[],Pattern
Lavandula Hybrida Abrial Herb Oil,Bad,[],"['Fragrance: Synthetic and Natural', 'Irritant', 'Plant Extracts']","['Sensory', 'Risks', 'Support']",[],Pattern
Fagus Sylvatica Seed Extract,Good,[],"['Plant Extracts', 'Antioxidant']","['Support', 'Actives']",[],Pattern
Pollen Extract,Good,[],"['Plant Extracts', 'Antioxidant']","['Support', 'Actives']",[],Pattern
Pyrus Pyrifolia Fruit Extract 75%,Good,[],"['Plant Extracts', 'Antioxidant']","['Support', 'Actives']",[],Pattern
Tulipa Hybrid Flower Extract,Good,[],"['Plant Extracts', 'Antioxidant']","['Support', 'Actives']",[],Pattern
Fagara Zanthoxyloides Fruit Extract,Good,[],"['Plant Extracts', 'Antioxidant']","['Support', 'Actives']",[],Pattern
Prunus Amygdalus Amara Kernel Oil,Good,['Hydration'],"['Emollient', 'Plant Extracts']",['Support'],[],Pattern
Cajanus Cajan Leaf Extract,Good,[],"['Plant Extracts', 'Antioxidant']","['Support', 'Actives']",[],Pattern
Hibiscus Esculentus Seed Extract,Good,[],"['Plant Extracts', 'Antioxidant']","['Support', 'Actives']",[],Pattern
Vaccinium Corymbosum Fruit Extract,Good,[],"['Plant Extracts', 'Antioxidant']","['Support', 'Actives']",[],Pattern
Aloe Barbadensis Leaf Extract 68.36%,Good,[],"['Plant Extracts', 'Antioxidant']","['Support', 'Actives']",[],Pattern
Schisandra Chinensis Fruit Extract 9%,Good,[],"['Plant Extracts', 'Antioxidant']","['Support', 'Actives']",[],Pattern
Avena Sativa Meal Extract,Good,[],"['Plant Extracts', 'Antioxidant']","['Support', 'Actives']",[],Pattern
Cyathea Cumingii Leaf Extract,Good,[],"['Plant Extracts', 'Antioxidant']","['Support', 'Actives']",[],Pattern
Plantago Major Leaf Extract,Good,[],"['Plant Extracts', 'Antioxidant']","['Support', 'Actives']",[],Pattern
Phellinus Linteus Extract,Good,[],"['Plant Extracts', 'Antioxidant']","['Support', 'Actives']",[],Pattern
Glycine Soja Extract,Good,[],"['Plant Extracts', 'Antioxidant']","['Support', 'Actives']",[],Pattern
Cyperus Rotundus Root Extract,Good,[],"['Plant Extracts', 'Antioxidant']","['Support', 'Actives']",[],Pattern
Solanum Lycopersicum Seed Extract,Good,[],"['Plant Extracts', 'Antioxidant']","['Support', 'Actives']",[],Pattern
Pseudozyma Epicola/Camellia Japonica Seed Oil Ferment Extract Filtrate,Good,['Hydration'],"['Emollient', 'Plant Extracts']",['Support'],[],Pattern
Wasabia Japonica Leaf Extract,Good,[],"['Plant Extracts', 'Antioxidant']","['Support', 'Actives']",[],Pattern
Mimosa Tenuiflora Bark Extract,Good,[],"['Plant Extracts', 'Antioxidant']","['Support', 'Actives']",[],Pattern
Nelumbium Speciosum Flower Extract,Good,[],"['Plant Extracts', 'Antioxidant']","['Support', 'Actives']",[],Pattern
Erica Cinerea Flower Extract,Good,[],"['Plant Extracts', 'Antioxidant']","['Support', 'Actives']",[],Pattern
Paeonia Suffruticosa Root Extract,Good,[],"['Plant Extracts', 'Antioxidant']","['Support', 'Actives']",[],Pattern
Anthemis Nobilis Flower Water,Good,"['Hydration', 'Soothing']","['Humectant', 'Plant Extracts', 'Antioxidant']","['Support', 'Actives']",[],Pattern
Capsicum Frutescens Fruit Extract,Good,[],"['Plant Extracts', 'Antioxidant']","['Support', 'Actives']",[],Pattern
Cirsium Setidens Leaf Extract,Good,[],"['Plant Extracts', 'Antioxidant']","['Support', 'Actives']",[],Pattern
Lactarius Hatsudake Fruiting Body Extract,Good,[],"['Plant Extracts', 'Antioxidant']","['Support', 'Actives']",[],Pattern
Citrus Paradisi Fruit Extract,Good,[],"['Plant Extracts', 'Antioxidant']","['Support', 'Actives']",[],Pattern
Thymus Vulgaris Extract,Good,[],"['Plant Extracts', 'Antioxidant']","['Support', 'Actives']",[],Pattern
Styrax Tonkinensis Resin Extract,Good,[],"['Plant Extracts', 'Antioxidant']","['Support', 'Actives']",[],Pattern
Magnolia Kobus Bark Extract,Good,[],"['Plant Extracts', 'Antioxidant']","['Support', 'Actives']",[],Pattern
Citrus Limon Leaf Oil,Bad,[],"['Fragrance: Synthetic and Natural', 'Irritant', 'Plant Extracts']","['Sensory', 'Risks', 'Support']",[],Pattern
Adansonia Digitata Leaf Extract,Good,[],"['Plant Extracts', 'Antioxidant']","['Support', 'Actives']",[],Pattern
Larix Decidua Flower Extract,Good,[],"['Plant Extracts', 'Antioxidant']","['Support', 'Actives']",[],Pattern
Prunus Serotina Fruit Extract,Good,[],"['Plant Extracts', 'Antioxidant']","['Support', 'Actives']",[],Pattern
Sea Salt Extract,Good,[],"['Plant Extracts', 'Antioxidant']","['Support', 'Actives']",[],Pattern
Placental Extract,Good,[],"['Plant Extracts', 'Antioxidant']","['Support', 'Actives']",[],Pattern
Ci 14720,Average,[],['Coloring Agent/Pigment'],['Sensory'],[],Pattern
Hibiscus Rosa-Sinensis Callus Extract,Good,[],"['Plant Extracts', 'Antioxidant']","['Support', 'Actives']",[],Pattern
Syzygium Luehmannii Fruit Extract,Good,[],"['Plant Extracts', 'Antioxidant']","['Support', 'Actives']",[],Pattern
Lactococcus Ferment Extract,Good,[],"['Plant Extracts', 'Antioxidant']","['Support', 'Actives']",[],Pattern
Mentha Piperita Extract,Good,[],"['Plant Extracts', 'Antioxidant']","['Support', 'Actives']",[],Pattern
Styrax Japonicus Branch/Fruit/Leaf Extract,Good,[],"['Plant Extracts', 'Antioxidant']","['Support', 'Actives']",[],Pattern
Stevia Rebaudiana Leaf/Stem Extract,Good,[],"['Plant Extracts', 'Antioxidant']","['Support', 'Actives']",[],Pattern
Saccharomyces/Potato Extract Ferment Filtrate,Good,[],"['Plant Extracts', 'Antioxidant']","['Support', 'Actives']",[],Pattern
Eleutherococcus Senticosus Root Extract,Good,[],"['Plant Extracts', 'Antioxidant']","['Support', 'Actives']",[],Pattern
Medicago Sativa Extract,Good,[],"['Plant Extracts', 'Antioxidant']","['Support', 'Actives']",[],Pattern
Sapindus Rarak Fruit Extract,Good,[],"['Plant Extracts', 'Antioxidant']","['Support', 'Actives']",[],Pattern
Gossypium Herbaceum Extract,Good,[],"['Plant Extracts', 'Antioxidant']","['Support', 'Actives']",[],Pattern
Centella Asiatica Extract 42%,Good,[],"['Plant Extracts', 'Antioxidant']","['Support', 'Actives']",[],Pattern
Centella Asiatica Extract 69.4%,Good,[],"['Plant Extracts', 'Antioxidant']","['Support', 'Actives']",[],Pattern
Citrus Aurantium Amara Leaf/Twig Oil,Bad,[],"['Fragrance: Synthetic and Natural', 'Irritant', 'Plant Extracts']","['Sensory', 'Risks', 'Support']",[],Pattern
Phellodendron Amurense Bark Extract,Good,[],"['Plant Extracts', 'Antioxidant']","['Support', 'Actives']",[],Pattern
Quillaja Saponaria Bark Extract,Good,[],"['Plant Extracts', 'Antioxidant']","['Support', 'Actives']",[],Pattern
Vitis Vinifera Seed Oil 0.5%,Good,['Hydration'],"['Emollient', 'Plant Extracts']",['Support'],[],Pattern
Melaleuca Alternifolia Leaf Extract 78.4%,Good,[],"['Plant Extracts', 'Antioxidant']","['Support', 'Actives']",[],Pattern
Ci 77820,Average,[],['Coloring Agent/Pigment'],['Sensory'],[],Pattern
Pueraria Montana Root Extract,Good,[],"['Plant Extracts', 'Antioxidant']","['Support', 'Actives']",[],Pattern
Citrus Aurantifolia Oil,Bad,[],"['Fragrance: Synthetic and Natural', 'Irritant', 'Plant Extracts']","['Sensory', 'Risks', 'Support']",[],Pattern
Abies Alba Seed Extract,Good,[],"['Plant Extracts', 'Antioxidant']","['Support', 'Actives']",[],Pattern
Yucca Brevifolia Root Extract,Good,[],"['Plant Extracts', 'Antioxidant']","['Support', 'Actives']",[],Pattern
Boswellia Carterii Resin Extract,Good,[],"['Plant Extracts', 'Antioxidant']","['Support', 'Actives']",[],Pattern
Centella Asiatica Extract 84%,Good,[],"['Plant Extracts', 'Antioxidant']","['Support', 'Actives']",[],Pattern
Pinus Sibirica Seed Oil,Good,['Hydration'],"['Emollient', 'Plant Extracts']",['Support'],[],Pattern
Simmondsia Chinensis Seed Oil,Good,['Hydration'],"['Emollient', 'Plant Extracts']",['Support'],[],Pattern
Ganoderma Lucidum Stem Extract,Good,[],"['Plant Extracts', 'Antioxidant']","['Support', 'Actives']",[],Pattern
Hydrolyzed Jojoba Seed Extract,Good,[],"['Plant Extracts', 'Antioxidant']","['Support', 'Actives']",[],Pattern
Asarum Sieboldii Root Extract,Good,[],"['Plant Extracts', 'Antioxidant']","['Support', 'Actives']",[],Pattern
Avena Sativa Seed Extract,Good,[],"['Plant Extracts', 'Antioxidant']","['Support', 'Actives']",[],Pattern
Citrus Tangerina Peel Extract,Good,[],"['Plant Extracts', 'Antioxidant']","['Support', 'Actives']",[],Pattern
Scrophularia Buergeriana Root Extract,Good,[],"['Plant Extracts', 'Antioxidant']","['Support', 'Actives']",[],Pattern
Rumex Acetosella Extract,Good,[],"['Plant Extracts', 'Antioxidant']","['Support', 'Actives']",[],Pattern
Pyrus Malus Flower Extract,Good,[],"['Plant Extracts', 'Antioxidant']","['Support', 'Actives']",[],Pattern
Vanilla Planifolia Leaf Cell Extract,Good,[],"['Plant Extracts', 'Antioxidant']","['Support', 'Actives']",[],Pattern
Rosa Canina Fruit Extract,Good,[],"['Plant Extracts', 'Antioxidant']","['Support', 'Actives']",[],Pattern
Peucedanum Ostruthium Leaf Extract,Good,[],"['Plant Extracts', 'Antioxidant']","['Support', 'Actives']",[],Pattern
Citrus Junos Fruit Oil,Bad,[],"['Fragrance: Synthetic and Natural', 'Irritant', 'Plant Extracts']","['Sensory', 'Risks', 'Support']",[],Pattern
Sophora Flavescens Root Extract,Good,[],"['Plant Extracts', 'Antioxidant']","['Support', 'Actives']",[],Pattern
Cynara Scolymus Leaf Extract,Good,[],"['Plant Extracts', 'Antioxidant']","['Support', 'Actives']",[],Pattern
Alpinia Speciosa Leaf Extract,Good,[],"['Plant Extracts', 'Antioxidant']","['Support', 'Actives']",[],Pattern
Avena Sativa Protein Extract,Good,[],"['Plant Extracts', 'Antioxidant']","['Support', 'Actives']",[],Pattern
Propolis Extract 1%,Good,[],"['Plant Extracts', 'Antioxidant']","['Support', 'Actives']",[],Pattern
Cylindrotheca Fusiformis Extract,Good,[],"['Plant Extracts', 'Antioxidant']","['Support', 'Actives']",[],Pattern
Prunus Lannesiana Flower Extract,Good,[],"['Plant Extracts', 'Antioxidant']","['Support', 'Actives']",[],Pattern
Bambusa Vulgaris Extract,Good,[],"['Plant Extracts', 'Antioxidant']","['Support', 'Actives']",[],Pattern
Dioscorea Opposita Root Extract,Good,[],"['Plant Extracts', 'Antioxidant']","['Support', 'Actives']",[],Pattern
Glechoma Hederacea Extract,Good,[],"['Plant Extracts', 'Antioxidant']","['Support', 'Actives']",[],Pattern
Rumex Crispus Root Extract,Good,[],"['Plant Extracts', 'Antioxidant']","['Support', 'Actives']",[],Pattern
Polygonum Tinctorium Leaf/Stem Extract,Good,[],"['Plant Extracts', 'Antioxidant']","['Support', 'Actives']",[],Pattern
Oyster Shell Extract,Good,[],"['Plant Extracts', 'Antioxidant']","['Support', 'Actives']",[],Pattern
Schinziophyton Rautanenii Kernel Oil,Good,['Hydration'],"['Emollient', 'Plant Extracts']",['Support'],[],Pattern
Tricholoma Matsutake Extract,Good,[],"['Plant Extracts', 'Antioxidant']","['Support', 'Actives']",[],Pattern
Dasiphora Fruticosa Extract,Good,[],"['Plant Extracts', 'Antioxidant']","['Support', 'Actives']",[],Pattern
Paeonia Suffruticosa Branch/Flower/Leaf Extract,Good,[],"['Plant Extracts', 'Antioxidant']","['Support', 'Actives']",[],Pattern
Ci 42051,Average,[],['Coloring Agent/Pigment'],['Sensory'],[],Pattern
Zingiber Officinale Extract,Good,[],"['Plant Extracts', 'Antioxidant']","['Support', 'Actives']",[],Pattern
Oyster Extract,Good,[],"['Plant Extracts', 'Antioxidant']","['Support', 'Actives']",[],Pattern
Artemisia Montana Leaf Extract,Good,[],"['Plant Extracts', 'Antioxidant']","['Support', 'Actives']",[],Pattern
Allium Victorialis Extract,Good,[],"['Plant Extracts', 'Antioxidant']","['Support', 'Actives']",[],Pattern
Fucus Serratus Extract,Good,[],"['Plant Extracts', 'Antioxidant']","['Support', 'Actives']",[],Pattern
Rhododendron Ferrugineum Extract,Good,[],"['Plant Extracts', 'Antioxidant']","['Support', 'Actives']",[],Pattern
Oryza Sativa Extract 74.96%,Good,[],"['Plant Extracts', 'Antioxidant']","['Support', 'Actives']",[],Pattern
Pimpinella Anisum Seed Oil,Good,['Hydration'],"['Emollient', 'Plant Extracts']",['Support'],[],Pattern
Ozonized Sunflower Seed Oil,Good,['Hydration'],"['Emollient', 'Plant Extracts']",['Support'],[],Pattern
Vaccinium Oxycoccos Fruit Extract,Good,[],"['Plant Extracts', 'Antioxidant']","['Support', 'Actives']",[],Pattern
Meteorite Extract,Good,[],"['Plant Extracts', 'Antioxidant']","['Support', 'Actives']",[],Pattern
Garcinia Kola Nut Extract,Good,[],"['Plant Extracts', 'Antioxidant']","['Support', 'Actives']",[],Pattern
Duboisia Leichhardtii Leaf Extract,Good,[],"['Plant Extracts', 'Antioxidant']","['Support', 'Actives']",[],Pattern
Ci 77489,Average,[],['Coloring Agent/Pigment'],['Sensory'],[],Pattern
Centella Asiatica Extract 92%,Good,[],"['Plant Extracts', 'Antioxidant']","['Support', 'Actives']",[],Pattern
Azadirachta Indica Seed Oil,Good,['Hydration'],"['Emollient', 'Plant Extracts']",['Support'],[],Pattern
Lavandula Officinalis Flower Oil,Bad,[],"['Fragrance: Synthetic and Natural', 'Irritant', 'Plant Extracts']","['Sensory', 'Risks', 'Support']",[],Pattern
Solanum Lycopersicum Fruit Extract,Good,[],"['Plant Extracts', 'Antioxidant']","['Support', 'Actives']",[],Pattern
Melaleuca Quinquenervia Oil,Bad,[],"['Fragrance: Synthetic and Natural', 'Irritant', 'Plant Extracts']","['Sensory', 'Risks', 'Support']",[],Pattern
Pinus Pinaster Leaf Extract,Good,[],"['Plant Extracts', 'Antioxidant']","['Support', 'Actives']",[],Pattern
Chlorella Minutissima Extract,Good,[],"['Plant Extracts', 'Antioxidant']","['Support', 'Actives']",[],Pattern
Angelica Archangelica Root Extract,Good,[],"['Plant Extracts', 'Antioxidant']","['Support', 'Actives']",[],Pattern
Melilotus Albus Flower/Leaf/Stem Extract,Good,[],"['Plant Extracts', 'Antioxidant']","['Support', 'Actives']",[],Pattern
Punica Granatum Juice Extract,Good,[],"['Plant Extracts', 'Antioxidant']","['Support', 'Actives']",[],Pattern
Durio Zibethinus Fruit Extract,Good,[],"['Plant Extracts', 'Antioxidant']","['Support', 'Actives']",[],Pattern
Pelargonium Graveolens Extract,Good,[],"['Plant Extracts', 'Antioxidant']","['Support', 'Actives']",[],Pattern
Urtica Dioica Extract,Good,[],"['Plant Extracts', 'Antioxidant']","['Support', 'Actives']",[],Pattern
Nelumbo Nucifera Seed Extract,Good,[],"['Plant Extracts', 'Antioxidant']","['Support', 'Actives']",[],Pattern
Hypericum Perforatum Flower Extract,Good,[],"['Plant Extracts', 'Antioxidant']","['Support', 'Actives']",[],Pattern
Bifida Ferment Extract,Good,[],"['Plant Extracts', 'Antioxidant']","['Support', 'Actives']",[],Pattern
Solanum Tuberosum Peel Extract,Good,[],"['Plant Extracts', 'Antioxidant']","['Support', 'Actives']",[],Pattern
Hippophae Rhamnoides Seed Oil,Good,['Hydration'],"['Emollient', 'Plant Extracts']",['Support'],[],Pattern
Schisandra Chinensis Fruit Extract 6%,Good,[],"['Plant Extracts', 'Antioxidant']","['Support', 'Actives']",[],Pattern
Viola Odorata Extract,Good,[],"['Plant Extracts', 'Antioxidant']","['Support', 'Actives']",[],Pattern
Castanea Sativa Bark Extract,Good,[],"['Plant Extracts', 'Antioxidant']","['Support', 'Actives']",[],Pattern
Taraxacum Officinale Root Extract,Good,[],"['Plant Extracts', 'Antioxidant']","['Support', 'Actives']",[],Pattern
Rheum Undulatum Root/Stalk/Stem Extract,Good,[],"['Plant Extracts', 'Antioxidant']","['Support', 'Actives']",[],Pattern
Medicago Sativa Leaf Extract,Good,[],"['Plant Extracts', 'Antioxidant']","['Support', 'Actives']",[],Pattern
Citrus Aurantium Dulcis Peel Extract,Good,[],"['Plant Extracts', 'Antioxidant']","['Support', 'Actives']",[],Pattern
Quercus Serrata Extract,Good,[],"['Plant Extracts', 'Antioxidant']","['Support', 'Actives']",[],Pattern
Avena Sativa Kernel Oil,Good,['Hydration'],"['Emollient', 'Plant Extracts']",['Support'],[],Pattern
Citrus Junos Extract,Good,[],"['Plant Extracts', 'Antioxidant']","['Support', 'Actives']",[],Pattern
Hydrogenated Cottonseed Oil,Good,['Hydration'],"['Emollient', 'Plant Extracts']",['Support'],[],Pattern
Phaseolus Radiatus Seed Extract,Good,[],"['Plant Extracts', 'Antioxidant']","['Support', 'Actives']",[],Pattern
Citrus Limon Fruit Oil,Bad,[],"['Fragrance: Synthetic and Natural', 'Irritant', 'Plant Extracts']","['Sensory', 'Risks', 'Support']",[],Pattern
Hair Extract,Good,[],"['Plant Extracts', 'Antioxidant']","['Support', 'Actives']",[],Pattern
Panax Ginseng Root Extract 62%,Good,[],"['Plant Extracts', 'Antioxidant']","['Support', 'Actives']",[],Pattern
Anemarrhena Asphodeloides Root Extract,Good,[],"['Plant Extracts', 'Antioxidant']","['Support', 'Actives']",[],Pattern
Clematis Vitalba Leaf Extract,Good,[],"['Plant Extracts', 'Antioxidant']","['Support', 'Actives']",[],Pattern
Momordica Charantia Fruit Extract 77%,Good,[],"['Plant Extracts', 'Antioxidant']","['Support', 'Actives']",[],Pattern
Prunus Amygdalus Dulcis Fruit Extract,Good,[],"['Plant Extracts', 'Antioxidant']","['Support', 'Actives']",[],Pattern
Ganoderma Lucidum Fruiting Body Extract,Good,[],"['Plant Extracts', 'Antioxidant']","['Support', 'Actives']",[],Pattern
Trifolium Pratense Leaf Extract,Good,[],"['Plant Extracts', 'Antioxidant']","['Support', 'Actives']",[],Pattern
Ziziphus Joazeiro Bark Extract,Good,[],"['Plant Extracts', 'Antioxidant']","['Support', 'Actives']",[],Pattern
Vanilla Tahitensis Fruit Extract,Good,[],"['Plant Extracts', 'Antioxidant']","['Support', 'Actives']",[],Pattern
Dioscorea Japonica Root Extract,Good,[],"['Plant Extracts', 'Antioxidant']","['Support', 'Actives']",[],Pattern
Ci 12120,Average,[],['Coloring Agent/Pigment'],['Sensory'],[],Pattern
Carica Papaya Seed Oil,Good,['Hydration'],"['Emollient', 'Plant Extracts']",['Support'],[],Pattern
Cuminum Cyminum Seed Oil,Good,['Hydration'],"['Emollient', 'Plant Extracts']",['Support'],[],Pattern
Phaseolus Vulgaris Seed Extract 9.67%,Good,[],"['Plant Extracts', 'Antioxidant']","['Support', 'Actives']",[],Pattern
Ledebouriella Seseloides Root Extract,Good,[],"['Plant Extracts', 'Antioxidant']","['Support', 'Actives']",[],Pattern
Sciadopitys Verticillata Root Extract,Good,[],"['Plant Extracts', 'Antioxidant']","['Support', 'Actives']",[],Pattern
Ilex Aquifolium Leaf Extract,Good,[],"['Plant Extracts', 'Antioxidant']","['Support', 'Actives']",[],Pattern
Shea Butter Ethyl Esters,Good,['Hydration'],['Emollient'],['Support'],[],Pattern
Propolis Extract 3%,Good,[],"['Plant Extracts', 'Antioxidant']","['Support', 'Actives']",[],Pattern
Anise Alcohol,Bad,[],"['Fragrance: Synthetic and Natural', 'Irritant']","['Sensory', 'Risks']",['EU list of 26 fragrance allergens requiring labeling'],EU 26
Hydrolyzed Brassica Alba Seed Extract,Good,[],"['Plant Extracts', 'Antioxidant']","['Support', 'Actives']",[],Pattern
Citrus Junos Fruit Extract 90%,Good,[],"['Plant Extracts', 'Antioxidant']","['Support', 'Actives']",[],Pattern
Dictyopteris Membranacea Extract,Good,[],"['Plant Extracts', 'Antioxidant']","['Support', 'Actives']",[],Pattern
Caryodendron Orinocense Seed Oil,Good,['Hydration'],"['Emollient', 'Plant Extracts']",['Support'],[],Pattern
Prunus Persica Extract,Good,[],"['Plant Extracts', 'Antioxidant']","['Support', 'Actives']",[],Pattern
Orchis Mascula Flower Extract,Good,[],"['Plant Extracts', 'Antioxidant']","['Support', 'Actives']",[],Pattern
Vaccinium Angustifolium Fruit Extract 88%,Good,[],"['Plant Extracts', 'Antioxidant']","['Support', 'Actives']",[],Pattern
Pinus Strobus Bark Extract,Good,[],"['Plant Extracts', 'Antioxidant']","['Support', 'Actives']",[],Pattern
Bacillus/Folic Acid Ferment Filtrate Extract,Good,[],"['Plant Extracts', 'Antioxidant']","['Support', 'Actives']",[],Pattern
Hydrastis Canadensis Extract,Good,[],"['Plant Extracts', 'Antioxidant']","['Support', 'Actives']",[],Pattern
Daphne Odora Callus Extract,Good,[],"['Plant Extracts', 'Antioxidant']","['Support', 'Actives']",[],Pattern
Olea Europaea Fruit Water,Good,"['Hydration', 'Soothing']","['Humectant', 'Plant Extracts', 'Antioxidant']","['Support', 'Actives']",[],Pattern
Citrus Aurantium Bergamia Peel Oil 0.23%,Bad,[],"['Fragrance: Synthetic and Natural', 'Irritant', 'Plant Extracts']","['Sensory', 'Risks', 'Support']",[],Pattern
Hydrolyzed Manihot Esculenta Tuber Extract,Good,[],"['Plant Extracts', 'Antioxidant']","['Support', 'Actives']",[],Pattern
Pyrus Malus Peel Extract,Good,[],"['Plant Extracts', 'Antioxidant']","['Support', 'Actives']",[],Pattern
Citrus Nobilis Peel Oil,Bad,[],"['Fragrance: Synthetic and Natural', 'Irritant', 'Plant Extracts']","['Sensory', 'Risks', 'Support']",[],Pattern
Pineapple Fruit Extract Beta-Glucan,Good,[],"['Plant Extracts', 'Antioxidant']","['Support', 'Actives']",[],Pattern
Lactobacillus/Houttuynia Cordata Leaf Extract Ferment Filtrate 80%,Good,[],"['Plant Extracts', 'Antioxidant']","['Support', 'Actives']",[],Pattern
Charcoal Extract,Good,[],"['Plant Extracts', 'Antioxidant']","['Support', 'Actives']",[],Pattern
Evodia Rutaecarpa Fruit Extract,Good,[],"['Plant Extracts', 'Antioxidant']","['Support', 'Actives']",[],Pattern
Terminalia Catappa Leaf Extract,Good,[],"['Plant Extracts', 'Antioxidant']","['Support', 'Actives']",[],Pattern
Phaseolus Radiatus Sprout Extract,Good,[],"['Plant Extracts', 'Antioxidant']","['Support', 'Actives']",[],Pattern
Malva Officinalis Flower Extract,Good,[],"['Plant Extracts', 'Antioxidant']","['Support', 'Actives']",[],Pattern
Abronia Villosa Leaf Extract,Good,[],"['Plant Extracts', 'Antioxidant']","['Support', 'Actives']",[],Pattern
Amylcinnamyl Alcohol,Bad,[],"['Fragrance: Synthetic and Natural', 'Irritant']","['Sensory', 'Risks']",['EU list of 26 fragrance allergens requiring labeling'],EU 26
Citrus Aurantifolia Peel Oil,Bad,[],"['Fragrance: Synthetic and Natural', 'Irritant', 'Plant Extracts']","['Sensory', 'Risks', 'Support']",[],Pattern
Foeniculum Vulgare Fruit Extract 0.7%,Good,[],"['Plant Extracts', 'Antioxidant']","['Support', 'Actives']",[],Pattern
Rhus Semialata Gall Extract,Good,[],"['Plant Extracts', 'Antioxidant']","['Support', 'Actives']",[],Pattern
Pinus Taeda Bark Extract,Good,[],"['Plant Extracts', 'Antioxidant']","['Support', 'Actives']",[],Pattern
Ginkgo Biloba Leaf Water,Good,"['Hydration', 'Soothing']","['Humectant', 'Plant Extracts', 'Antioxidant']","['Support', 'Actives']",[],Pattern
Nymphaea Odorata Root Extract,Good,[],"['Plant Extracts', 'Antioxidant']","['Support', 'Actives']",[],Pattern
Lactobacillus/Date Fruit Ferment Extract,Good,[],"['Plant Extracts', 'Antioxidant']","['Support', 'Actives']",[],Pattern
Citrus Iyo Peel Extract,Good,[],"['Plant Extracts', 'Antioxidant']","['Support', 'Actives']",[],Pattern
Spiraea Ulmaria Leaf Extract,Good,[],"['Plant Extracts', 'Antioxidant']","['Support', 'Actives']",[],Pattern
Oenothera Biennis Seed Extract 8.59%,Good,[],"['Plant Extracts', 'Antioxidant']","['Support', 'Actives']",[],Pattern
Citrus Aurantifolia Flower Extract,Good,[],"['Plant Extracts', 'Antioxidant']","['Support', 'Actives']",[],Pattern
Rubus Idaeus Leaf Extract,Good,[],"['Plant Extracts', 'Antioxidant']","['Support', 'Actives']",[],Pattern
Aloe Barbadensis Callus Culture Extract,Good,[],"['Plant Extracts', 'Antioxidant']","['Support', 'Actives']",[],Pattern
Myrothamnus Flabellifolia Extract,Good,[],"['Plant Extracts', 'Antioxidant']","['Support', 'Actives']",[],Pattern
Rosmarinus Officinalis Leaf Extract 31.9%,Good,[],"['Plant Extracts', 'Antioxidant']","['Support', 'Actives']",[],Pattern
Coccinia Indica Fruit Extract,Good,[],"['Plant Extracts', 'Antioxidant']","['Support', 'Actives']",[],Pattern
Prunus Africana Bark Extract,Good,[],"['Plant Extracts', 'Antioxidant']","['Support', 'Actives']",[],Pattern
Moringa Oleifera Leaf Extract,Good,[],"['Plant Extracts', 'Antioxidant']","['Support', 'Actives']",[],Pattern
Cistus Monspeliensis Extract,Good,[],"['Plant Extracts', 'Antioxidant']","['Support', 'Actives']",[],Pattern
Aloe Barbadensis Leaf Extract 93.44%,Good,[],"['Plant Extracts', 'Antioxidant']","['Support', 'Actives']",[],Pattern
Alpinia Katsumadai Seed Extract,Good,[],"['Plant Extracts', 'Antioxidant']","['Support', 'Actives']",[],Pattern
Zizania Aquatica Extract,Good,[],"['Plant Extracts', 'Antioxidant']","['Support', 'Actives']",[],Pattern
Achillea Millefolium Flower Extract,Good,[],"['Plant Extracts', 'Antioxidant']","['Support', 'Actives']",[],Pattern
Musa Sapientum Flower Extract,Good,[],"['Plant Extracts', 'Antioxidant']","['Support', 'Actives']",[],Pattern
Milk Extract,Good,[],"['Plant Extracts', 'Antioxidant']","['Support', 'Actives']",[],Pattern
Artemisia Princeps Leaf Extract,Good,[],"['Plant Extracts', 'Antioxidant']","['Support', 'Actives']",[],Pattern
Hibiscus Syriacus Bark Extract,Good,[],"['Plant Extracts', 'Antioxidant']","['Support', 'Actives']",[],Pattern
Primula Veris Flower Extract,Good,[],"['Plant Extracts', 'Antioxidant']","['Support', 'Actives']",[],Pattern
Caviar Extract,Good,[],"['Plant Extracts', 'Antioxidant']","['Support', 'Actives']",[],Pattern
Coptis Chinensis Root Extract,Good,[],"['Plant Extracts', 'Antioxidant']","['Support', 'Actives']",[],Pattern
Schisandra Chinensis Fruit Extract 86%,Good,[],"['Plant Extracts', 'Antioxidant']","['Support', 'Actives']",[],Pattern
Sorghum Bicolor Leaf/Stem Extract,Good,[],"['Plant Extracts', 'Antioxidant']","['Support', 'Actives']",[],Pattern
Hamamelis Virginiana Flower Water,Good,"['Hydration', 'Soothing']","['Humectant', 'Plant Extracts', 'Antioxidant']","['Support', 'Actives']",[],Pattern
Paullinia Cupana Fruit Extract,Good,[],"['Plant Extracts', 'Antioxidant']","['Support', 'Actives']",[],Pattern
Nephelium Lappaceum Branch/Fruit/Leaf Extract,Good,[],"['Plant Extracts', 'Antioxidant']","['Support', 'Actives']",[],Pattern
Cardiospermum Halicacabum Seed Extract,Good,[],"['Plant Extracts', 'Antioxidant']","['Support', 'Actives']",[],Pattern
Prunus Mume Seed Extract,Good,[],"['Plant Extracts', 'Antioxidant']","['Support', 'Actives']",[],Pattern
Daucus Carota Sativa Extract,Good,[],"['Plant Extracts', 'Antioxidant']","['Support', 'Actives']",[],Pattern
Caesalpinia Spinosa Fruit Extract,Good,[],"['Plant Extracts', 'Antioxidant']","['Support', 'Actives']",[],Pattern
Pimpinella Anisum Seed Extract,Good,[],"['Plant Extracts', 'Antioxidant']","['Support', 'Actives']",[],Pattern
Betula Platyphylla Japonica Bark Extract,Good,[],"['Plant Extracts', 'Antioxidant']","['Support', 'Actives']",[],Pattern
Fraxinus Excelsior Leaf Extract,Good,[],"['Plant Extracts', 'Antioxidant']","['Support', 'Actives']",[],Pattern
Actinidia Arguta Fruit Extract,Good,[],"['Plant Extracts', 'Antioxidant']","['Support', 'Actives']",[],Pattern
Potentilla Miyabei Callus Extract,Good,[],"['Plant Extracts', 'Antioxidant']","['Support', 'Actives']",[],Pattern
Chlorella Emersonii Extract,Good,[],"['Plant Extracts', 'Antioxidant']","['Support', 'Actives']",[],Pattern
Arctium Lappa Fruit Extract,Good,[],"['Plant Extracts', 'Antioxidant']","['Support', 'Actives']",[],Pattern
Hypoxis Rooperi Rhizome Extract,Good,[],"['Plant Extracts', 'Antioxidant']","['Support', 'Actives']",[],Pattern
Pinus Pinaster Seed Oil,Good,['Hydration'],"['Emollient', 'Plant Extracts']",['Support'],[],Pattern
Verbascum Thapsus Extract,Good,[],"['Plant Extracts', 'Antioxidant']","['Support', 'Actives']",[],Pattern
Phyllanthus Emblica Extract,Good,[],"['Plant Extracts', 'Antioxidant']","['Support', 'Actives']",[],Pattern
Yeast Ferment Extract,Good,[],"['Plant Extracts', 'Antioxidant']","['Support', 'Actives']",[],Pattern
Rosa Rugosa Flower Water,Good,"['Hydration', 'Soothing']","['Humectant', 'Plant Extracts', 'Antioxidant']","['Support', 'Actives']",[],Pattern
Harpagophytum Procumbens Root Extract,Good,[],"['Plant Extracts', 'Antioxidant']","['Support', 'Actives']",[],Pattern
Yogurt Extract,Good,[],"['Plant Extracts', 'Antioxidant']","['Support', 'Actives']",[],Pattern
Origanum Majorana Leaf Extract,Good,[],"['Plant Extracts', 'Antioxidant']","['Support', 'Actives']",[],Pattern
Althaea Officinalis Leaf Extract,Good,[],"['Plant Extracts', 'Antioxidant']","['Support', 'Actives']",[],Pattern
Seahorse Extract,Good,[],"['Plant Extracts', 'Antioxidant']","['Support', 'Actives']",[],Pattern
Argania Spinosa Callus Culture Extract,Good,[],"['Plant Extracts', 'Antioxidant']","['Support', 'Actives']",[],Pattern
Apricot Kernel Oil Peg-6 Esters,Good,['Hydration'],"['Emollient', 'Plant Extracts']",['Support'],[],Pattern
Camel Milk Extract,Good,[],"['Plant Extracts', 'Antioxidant']","['Support', 'Actives']",[],Pattern
Citrus Limon Bud Extract,Good,[],"['Plant Extracts', 'Antioxidant']","['Support', 'Actives']",[],Pattern
Opuntia Ficus-Indica Fruit Water,Good,"['Hydration', 'Soothing']","['Humectant', 'Plant Extracts', 'Antioxidant']","['Support', 'Actives']",[],Pattern
Cassia Tora Seed Extract,Good,[],"['Plant Extracts', 'Antioxidant']","['Support', 'Actives']",[],Pattern
Calf Skin Extract,Good,[],"['Plant Extracts', 'Antioxidant']","['Support', 'Actives']",[],Pattern
Hippophae Rhamnoides Extract,Good,[],"['Plant Extracts', 'Antioxidant']","['Support', 'Actives']",[],Pattern
Simmondsia Chinensis Seed Oil 2%,Good,['Hydration'],"['Emollient', 'Plant Extracts']",['Support'],[],Pattern
Hydrolyzed Soy Protein Extract,Good,[],"['Plant Extracts', 'Antioxidant']","['Support', 'Actives']",[],Pattern
Larix Leptolepis Bark Extract,Good,[],"['Plant Extracts', 'Antioxidant']","['Support', 'Actives']",[],Pattern
Gossypium Herbaceum Seed Oil,Good,['Hydration'],"['Emollient', 'Plant Extracts']",['Support'],[],Pattern
Aloe Barbadensis Callus Extract,Good,[],"['Plant Extracts', 'Antioxidant']","['Support', 'Actives']",[],Pattern
Mentha Haplocalix Extract,Good,[],"['Plant Extracts', 'Antioxidant']","['Support', 'Actives']",[],Pattern
Piper Nigrum Seed Extract,Good,[],"['Plant Extracts', 'Antioxidant']","['Support', 'Actives']",[],Pattern
Citrus Nobilis Peel Oil 0.97%,Bad,[],"['Fragrance: Synthetic and Natural', 'Irritant', 'Plant Extracts']","['Sensory', 'Risks', 'Support']",[],Pattern
Tambourissa Trichophylla Leaf Extract,Good,[],"['Plant Extracts', 'Antioxidant']","['Support', 'Actives']",[],Pattern
Hydrolyzed Rice Extract,Good,[],"['Plant Extracts', 'Antioxidant']","['Support', 'Actives']",[],Pattern
Cnidium Monnieri Fruit Extract,Good,[],"['Plant Extracts', 'Antioxidant']","['Support', 'Actives']",[],Pattern
Hibiscus Abelmoschus Extract,Good,[],"['Plant Extracts', 'Antioxidant']","['Support', 'Actives']",[],Pattern
Melaleuca Cajaputi Extract,Good,[],"['Plant Extracts', 'Antioxidant']","['Support', 'Actives']",[],Pattern
Xanthium Strumarium Fruit Extract,Good,[],"['Plant Extracts', 'Antioxidant']","['Support', 'Actives']",[],Pattern
Cichorium Intybus Leaf Extract,Good,[],"['Plant Extracts', 'Antioxidant']","['Support', 'Actives']",[],Pattern
Adenium Obesum Leaf Cell Extract,Good,[],"['Plant Extracts', 'Antioxidant']","['Support', 'Actives']",[],Pattern
Lamium Album Flower Water,Good,"['Hydration', 'Soothing']","['Humectant', 'Plant Extracts', 'Antioxidant']","['Support', 'Actives']",[],Pattern
Mentha Viridis Leaf Extract,Good,[],"['Plant Extracts', 'Antioxidant']","['Support', 'Actives']",[],Pattern
Phaseolus Angularis Seed Extract,Good,[],"['Plant Extracts', 'Antioxidant']","['Support', 'Actives']",[],Pattern
Monostroma Nitidum Thallus Extract,Good,[],"['Plant Extracts', 'Antioxidant']","['Support', 'Actives']",[],Pattern
Macadamia Seed Oil Polyglyceryl-6 Esters Behenate,Good,['Hydration'],"['Emollient', 'Plant Extracts']",['Support'],[],Pattern
Salvia Miltiorrhiza Leaf Extract,Good,[],"['Plant Extracts', 'Antioxidant']","['Support', 'Actives']",[],Pattern
Citrus Sunki Seed Oil,Good,['Hydration'],"['Emollient', 'Plant Extracts']",['Support'],[],Pattern
Acorus Calamus Root Extract,Good,[],"['Plant Extracts', 'Antioxidant']","['Support', 'Actives']",[],Pattern
Centella Asiatica Leaf Water 70.7%,Good,"['Hydration', 'Soothing']","['Humectant', 'Plant Extracts', 'Antioxidant']","['Support', 'Actives']",[],Pattern
Psoralea Corylifolia Fruit Extract,Good,[],"['Plant Extracts', 'Antioxidant']","['Support', 'Actives']",[],Pattern
Magnolia Biondii Bud/Flower Extract,Good,[],"['Plant Extracts', 'Antioxidant']","['Support', 'Actives']",[],Pattern
Eugenia Caryophyllus Bud Extract,Good,[],"['Plant Extracts', 'Antioxidant']","['Support', 'Actives']",[],Pattern
Parfum,Worst,[],"['Fragrance: Synthetic and Natural', 'Irritant']","['Sensory', 'Risks']",[],Manual
Zanthoxylum Piperitum Peel Extract,Good,[],"['Plant Extracts', 'Antioxidant']","['Support', 'Actives']",[],Pattern
Centella Asiatica Extract 30%,Good,[],"['Plant Extracts', 'Antioxidant']","['Support', 'Actives']",[],Pattern
Phyllostachys Bambusoides Leaf Extract,Good,[],"['Plant Extracts', 'Antioxidant']","['Support', 'Actives']",[],Pattern
Ci 77004,Average,[],['Coloring Agent/Pigment'],['Sensory'],[],Pattern
Saccharina Angustata/Undaria Pinnatifida Extract,Good,[],"['Plant Extracts', 'Antioxidant']","['Support', 'Actives']",[],Pattern
Opuntia Ficus-Indica Seed Oil,Good,['Hydration'],"['Emollient', 'Plant Extracts']",['Support'],[],Pattern
Citrus Iyo Fruit Extract,Good,[],"['Plant Extracts', 'Antioxidant']","['Support', 'Actives']",[],Pattern
Ecklonia Laminaria Extract,Good,[],"['Plant Extracts', 'Antioxidant']","['Support', 'Actives']",[],Pattern
Citrullus Lanatus Fruit Water,Good,"['Hydration', 'Soothing']","['Humectant', 'Plant Extracts', 'Antioxidant']","['Support', 'Actives']",[],Pattern
Nelumbo Nucifera Flower Water,Good,"['Hydration', 'Soothing']","['Humectant', 'Plant Extracts', 'Antioxidant']","['Support', 'Actives']",[],Pattern
Brassica Oleracea Capitata Leaf Extract,Good,[],"['Plant Extracts', 'Antioxidant']","['Support', 'Actives']",[],Pattern
Cucumis Sativus Fruit Water,Good,"['Hydration', 'Soothing']","['Humectant', 'Plant Extracts', 'Antioxidant']","['Support', 'Actives']",[],Pattern
Plantago Lanceolata Seed Extract,Good,[],"['Plant Extracts', 'Antioxidant']","['Support', 'Actives']",[],Pattern
Opuntia Tuna Flower/Stem Extract,Good,[],"['Plant Extracts', 'Antioxidant']","['Support', 'Actives']",[],Pattern
Avena Sativa Leaf/Stem Extract,Good,[],"['Plant Extracts', 'Antioxidant']","['Support', 'Actives']",[],Pattern
Pyrus Malus Leaf Extract 83%,Good,[],"['Plant Extracts', 'Antioxidant']","['Support', 'Actives']",[],Pattern
Panax Ginseng Seed Oil,Good,['Hydration'],"['Emollient', 'Plant Extracts']",['Support'],[],Pattern
Rosmarinus Officinalis Flower/Leaf/Stem Water,Good,"['Hydration', 'Soothing']","['Humectant', 'Plant Extracts', 'Antioxidant']","['Support', 'Actives']",[],Pattern
Beta Vulgaris Extract,Good,[],"['Plant Extracts', 'Antioxidant']","['Support', 'Actives']",[],Pattern
Jojoba Oil/Macadamia Seed Oil Esters,Good,['Hydration'],"['Emollient', 'Plant Extracts']",['Support'],[],Pattern
Hydrolyzed Brassica Napus Seedcake Extract,Good,[],"['Plant Extracts', 'Antioxidant']","['Support', 'Actives']",[],Pattern
Angelica Keiskei Leaf/Stem Extract,Good,[],"['Plant Extracts', 'Antioxidant']","['Support', 'Actives']",[],Pattern
Dictyopteris Polypodioides Extract,Good,[],"['Plant Extracts', 'Antioxidant']","['Support', 'Actives']",[],Pattern
Ci 60725,Average,[],['Coloring Agent/Pigment'],['Sensory'],[],Pattern
Tilia Cordata Flower Water,Good,"['Hydration', 'Soothing']","['Humectant', 'Plant Extracts', 'Antioxidant']","['Support', 'Actives']",[],Pattern
Acacia Senegal Gum Extract,Good,[],"['Plant Extracts', 'Antioxidant']","['Support', 'Actives']",[],Pattern
Nymphaea Caerulea Flower Extract,Good,[],"['Plant Extracts', 'Antioxidant']","['Support', 'Actives']",[],Pattern
Citrus Aurantium Amara Flower Water,Good,"['Hydration', 'Soothing']","['Humectant', 'Plant Extracts', 'Antioxidant']","['Support', 'Actives']",[],Pattern
Panax Ginseng Flower Extract,Good,[],"['Plant Extracts', 'Antioxidant']","['Support', 'Actives']",[],Pattern
Simmondsia Chinensis Seed Oil 50.98%,Good,['Hydration'],"['Emollient', 'Plant Extracts']",['Support'],[],Pattern
Benincasa Cerifera Fruit Extract,Good,[],"['Plant Extracts', 'Antioxidant']","['Support', 'Actives']",[],Pattern
Setaria Italica Seed Extract,Good,[],"['Plant Extracts', 'Antioxidant']","['Support', 'Actives']",[],Pattern
Sideritis Perfoliata Flower/Leaf/Stem Extract,Good,[],"['Plant Extracts', 'Antioxidant']","['Support', 'Actives']",[],Pattern
Camellia Sinensis Leaf Extract 30.87%,Good,[],"['Plant Extracts', 'Antioxidant']","['Support', 'Actives']",[],Pattern
Butyrospermum Parkii Butter Unsaponifiables,Good,['Hydration'],['Emollient'],['Support'],[],Pattern
Chrysanthemum Parthenium Extract,Good,[],"['Plant Extracts', 'Antioxidant']","['Support', 'Actives']",[],Pattern
Santalum Album Extract,Good,[],"['Plant Extracts', 'Antioxidant']","['Support', 'Actives']",[],Pattern
Thymus Vulgaris Flower/Leaf Extract,Good,[],"['Plant Extracts', 'Antioxidant']","['Support', 'Actives']",[],Pattern
Sorbus Commixta Extract,Good,[],"['Plant Extracts', 'Antioxidant']","['Support', 'Actives']",[],Pattern
Passiflora Edulis Peel Extract,Good,[],"['Plant Extracts', 'Antioxidant']","['Support', 'Actives']",[],Pattern
Solidago Virgaurea Extract,Good,[],"['Plant Extracts', 'Antioxidant']","['Support', 'Actives']",[],Pattern
Tamarindus Indica Seed Extract,Good,[],"['Plant Extracts', 'Antioxidant']","['Support', 'Actives']",[],Pattern
Adansonia Digitata Fruit Extract,Good,[],"['Plant Extracts', 'Antioxidant']","['Support', 'Actives']",[],Pattern
Glycyrrhiza Uralensis Extract,Good,[],"['Plant Extracts', 'Antioxidant']","['Support', 'Actives']",[],Pattern
Pinus Koraiensis Seed Extract,Good,[],"['Plant Extracts', 'Antioxidant']","['Support', 'Actives']",[],Pattern
Melissa Officinalis Leaf Water,Good,"['Hydration', 'Soothing']","['Humectant', 'Plant Extracts', 'Antioxidant']","['Support', 'Actives']",[],Pattern
Lythrum Salicaria Extract,Good,[],"['Plant Extracts', 'Antioxidant']","['Support', 'Actives']",[],Pattern
Shorea Robusta Seed Butter,Good,['Hydration'],['Emollient'],['Support'],[],Pattern
Limonium Gerberi Extract,Good,[],"['Plant Extracts', 'Antioxidant']","['Support', 'Actives']",[],Pattern
Aframomum Angustifolium Seed Extract,Good,[],"['Plant Extracts', 'Antioxidant']","['Support', 'Actives']",[],Pattern
Curculigo Orchioides Root Extract,Good,[],"['Plant Extracts', 'Antioxidant']","['Support', 'Actives']",[],Pattern
Pikea Robusta Extract,Good,[],"['Plant Extracts', 'Antioxidant']","['Support', 'Actives']",[],Pattern
Ci 75470,Average,[],['Coloring Agent/Pigment'],['Sensory'],[],Pattern
Carthamus Tinctorius Bud Extract,Good,[],"['Plant Extracts', 'Antioxidant']","['Support', 'Actives']",[],Pattern
Tasmannia Lanceolata Fruit Extract,Good,[],"['Plant Extracts', 'Antioxidant']","['Support', 'Actives']",[],Pattern
Leontopodium Alpinum Flower/Leaf Extract,Good,[],"['Plant Extracts', 'Antioxidant']","['Support', 'Actives']",[],Pattern
Opuntia Vulgaris Leaf Extract,Good,[],"['Plant Extracts', 'Antioxidant']","['Support', 'Actives']",[],Pattern
Ascophyllum Nodosum Extract,Good,[],"['Plant Extracts', 'Antioxidant']","['Support', 'Actives']",[],Pattern
Camellia Sinensis Leaf Extract 80%,Good,[],"['Plant Extracts', 'Antioxidant']","['Support', 'Actives']",[],Pattern
Citrus Nobilis Peel Oil 0.49%,Bad,[],"['Fragrance: Synthetic and Natural', 'Irritant', 'Plant Extracts']","['Sensory', 'Risks', 'Support']",[],Pattern
Primula Veris Extract,Good,[],"['Plant Extracts', 'Antioxidant']","['Support', 'Actives']",[],Pattern
Camellia Sinensis Leaf Extract 0.5%,Good,[],"['Plant Extracts', 'Antioxidant']","['Support', 'Actives']",[],Pattern
Lilium Candidum Leaf Cell Extract,Good,[],"['Plant Extracts', 'Antioxidant']","['Support', 'Actives']",[],Pattern
Lavandula Intermedia Oil,Bad,[],"['Fragrance: Synthetic and Natural', 'Irritant', 'Plant Extracts']","['Sensory', 'Risks', 'Support']",[],Pattern
Daucus Carota Sativa Callus Culture Extract,Good,[],"['Plant Extracts', 'Antioxidant']","['Support', 'Actives']",[],Pattern
Rubus Fruticosus Fruit Extract 21%,Good,[],"['Plant Extracts', 'Antioxidant']","['Support', 'Actives']",[],Pattern
Tilia Vulgaris Flower Extract,Good,[],"['Plant Extracts', 'Antioxidant']","['Support', 'Actives']",[],Pattern
Anetholea Anisata Leaf Extract,Good,[],"['Plant Extracts', 'Antioxidant']","['Support', 'Actives']",[],Pattern
Momordica Grosvenorii Fruit Extract,Good,[],"['Plant Extracts', 'Antioxidant']","['Support', 'Actives']",[],Pattern
Carica Papaya Fruit Water 43%,Good,"['Hydration', 'Soothing']","['Humectant', 'Plant Extracts', 'Antioxidant']","['Support', 'Actives']",[],Pattern
Pinus Pumilio Bark Extract,Good,[],"['Plant Extracts', 'Antioxidant']","['Support', 'Actives']",[],Pattern
Aristotelia Chilensis Fruit Extract,Good,[],"['Plant Extracts', 'Antioxidant']","['Support', 'Actives']",[],Pattern
Juniperus Communis Fruit Extract,Good,[],"['Plant Extracts', 'Antioxidant']","['Support', 'Actives']",[],Pattern
Hedera Helix Leaf Extract,Good,[],"['Plant Extracts', 'Antioxidant']","['Support', 'Actives']",[],Pattern
Sulfated Coconut Oil,Good,['Hydration'],"['Emollient', 'Plant Extracts']",['Support'],[],Pattern
Hydrolyzed Vitis Labrusca Skin Extract,Good,[],"['Plant Extracts', 'Antioxidant']","['Support', 'Actives']",[],Pattern
Artemisia Vulgaris Extract 80%,Good,[],"['Plant Extracts', 'Antioxidant']","['Support', 'Actives']",[],Pattern
Torreya Nucifera Seed Oil,Good,['Hydration'],"['Emollient', 'Plant Extracts']",['Support'],[],Pattern
Curcuma Longa Rhizome Extract,Good,[],"['Plant Extracts', 'Antioxidant']","['Support', 'Actives']",[],Pattern
Allium Ursinum Extract,Good,[],"['Plant Extracts', 'Antioxidant']","['Support', 'Actives']",[],Pattern
Rhododendron Ferrugineum Leaf Cell Culture Extract,Good,[],"['Plant Extracts', 'Antioxidant']","['Support', 'Actives']",[],Pattern
Rosa Rugosa Leaf Extract,Good,[],"['Plant Extracts', 'Antioxidant']","['Support', 'Actives']",[],Pattern
Hydrolyzed Gardenia Florida Extract,Good,[],"['Plant Extracts', 'Antioxidant']","['Support', 'Actives']",[],Pattern
Rosa Damascena Flower Extract,Good,[],"['Plant Extracts', 'Antioxidant']","['Support', 'Actives']",[],Pattern
Citrus Clementina Fruit Extract,Good,[],"['Plant Extracts', 'Antioxidant']","['Support', 'Actives']",[],Pattern
Terminalia Ferdinandiana Fruit Extract,Good,[],"['Plant Extracts', 'Antioxidant']","['Support', 'Actives']",[],Pattern
Hornet Extract,Good,[],"['Plant Extracts', 'Antioxidant']","['Support', 'Actives']",[],Pattern
Halidrys Siliquosa Extract,Good,[],"['Plant Extracts', 'Antioxidant']","['Support', 'Actives']",[],Pattern
Grass-Hay Herb Extract,Good,[],"['Plant Extracts', 'Antioxidant']","['Support', 'Actives']",[],Pattern
Mentha Rotundifolia Leaf Extract,Good,[],"['Plant Extracts', 'Antioxidant']","['Support', 'Actives']",[],Pattern
Sequoia Sempervirens Leaf Cell Extract,Good,[],"['Plant Extracts', 'Antioxidant']","['Support', 'Actives']",[],Pattern
Maris Limus Extract,Good,[],"['Plant Extracts', 'Antioxidant']","['Support', 'Actives']",[],Pattern
Piper Methysticum Leaf/Root/Stem Extract,Good,[],"['Plant Extracts', 'Antioxidant']","['Support', 'Actives']",[],Pattern
Bixa Orellana Seed Oil,Good,['Hydration'],"['Emollient', 'Plant Extracts']",['Support'],[],Pattern
Ocimum Basilicum Seed Extract,Good,[],"['Plant Extracts', 'Antioxidant']","['Support', 'Actives']",[],Pattern
Zanthoxylum Schinifolium Leaf Extract,Good,[],"['Plant Extracts', 'Antioxidant']","['Support', 'Actives']",[],Pattern
Gossypium Herbaceum Flower Extract,Good,[],"['Plant Extracts', 'Antioxidant']","['Support', 'Actives']",[],Pattern
Hydrolyzed Walnut Extract,Good,[],"['Plant Extracts', 'Antioxidant']","['Support', 'Actives']",[],Pattern
Aphloia Theiformis Leaf Extract,Good,[],"['Plant Extracts', 'Antioxidant']","['Support', 'Actives']",[],Pattern
Panax Notoginseng Root Extract,Good,[],"['Plant Extracts', 'Antioxidant']","['Support', 'Actives']",[],Pattern
Phragmites Communis Extract,Good,[],"['Plant Extracts', 'Antioxidant']","['Support', 'Actives']",[],Pattern
Pinus Banksiana Bark Extract,Good,[],"['Plant Extracts', 'Antioxidant']","['Support', 'Actives']",[],Pattern
Citrus Iyo Oil,Bad,[],"['Fragrance: Synthetic and Natural', 'Irritant', 'Plant Extracts']","['Sensory', 'Risks', 'Support']",[],Pattern
Saccharomyces/Imperata Cylindrica Root Ferment Extract,Good,[],"['Plant Extracts', 'Antioxidant']","['Support', 'Actives']",[],Pattern
Smilax China Bark Extract,Good,[],"['Plant Extracts', 'Antioxidant']","['Support', 'Actives']",[],Pattern
Panicum Miliaceum Extract,Good,[],"['Plant Extracts', 'Antioxidant']","['Support', 'Actives']",[],Pattern
Artemisia Scoparia Extract,Good,[],"['Plant Extracts', 'Antioxidant']","['Support', 'Actives']",[],Pattern
Petroselinum Sativum Extract,Good,[],"['Plant Extracts', 'Antioxidant']","['Support', 'Actives']",[],Pattern
Rubus Arcticus Fruit Extract,Good,[],"['Plant Extracts', 'Antioxidant']","['Support', 'Actives']",[],Pattern
Lactobacillus/Wasabia Japonica Root Ferment Extract,Good,[],"['Plant Extracts', 'Antioxidant']","['Support', 'Actives']",[],Pattern
Baptisia Tinctoria Root Extract,Good,[],"['Plant Extracts', 'Antioxidant']","['Support', 'Actives']",[],Pattern
Saccharomyces Cerevisiae Extract,Good,[],"['Plant Extracts', 'Antioxidant']","['Support', 'Actives']",[],Pattern
Sargassum Vulgare Extract,Good,[],"['Plant Extracts', 'Antioxidant']","['Support', 'Actives']",[],Pattern
Ferula Foetida Root Extract,Good,[],"['Plant Extracts', 'Antioxidant']","['Support', 'Actives']",[],Pattern
Kunzea Pomifera Seed Oil,Good,['Hydration'],"['Emollient', 'Plant Extracts']",['Support'],[],Pattern
Lavandula Hybrida Oil,Bad,[],"['Fragrance: Synthetic and Natural', 'Irritant', 'Plant Extracts']","['Sensory', 'Risks', 'Support']",[],Pattern
Lavandula Angustifolia Flower/Leaf/Stem Extract,Good,[],"['Plant Extracts', 'Antioxidant']","['Support', 'Actives']",[],Pattern
Oak Root Extract,Good,[],"['Plant Extracts', 'Antioxidant']","['Support', 'Actives']",[],Pattern
Fagraea Berteroana Flower Extract,Good,[],"['Plant Extracts', 'Antioxidant']","['Support', 'Actives']",[],Pattern
Pyrus Cydonia Seed Extract,Good,[],"['Plant Extracts', 'Antioxidant']","['Support', 'Actives']",[],Pattern
Grifola Frondosa Extract,Good,[],"['Plant Extracts', 'Antioxidant']","['Support', 'Actives']",[],Pattern
Honey Extract 40%,Good,[],"['Plant Extracts', 'Antioxidant']","['Support', 'Actives']",[],Pattern
Vaccinium Vitis-Idaea Leaf Extract,Good,[],"['Plant Extracts', 'Antioxidant']","['Support', 'Actives']",[],Pattern
Propolis Extract 10%,Good,[],"['Plant Extracts', 'Antioxidant']","['Support', 'Actives']",[],Pattern
Angelica Keiskei Leaf/Stem Extract 0.1%,Good,[],"['Plant Extracts', 'Antioxidant']","['Support', 'Actives']",[],Pattern
Rosa Hybrid Flower Extract,Good,[],"['Plant Extracts', 'Antioxidant']","['Support', 'Actives']",[],Pattern
Acer Rubrum Bark Extract,Good,[],"['Plant Extracts', 'Antioxidant']","['Support', 'Actives']",[],Pattern
Viola Odorata Leaf Extract,Good,[],"['Plant Extracts', 'Antioxidant']","['Support', 'Actives']",[],Pattern
Melaleuca Quinquenervia Leaf Oil,Bad,[],"['Fragrance: Synthetic and Natural', 'Irritant', 'Plant Extracts']","['Sensory', 'Risks', 'Support']",[],Pattern
Camellia Sinensis Leaf Water 50.9%,Good,"['Hydration', 'Soothing']","['Humectant', 'Plant Extracts', 'Antioxidant']","['Support', 'Actives']",[],Pattern
Brassica Napus Seed Oil,Good,['Hydration'],"['Emollient', 'Plant Extracts']",['Support'],[],Pattern
Ribes Nigrum Seed Oil,Good,['Hydration'],"['Emollient', 'Plant Extracts']",['Support'],[],Pattern
Salix Gracilistyla Leaf Extract,Good,[],"['Plant Extracts', 'Antioxidant']","['Support', 'Actives']",[],Pattern
Viola Odorata Flower/Leaf Extract,Good,[],"['Plant Extracts', 'Antioxidant']","['Support', 'Actives']",[],Pattern
Xanthium Sibiricum Fruit Extract,Good,[],"['Plant Extracts', 'Antioxidant']","['Support', 'Actives']",[],Pattern
Lonicera Japonica Leaf Extract,Good,[],"['Plant Extracts', 'Antioxidant']","['Support', 'Actives']",[],Pattern
Crataegus Oxyacantha Stem Extract,Good,[],"['Plant Extracts', 'Antioxidant']","['Support', 'Actives']",[],Pattern
Polygonum Multiflorum Extract,Good,[],"['Plant Extracts', 'Antioxidant']","['Support', 'Actives']",[],Pattern
Prunus Persica Fruit Extract,Good,[],"['Plant Extracts', 'Antioxidant']","['Support', 'Actives']",[],Pattern
Averrhoa Carambola Leaf Extract,Good,[],"['Plant Extracts', 'Antioxidant']","['Support', 'Actives']",[],Pattern
Salvia Officinalis Flower/Leaf/Stem Water,Good,"['Hydration', 'Soothing']","['Humectant', 'Plant Extracts', 'Antioxidant']","['Support', 'Actives']",[],Pattern
Ci 77289,Average,[],['Coloring Agent/Pigment'],['Sensory'],[],Pattern
Physalis Peruviana Fruit Extract,Good,[],"['Plant Extracts', 'Antioxidant']","['Support', 'Actives']",[],Pattern
Pyrus Malus Seed Extract,Good,[],"['Plant Extracts', 'Antioxidant']","['Support', 'Actives']",[],Pattern
Solanum Lycopersicum Leaf Cell Culture Extract,Good,[],"['Plant Extracts', 'Antioxidant']","['Support', 'Actives']",[],Pattern
Elettaria Cardamomum Seed Oil,Good,['Hydration'],"['Emollient', 'Plant Extracts']",['Support'],[],Pattern
Rosmarinus Officinalis Leaf Extract 10.08%,Good,[],"['Plant Extracts', 'Antioxidant']","['Support', 'Actives']",[],Pattern
Jasminum Officinale Extract,Good,[],"['Plant Extracts', 'Antioxidant']","['Support', 'Actives']",[],Pattern
Linum Usitatissimum Seed Oil,Good,['Hydration'],"['Emollient', 'Plant Extracts']",['Support'],[],Pattern
Lawsonia Inermis Extract,Good,[],"['Plant Extracts', 'Antioxidant']","['Support', 'Actives']",[],Pattern
Lactobacillus/Olive Leaf Ferment Extract,Good,[],"['Plant Extracts', 'Antioxidant']","['Support', 'Actives']",[],Pattern
Pyrus Malus Pectin Extract,Good,[],"['Plant Extracts', 'Antioxidant']","['Support', 'Actives']",[],Pattern
Albumen Extract,Good,[],"['Plant Extracts', 'Antioxidant']","['Support', 'Actives']",[],Pattern
Cichorium Intybus Root Extract,Good,[],"['Plant Extracts', 'Antioxidant']","['Support', 'Actives']",[],Pattern
Sasa Quelpaertensis Extract,Good,[],"['Plant Extracts', 'Antioxidant']","['Support', 'Actives']",[],Pattern
Cola Nitida Seed Extract,Good,[],"['Plant Extracts', 'Antioxidant']","['Support', 'Actives']",[],Pattern
Polygonum Odoratum Extract,Good,[],"['Plant Extracts', 'Antioxidant']","['Support', 'Actives']",[],Pattern
Rosa Centifolia Flower Extract,Good,[],"['Plant Extracts', 'Antioxidant']","['Support', 'Actives']",[],Pattern
Melaleuca Alternifolia Leaf Water 0.09%,Good,"['Hydration', 'Soothing']","['Humectant', 'Plant Extracts', 'Antioxidant']","['Support', 'Actives']",[],Pattern
Rosmarinus Officinalis Flower Extract,Good,[],"['Plant Extracts', 'Antioxidant']","['Support', 'Actives']",[],Pattern
Helichrysum Arenarium Extract,Good,[],"['Plant Extracts', 'Antioxidant']","['Support', 'Actives']",[],Pattern
Saururus Chinensis Leaf/Root Extract,Good,[],"['Plant Extracts', 'Antioxidant']","['Support', 'Actives']",[],Pattern
Tribulus Terrestris Extract,Good,[],"['Plant Extracts', 'Antioxidant']","['Support', 'Actives']",[],Pattern
Brassica Campestris Sprout Extract,Good,[],"['Plant Extracts', 'Antioxidant']","['Support', 'Actives']",[],Pattern
Hydrogenated Sunflower Seed Oil Glyceryl Esters,Good,['Hydration'],"['Emollient', 'Plant Extracts']",['Support'],[],Pattern
Citrus Medica Flower Extract,Good,[],"['Plant Extracts', 'Antioxidant']","['Support', 'Actives']",[],Pattern
Ci 77288,Average,[],['Coloring Agent/Pigment'],['Sensory'],[],Pattern
Solanum Tuberosum Pulp Extract,Good,[],"['Plant Extracts', 'Antioxidant']","['Support', 'Actives']",[],Pattern
Oxycoccus Palustris Seed Oil,Good,['Hydration'],"['Emollient', 'Plant Extracts']",['Support'],[],Pattern
Camellia Euryoides Leaf Extract,Good,[],"['Plant Extracts', 'Antioxidant']","['Support', 'Actives']",[],Pattern
Capsosiphon Fulvescens Extract,Good,[],"['Plant Extracts', 'Antioxidant']","['Support', 'Actives']",[],Pattern
Marrow Extract,Good,[],"['Plant Extracts', 'Antioxidant']","['Support', 'Actives']",[],Pattern
Khaya Senegalensis Bark Extract,Good,[],"['Plant Extracts', 'Antioxidant']","['Support', 'Actives']",[],Pattern
Lawsonia Inermis Flower Extract,Good,[],"['Plant Extracts', 'Antioxidant']","['Support', 'Actives']",[],Pattern
Vaccinium Myrtillus Fruit/Leaf Extract,Good,[],"['Plant Extracts', 'Antioxidant']","['Support', 'Actives']",[],Pattern
Myrica Cerifera Leaf Extract,Good,[],"['Plant Extracts', 'Antioxidant']","['Support', 'Actives']",[],Pattern
Polygonatum Multiflorum Rhizome/Root Extract,Good,[],"['Plant Extracts', 'Antioxidant']","['Support', 'Actives']",[],Pattern
Lactobacillus/Leuconostoc/Broccoli Extract Ferment Filtrate,Good,[],"['Plant Extracts', 'Antioxidant']","['Support', 'Actives']",[],Pattern
Cocos Nucifera Fruit/Fruit Juice Extract,Good,[],"['Plant Extracts', 'Antioxidant']","['Support', 'Actives']",[],Pattern
Borago Officinalis Leaf Extract,Good,[],"['Plant Extracts', 'Antioxidant']","['Support', 'Actives']",[],Pattern
Arachis Hypogaea Fruit Extract 9.67%,Good,[],"['Plant Extracts', 'Antioxidant']","['Support', 'Actives']",[],Pattern
Shale Extract,Good,[],"['Plant Extracts', 'Antioxidant']","['Support', 'Actives']",[],Pattern
Freesia Alba Flower Extract,Good,[],"['Plant Extracts', 'Antioxidant']","['Support', 'Actives']",[],Pattern
Solanum Melongena Root Extract,Good,[],"['Plant Extracts', 'Antioxidant']","['Support', 'Actives']",[],Pattern
Coriandrum Sativum Seed Extract,Good,[],"['Plant Extracts', 'Antioxidant']","['Support', 'Actives']",[],Pattern
Vaccinium Macrocarpon Seed Oil,Good,['Hydration'],"['Emollient', 'Plant Extracts']",['Support'],[],Pattern
Brassica Oleracea Italica Seed Oil,Good,['Hydration'],"['Emollient', 'Plant Extracts']",['Support'],[],Pattern
Citrus Reticulata Peel Extract,Good,[],"['Plant Extracts', 'Antioxidant']","['Support', 'Actives']",[],Pattern
Coix Lacryma-Jobi Seed Oil,Good,['Hydration'],"['Emollient', 'Plant Extracts']",['Support'],[],Pattern
Rhodiola Sachalinensis Extract,Good,[],"['Plant Extracts', 'Antioxidant']","['Support', 'Actives']",[],Pattern
Cannabis Sativa Stem Extract,Good,[],"['Plant Extracts', 'Antioxidant']","['Support', 'Actives']",[],Pattern
Chamomilla Recutita Leaf Extract,Good,[],"['Plant Extracts', 'Antioxidant']","['Support', 'Actives']",[],Pattern
Lippia Citriodora Leaf Extract,Good,[],"['Plant Extracts', 'Antioxidant']","['Support', 'Actives']",[],Pattern
Pistacia Vera Seed Extract,Good,[],"['Plant Extracts', 'Antioxidant']","['Support', 'Actives']",[],Pattern
Sponge Extract,Good,[],"['Plant Extracts', 'Antioxidant']","['Support', 'Actives']",[],Pattern
Lactobacillus/Rice Bran/Saccharomyces/Camellia Sinensis Leaf Extract Ferment,Good,[],"['Plant Extracts', 'Antioxidant']","['Support', 'Actives']",[],Pattern
Persea Gratissima Butter,Good,['Hydration'],['Emollient'],['Support'],[],Pattern
Camellia Sinensis Callus Extract,Good,[],"['Plant Extracts', 'Antioxidant']","['Support', 'Actives']",[],Pattern
Camellia Japonica Leaf Extract,Good,[],"['Plant Extracts', 'Antioxidant']","['Support', 'Actives']",[],Pattern
Salix Nigra Bark Extract,Good,[],"['Plant Extracts', 'Antioxidant']","['Support', 'Actives']",[],Pattern
Rheum Palmatum Root/Stalk Extract,Good,[],"['Plant Extracts', 'Antioxidant']","['Support', 'Actives']",[],Pattern
Hydrolyzed Myrtus Communis Leaf Extract,Good,[],"['Plant Extracts', 'Antioxidant']","['Support', 'Actives']",[],Pattern
Ocimum Basilicum Leaf Water,Good,"['Hydration', 'Soothing']","['Humectant', 'Plant Extracts', 'Antioxidant']","['Support', 'Actives']",[],Pattern
Gossypium Herbaceum Seed Extract,Good,[],"['Plant Extracts', 'Antioxidant']","['Support', 'Actives']",[],Pattern
Sophora Japonica Flower Extract,Good,[],"['Plant Extracts', 'Antioxidant']","['Support', 'Actives']",[],Pattern
Tremella Fuciformis Extract 30%,Good,[],"['Plant Extracts', 'Antioxidant']","['Support', 'Actives']",[],Pattern
Coleus Barbatus Root Extract,Good,[],"['Plant Extracts', 'Antioxidant']","['Support', 'Actives']",[],Pattern
Chrysanthemum Sinense Flower Extract,Good,[],"['Plant Extracts', 'Antioxidant']","['Support', 'Actives']",[],Pattern
Sophora Flavescens Extract,Good,[],"['Plant Extracts', 'Antioxidant']","['Support', 'Actives']",[],Pattern
Hippophae Rhamnoides Fruit Extract 70%,Good,[],"['Plant Extracts', 'Antioxidant']","['Support', 'Actives']",[],Pattern
Strelitzia Nicolai Seed Aril Extract,Good,[],"['Plant Extracts', 'Antioxidant']","['Support', 'Actives']",[],Pattern
Nasturtium Officinale Flower/Leaf Extract,Good,[],"['Plant Extracts', 'Antioxidant']","['Support', 'Actives']",[],Pattern
Malus Domestica Fruit Water,Good,"['Hydration', 'Soothing']","['Humectant', 'Plant Extracts', 'Antioxidant']","['Support', 'Actives']",[],Pattern
Serenoa Serrulata Fruit Extract,Good,[],"['Plant Extracts', 'Antioxidant']","['Support', 'Actives']",[],Pattern
Citrus Junos Fruit Water 65%,Good,"['Hydration', 'Soothing']","['Humectant', 'Plant Extracts', 'Antioxidant']","['Support', 'Actives']",[],Pattern
Punica Granatum Fruit Extract 64%,Good,[],"['Plant Extracts', 'Antioxidant']","['Support', 'Actives']",[],Pattern
Boswellia Serrata Gum Extract,Good,[],"['Plant Extracts', 'Antioxidant']","['Support', 'Actives']",[],Pattern
Artocarpus Altilis Flower Extract,Good,[],"['Plant Extracts', 'Antioxidant']","['Support', 'Actives']",[],Pattern
Coffea Arabica Leaf/Seed Extract,Good,[],"['Plant Extracts', 'Antioxidant']","['Support', 'Actives']",[],Pattern
Euterpe Oleracea Seed Extract,Good,[],"['Plant Extracts', 'Antioxidant']","['Support', 'Actives']",[],Pattern
Ci 77713,Average,[],['Coloring Agent/Pigment'],['Sensory'],[],Pattern
Hibiscus Abelmoschus Seed Oil,Good,['Hydration'],"['Emollient', 'Plant Extracts']",['Support'],[],Pattern
Actinidia Polygama Fruit Extract,Good,[],"['Plant Extracts', 'Antioxidant']","['Support', 'Actives']",[],Pattern
Jasminum Officinale Flower/Leaf Extract,Good,[],"['Plant Extracts', 'Antioxidant']","['Support', 'Actives']",[],Pattern
Euphrasia Officinalis Extract,Good,[],"['Plant Extracts', 'Antioxidant']","['Support', 'Actives']",[],Pattern
Camellia Seed Oil,Good,['Hydration'],"['Emollient', 'Plant Extracts']",['Support'],[],Pattern
Orobanche Rapum Extract,Good,[],"['Plant Extracts', 'Antioxidant']","['Support', 'Actives']",[],Pattern
Nelumbo Nucifera Root Extract,Good,[],"['Plant Extracts', 'Antioxidant']","['Support', 'Actives']",[],Pattern
Citrus Aurantium Dulcis Flower Oil,Bad,[],"['Fragrance: Synthetic and Natural', 'Irritant', 'Plant Extracts']","['Sensory', 'Risks', 'Support']",[],Pattern
Citrus Limon Juice Extract,Good,[],"['Plant Extracts', 'Antioxidant']","['Support', 'Actives']",[],Pattern
Camellia Sinensis Leaf Extract 93%,Good,[],"['Plant Extracts', 'Antioxidant']","['Support', 'Actives']",[],Pattern
Gnaphalium Affine Flower/Leaf/Stem Extract,Good,[],"['Plant Extracts', 'Antioxidant']","['Support', 'Actives']",[],Pattern
Xanthium Strumarium Fruit Extract 0.17%,Good,[],"['Plant Extracts', 'Antioxidant']","['Support', 'Actives']",[],Pattern
Ci 77742,Average,[],['Coloring Agent/Pigment'],['Sensory'],[],Pattern
Agave Americana Leaf Extract,Good,[],"['Plant Extracts', 'Antioxidant']","['Support', 'Actives']",[],Pattern
Terminalia Ferdinandiana Seed Oil,Good,['Hydration'],"['Emollient', 'Plant Extracts']",['Support'],[],Pattern
Onopordum Acanthium Flower/Leaf/Stem Extract,Good,[],"['Plant Extracts', 'Antioxidant']","['Support', 'Actives']",[],Pattern
Morinda Citrifolia Fruit Extract,Good,[],"['Plant Extracts', 'Antioxidant']","['Support', 'Actives']",[],Pattern
Carum Carvi Seed Oil,Good,['Hydration'],"['Emollient', 'Plant Extracts']",['Support'],[],Pattern
Citrus Aurantium Leaf Oil,Bad,[],"['Fragrance: Synthetic and Natural', 'Irritant', 'Plant Extracts']","['Sensory', 'Risks', 'Support']",[],Pattern
Camellia Sinensis Leaf Water,Good,"['Hydration', 'Soothing']","['Humectant', 'Plant Extracts', 'Antioxidant']","['Support', 'Actives']",[],Pattern
Lavandula Angustifolia Flower/Leaf/Stem Oil 0.05%,Bad,[],"['Fragrance: Synthetic and Natural', 'Irritant', 'Plant Extracts']","['Sensory', 'Risks', 'Support']",[],Pattern
Morus Alba Bark Extract 8.7%,Good,[],"['Plant Extracts', 'Antioxidant']","['Support', 'Actives']",[],Pattern
Hippophae Rhamnoides Kernel Extract,Good,[],"['Plant Extracts', 'Antioxidant']","['Support', 'Actives']",[],Pattern
Mimosa Tenuiflora Leaf Extract,Good,[],"['Plant Extracts', 'Antioxidant']","['Support', 'Actives']",[],Pattern
Ci 17200,Average,[],['Coloring Agent/Pigment'],['Sensory'],[],Pattern
Nasturtium Officinale Leaf Extract,Good,[],"['Plant Extracts', 'Antioxidant']","['Support', 'Actives']",[],Pattern
Gardenia Florida Flower Extract,Good,[],"['Plant Extracts', 'Antioxidant']","['Support', 'Actives']",[],Pattern
Citrus Junos Seed Extract,Good,[],"['Plant Extracts', 'Antioxidant']","['Support', 'Actives']",[],Pattern
Pinus Heldreichii Bark Extract,Good,[],"['Plant Extracts', 'Antioxidant']","['Support', 'Actives']",[],Pattern
Butyrospermum Parkii Butter 2%,Good,['Hydration'],['Emollient'],['Support'],[],Pattern
Gentiana Scabra Extract,Good,[],"['Plant Extracts', 'Antioxidant']","['Support', 'Actives']",[],Pattern
Citrus Grandis Seed Oil,Good,['Hydration'],"['Emollient', 'Plant Extracts']",['Support'],[],Pattern
Centella Asiatica Extract 29.4%,Good,[],"['Plant Extracts', 'Antioxidant']","['Support', 'Actives']",[],Pattern
Hydrolyzed Roe Extract,Good,[],"['Plant Extracts', 'Antioxidant']","['Support', 'Actives']",[],Pattern
Melaleuca Alternifolia Leaf Water 50%,Good,"['Hydration', 'Soothing']","['Humectant', 'Plant Extracts', 'Antioxidant']","['Support', 'Actives']",[],Pattern
Althaea Rosea Flower Extract,Good,[],"['Plant Extracts', 'Antioxidant']","['Support', 'Actives']",[],Pattern
Scutellaria Baicalensis Extract,Good,[],"['Plant Extracts', 'Antioxidant']","['Support', 'Actives']",[],Pattern
Prunus Amygdalus Dulcis Flower Extract,Good,[],"['Plant Extracts', 'Antioxidant']","['Support', 'Actives']",[],Pattern
Juglans Regia Shell Extract,Good,[],"['Plant Extracts', 'Antioxidant']","['Support', 'Actives']",[],Pattern
Saposhnikovia Divaricata Root Extract,Good,[],"['Plant Extracts', 'Antioxidant']","['Support', 'Actives']",[],Pattern
Ziziphus Jujuba Seed Extract,Good,[],"['Plant Extracts', 'Antioxidant']","['Support', 'Actives']",[],Pattern
Horse Tissue Extract,Good,[],"['Plant Extracts', 'Antioxidant']","['Support', 'Actives']",[],Pattern
Hypericum Perforatum Extract,Good,[],"['Plant Extracts', 'Antioxidant']","['Support', 'Actives']",[],Pattern
Paeonia Albiflora Root Extract,Good,[],"['Plant Extracts', 'Antioxidant']","['Support', 'Actives']",[],Pattern
Phaseolus Radiatus Seed Extract 9.67%,Good,[],"['Plant Extracts', 'Antioxidant']","['Support', 'Actives']",[],Pattern
Kaempferia Galanga Root Extract,Good,[],"['Plant Extracts', 'Antioxidant']","['Support', 'Actives']",[],Pattern
Ci 26100,Average,[],['Coloring Agent/Pigment'],['Sensory'],[],Pattern
Equisetum Hyemale Extract,Good,[],"['Plant Extracts', 'Antioxidant']","['Support', 'Actives']",[],Pattern
Gardenia Taitensis Flower Extract,Good,[],"['Plant Extracts', 'Antioxidant']","['Support', 'Actives']",[],Pattern
Chamomilla Recutita Flower Water,Good,"['Hydration', 'Soothing']","['Humectant', 'Plant Extracts', 'Antioxidant']","['Support', 'Actives']",[],Pattern
Indigofera Tinctoria Leaf Extract,Good,[],"['Plant Extracts', 'Antioxidant']","['Support', 'Actives']",[],Pattern
Zea Mays Germ Extract,Good,[],"['Plant Extracts', 'Antioxidant']","['Support', 'Actives']",[],Pattern
Juglans Regia Leaf Extract,Good,[],"['Plant Extracts', 'Antioxidant']","['Support', 'Actives']",[],Pattern
Avena Strigosa Seed Extract,Good,[],"['Plant Extracts', 'Antioxidant']","['Support', 'Actives']",[],Pattern
Globularia Cordifolia Callus Culture Extract,Good,[],"['Plant Extracts', 'Antioxidant']","['Support', 'Actives']",[],Pattern
Epilobium Angustifolium Flower/Leaf/Stem Extract,Good,[],"['Plant Extracts', 'Antioxidant']","['Support', 'Actives']",[],Pattern
Citrullus Lanatus Fruit Extract,Good,[],"['Plant Extracts', 'Antioxidant']","['Support', 'Actives']",[],Pattern
Nelumbo Nucifera Seed Extract 8.59%,Good,[],"['Plant Extracts', 'Antioxidant']","['Support', 'Actives']",[],Pattern
Croton Lechleri Resin Extract,Good,[],"['Plant Extracts', 'Antioxidant']","['Support', 'Actives']",[],Pattern
Phaseolus Lunatus Seed Extract,Good,[],"['Plant Extracts', 'Antioxidant']","['Support', 'Actives']",[],Pattern
Centella Asiatica Extract 67.8%,Good,[],"['Plant Extracts', 'Antioxidant']","['Support', 'Actives']",[],Pattern
Cistus Ladaniferus Leaf/Stem Extract,Good,[],"['Plant Extracts', 'Antioxidant']","['Support', 'Actives']",[],Pattern
Selaginella Tamariscina Extract,Good,[],"['Plant Extracts', 'Antioxidant']","['Support', 'Actives']",[],Pattern
Prunus Spinosa Fruit Extract,Good,[],"['Plant Extracts', 'Antioxidant']","['Support', 'Actives']",[],Pattern
Raphanus Sativus Leaf Extract,Good,[],"['Plant Extracts', 'Antioxidant']","['Support', 'Actives']",[],Pattern
Inula Britannica Flower Extract,Good,[],"['Plant Extracts', 'Antioxidant']","['Support', 'Actives']",[],Pattern
Lava Extract,Good,[],"['Plant Extracts', 'Antioxidant']","['Support', 'Actives']",[],Pattern
Hieracium Umbellatum Extract,Good,[],"['Plant Extracts', 'Antioxidant']","['Support', 'Actives']",[],Pattern
Centella Asiatica Extract 41%,Good,[],"['Plant Extracts', 'Antioxidant']","['Support', 'Actives']",[],Pattern
Sunflower Seed Oil Glycerides,Good,['Hydration'],"['Emollient', 'Plant Extracts']",['Support'],[],Pattern
Buddleja Davidii Leaf Extract,Good,[],"['Plant Extracts', 'Antioxidant']","['Support', 'Actives']",[],Pattern
Melia Azedarach Fruit Extract,Good,[],"['Plant Extracts', 'Antioxidant']","['Support', 'Actives']",[],Pattern
Arctium Lappa Seed Oil,Good,['Hydration'],"['Emollient', 'Plant Extracts']",['Support'],[],Pattern
Citrus Grandis Seed Extract,Good,[],"['Plant Extracts', 'Antioxidant']","['Support', 'Actives']",[],Pattern
Crocus Sativus Stigma Extract,Good,[],"['Plant Extracts', 'Antioxidant']","['Support', 'Actives']",[],Pattern
Crambe Maritima Extract,Good,[],"['Plant Extracts', 'Antioxidant']","['Support', 'Actives']",[],Pattern
Citrullus Lanatus Seed Oil,Good,['Hydration'],"['Emollient', 'Plant Extracts']",['Support'],[],Pattern
Bacillus/Rice Bran Extract/Soybean Extract Ferment Filtrate,Good,[],"['Plant Extracts', 'Antioxidant']","['Support', 'Actives']",[],Pattern
Hydrolyzed Citrus Aurantium Dulcis Fruit Extract,Good,[],"['Plant Extracts', 'Antioxidant']","['Support', 'Actives']",[],Pattern
Ci 16185,Average,[],['Coloring Agent/Pigment'],['Sensory'],[],Pattern
Aquaphilus Dolomiae Extract,Good,[],"['Plant Extracts', 'Antioxidant']","['Support', 'Actives']",[],Pattern
Citrus Bergamia Peel Oil Expressed,Bad,[],"['Fragrance: Synthetic and Natural', 'Irritant', 'Plant Extracts']","['Sensory', 'Risks', 'Support']",[],Pattern
Hydrolyzed Ceratonia Siliqua Seed Extract,Good,[],"['Plant Extracts', 'Antioxidant']","['Support', 'Actives']",[],Pattern
Lippia Citriodora Leaf Water,Good,"['Hydration', 'Soothing']","['Humectant', 'Plant Extracts', 'Antioxidant']","['Support', 'Actives']",[],Pattern
Beltia Hyacinthe Root Extract,Good,[],"['Plant Extracts', 'Antioxidant']","['Support', 'Actives']",[],Pattern
Helichrysum Italicum Extract,Good,[],"['Plant Extracts', 'Antioxidant']","['Support', 'Actives']",[],Pattern
Citrus Paradisi Peel Extract,Good,[],"['Plant Extracts', 'Antioxidant']","['Support', 'Actives']",[],Pattern
Shea Butteramidopropyl Betaine,Good,['Hydration'],['Emollient'],['Support'],[],Pattern
Aspergillus/Rice Ferment Extract,Good,[],"['Plant Extracts', 'Antioxidant']","['Support', 'Actives']",[],Pattern
Myristica Fragrans Kernel Oil,Good,['Hydration'],"['Emollient', 'Plant Extracts']",['Support'],[],Pattern
Cladosiphon Okamuranus Extract,Good,[],"['Plant Extracts', 'Antioxidant']","['Support', 'Actives']",[],Pattern
Lippia Citriodora Flower Extract,Good,[],"['Plant Extracts', 'Antioxidant']","['Support', 'Actives']",[],Pattern
Daucus Carota Sativa Root Extract,Good,[],"['Plant Extracts', 'Antioxidant']","['Support', 'Actives']",[],Pattern
Spirulina Platensis Extract,Good,[],"['Plant Extracts', 'Antioxidant']","['Support', 'Actives']",[],Pattern
Hordeum Distichon Extract,Good,[],"['Plant Extracts', 'Antioxidant']","['Support', 'Actives']",[],Pattern
Vitis Vinifera Fruit Water 5%,Good,"['Hydration', 'Soothing']","['Humectant', 'Plant Extracts', 'Antioxidant']","['Support', 'Actives']",[],Pattern
Methyl 2-Octynoate,Bad,[],"['Fragrance: Synthetic and Natural', 'Irritant']","['Sensory', 'Risks']",['EU list of 26 fragrance allergens requiring labeling'],EU 26
Lactobacillus/Punica Granatum Fruit Ferment Extract,Good,[],"['Plant Extracts', 'Antioxidant']","['Support', 'Actives']",[],Pattern
Foeniculum Vulgare Leaf Extract,Good,[],"['Plant Extracts', 'Antioxidant']","['Support', 'Actives']",[],Pattern
Ganoderma Lucidum Extract 65%,Good,[],"['Plant Extracts', 'Antioxidant']","['Support', 'Actives']",[],Pattern
Triticum Turgidum Durum Seed Extract,Good,[],"['Plant Extracts', 'Antioxidant']","['Support', 'Actives']",[],Pattern
Equisetum Arvense Extract,Good,[],"['Plant Extracts', 'Antioxidant']","['Support', 'Actives']",[],Pattern
Perilla Ocymoides Seed Extract,Good,[],"['Plant Extracts', 'Antioxidant']","['Support', 'Actives']",[],Pattern
Kigelia Africana Fruit Extract,Good,[],"['Plant Extracts', 'Antioxidant']","['Support', 'Actives']",[],Pattern
Hippophae Rhamnoides Fruit Extract 80%,Good,[],"['Plant Extracts', 'Antioxidant']","['Support', 'Actives']",[],Pattern
Anigozanthos Flavidus Extract,Good,[],"['Plant Extracts', 'Antioxidant']","['Support', 'Actives']",[],Pattern
Paeonia Lactiflora Extract,Good,[],"['Plant Extracts', 'Antioxidant']","['Support', 'Actives']",[],Pattern
Nelumbo Nucifera Callus Culture Extract,Good,[],"['Plant Extracts', 'Antioxidant']","['Support', 'Actives']",[],Pattern
Bellis Perennis Flower Extract,Good,[],"['Plant Extracts', 'Antioxidant']","['Support', 'Actives']",[],Pattern
Polygonum Fagopyrum Seed Extract,Good,[],"['Plant Extracts', 'Antioxidant']","['Support', 'Actives']",[],Pattern
Aloe Barbadensis Leaf Extract 5.5%,Good,[],"['Plant Extracts', 'Antioxidant']","['Support', 'Actives']",[],Pattern
Eperua Falcata Bark Extract,Good,[],"['Plant Extracts', 'Antioxidant']","['Support', 'Actives']",[],Pattern
Citrus Junos Fruit Extract 10%,Good,[],"['Plant Extracts', 'Antioxidant']","['Support', 'Actives']",[],Pattern
Angelica Keiskei Extract,Good,[],"['Plant Extracts', 'Antioxidant']","['Support', 'Actives']",[],Pattern
Eucalyptus Radiata Leaf/Stem Oil,Bad,[],"['Fragrance: Synthetic and Natural', 'Irritant', 'Plant Extracts']","['Sensory', 'Risks', 'Support']",[],Pattern
Cetraria Islandica Extract,Good,[],"['Plant Extracts', 'Antioxidant']","['Support', 'Actives']",[],Pattern
Allium Tuberosum Seed Extract,Good,[],"['Plant Extracts', 'Antioxidant']","['Support', 'Actives']",[],Pattern
Brassica Rapa Leaf Extract,Good,[],"['Plant Extracts', 'Antioxidant']","['Support', 'Actives']",[],Pattern
Carya Ovata Bark Extract,Good,[],"['Plant Extracts', 'Antioxidant']","['Support', 'Actives']",[],Pattern
Vitis Vinifera Seed Oil 2%,Good,['Hydration'],"['Emollient', 'Plant Extracts']",['Support'],[],Pattern
Vigna Radiata Seed Extract,Good,[],"['Plant Extracts', 'Antioxidant']","['Support', 'Actives']",[],Pattern
Petroselinum Crispum Leaf Extract,Good,[],"['Plant Extracts', 'Antioxidant']","['Support', 'Actives']",[],Pattern
Hovenia Dulcis Fruit Extract,Good,[],"['Plant Extracts', 'Antioxidant']","['Support', 'Actives']",[],Pattern
Centella Asiatica Extract 72%,Good,[],"['Plant Extracts', 'Antioxidant']","['Support', 'Actives']",[],Pattern
Citrus Limon Leaf Extract,Good,[],"['Plant Extracts', 'Antioxidant']","['Support', 'Actives']",[],Pattern
Ci 45350,Average,[],['Coloring Agent/Pigment'],['Sensory'],[],Pattern
Pueraria Mirifica Root Extract,Good,[],"['Plant Extracts', 'Antioxidant']","['Support', 'Actives']",[],Pattern
Macadamia Ternifolia Seed Oil 5%,Good,['Hydration'],"['Emollient', 'Plant Extracts']",['Support'],[],Pattern
Vaccinium Oldhamii Fruit Extract,Good,[],"['Plant Extracts', 'Antioxidant']","['Support', 'Actives']",[],Pattern
Peucedanum Japonicum Extract,Good,[],"['Plant Extracts', 'Antioxidant']","['Support', 'Actives']",[],Pattern
Swertia Chirata Extract,Good,[],"['Plant Extracts', 'Antioxidant']","['Support', 'Actives']",[],Pattern
Aloe Arborescens Leaf Extract,Good,[],"['Plant Extracts', 'Antioxidant']","['Support', 'Actives']",[],Pattern
Colocasia Antiquorum Root Extract,Good,[],"['Plant Extracts', 'Antioxidant']","['Support', 'Actives']",[],Pattern
Hydrolyzed Rheum Officinale Root Extract,Good,[],"['Plant Extracts', 'Antioxidant']","['Support', 'Actives']",[],Pattern
Propolis Extract 83%,Good,[],"['Plant Extracts', 'Antioxidant']","['Support', 'Actives']",[],Pattern
Glycyrrhiza Glabra Root Extract,Good,[],"['Plant Extracts', 'Antioxidant']","['Support', 'Actives']",[],Pattern
Gossypium Hirsutum Extract,Good,[],"['Plant Extracts', 'Antioxidant']","['Support', 'Actives']",[],Pattern
Sasa Veitchii Leaf Extract,Good,[],"['Plant Extracts', 'Antioxidant']","['Support', 'Actives']",[],Pattern
Pyrola Incarnata Extract,Good,[],"['Plant Extracts', 'Antioxidant']","['Support', 'Actives']",[],Pattern
Orchis Mascula Extract,Good,[],"['Plant Extracts', 'Antioxidant']","['Support', 'Actives']",[],Pattern
Citrus Tangerina Peel Oil,Bad,[],"['Fragrance: Synthetic and Natural', 'Irritant', 'Plant Extracts']","['Sensory', 'Risks', 'Support']",[],Pattern
Aloe Barbadensis Leaf Extract 92%,Good,[],"['Plant Extracts', 'Antioxidant']","['Support', 'Actives']",[],Pattern
Leontopodium Alpinum Flower/Leaf Water,Good,"['Hydration', 'Soothing']","['Humectant', 'Plant Extracts', 'Antioxidant']","['Support', 'Actives']",[],Pattern
Gardenia Jasminoides Fruit Extract,Good,[],"['Plant Extracts', 'Antioxidant']","['Support', 'Actives']",[],Pattern
Olea Europaea Leaf Extract 0.1%,Good,[],"['Plant Extracts', 'Antioxidant']","['Support', 'Actives']",[],Pattern
Hordeum Vulgare Root Extract,Good,[],"['Plant Extracts', 'Antioxidant']","['Support', 'Actives']",[],Pattern
Sapindus Mukorossi Fruit Extract,Good,[],"['Plant Extracts', 'Antioxidant']","['Support', 'Actives']",[],Pattern
Coconut Oil Decyl Esters,Good,['Hydration'],"['Emollient', 'Plant Extracts']",['Support'],[],Pattern
Melissa Officinalis Flower/Leaf/Stem Water,Good,"['Hydration', 'Soothing']","['Humectant', 'Plant Extracts', 'Antioxidant']","['Support', 'Actives']",[],Pattern
Pongamia Pinnata Seed Extract,Good,[],"['Plant Extracts', 'Antioxidant']","['Support', 'Actives']",[],Pattern
Echinacea Angustifolia Leaf Extract,Good,[],"['Plant Extracts', 'Antioxidant']","['Support', 'Actives']",[],Pattern
Shea Butter Cetyl Esters,Good,['Hydration'],['Emollient'],['Support'],[],Pattern
Convallaria Majalis Bulb/Root Extract,Good,[],"['Plant Extracts', 'Antioxidant']","['Support', 'Actives']",[],Pattern
Centella Asiatica Leaf Water 55%,Good,"['Hydration', 'Soothing']","['Humectant', 'Plant Extracts', 'Antioxidant']","['Support', 'Actives']",[],Pattern
Bambusa Vulgaris Shoot Extract,Good,[],"['Plant Extracts', 'Antioxidant']","['Support', 'Actives']",[],Pattern
Agaricus Bisporus Extract,Good,[],"['Plant Extracts', 'Antioxidant']","['Support', 'Actives']",[],Pattern
Pinus Sylvestris Leaf Extract,Good,[],"['Plant Extracts', 'Antioxidant']","['Support', 'Actives']",[],Pattern
Rose Extract,Good,[],"['Plant Extracts', 'Antioxidant']","['Support', 'Actives']",[],Pattern
Hydrolyzed Adansonia Digitata Seed Extract,Good,[],"['Plant Extracts', 'Antioxidant']","['Support', 'Actives']",[],Pattern
Fragaria Vesca Fruit Extract,Good,[],"['Plant Extracts', 'Antioxidant']","['Support', 'Actives']",[],Pattern
Citrus Sinensis Fruit Water,Good,"['Hydration', 'Soothing']","['Humectant', 'Plant Extracts', 'Antioxidant']","['Support', 'Actives']",[],Pattern
Hylocereus Undatus Extract,Good,[],"['Plant Extracts', 'Antioxidant']","['Support', 'Actives']",[],Pattern
Litchi Chinensis Fruit Extract,Good,[],"['Plant Extracts', 'Antioxidant']","['Support', 'Actives']",[],Pattern
Ulmus Davidiana Root Extract 57%,Good,[],"['Plant Extracts', 'Antioxidant']","['Support', 'Actives']",[],Pattern
Pteris Multifida Extract,Good,[],"['Plant Extracts', 'Antioxidant']","['Support', 'Actives']",[],Pattern
Hydrolyzed Cicer Seed Extract,Good,[],"['Plant Extracts', 'Antioxidant']","['Support', 'Actives']",[],Pattern
Swertia Japonica Extract,Good,[],"['Plant Extracts', 'Antioxidant']","['Support', 'Actives']",[],Pattern
Aronia Melanocarpa Fruit Extract,Good,[],"['Plant Extracts', 'Antioxidant']","['Support', 'Actives']",[],Pattern
Cnidium Officinale Rhizome Extract,Good,[],"['Plant Extracts', 'Antioxidant']","['Support', 'Actives']",[],Pattern
Scutellaria Alpina Flower/Leaf/Stem Extract,Good,[],"['Plant Extracts', 'Antioxidant']","['Support', 'Actives']",[],Pattern
Brassica Oleracea Italica Extract,Good,[],"['Plant Extracts', 'Antioxidant']","['Support', 'Actives']",[],Pattern
Althaea Officinalis Leaf/Root Extract,Good,[],"['Plant Extracts', 'Antioxidant']","['Support', 'Actives']",[],Pattern
Rhodiola Rosea Extract,Good,[],"['Plant Extracts', 'Antioxidant']","['Support', 'Actives']",[],Pattern
Cucurbita Maxima Fruit Extract,Good,[],"['Plant Extracts', 'Antioxidant']","['Support', 'Actives']",[],Pattern
Macadamia Ternifolia Seed Oil Peg-8 Esters,Good,['Hydration'],"['Emollient', 'Plant Extracts']",['Support'],[],Pattern
Sigesbeckia Orientalis Extract,Good,[],"['Plant Extracts', 'Antioxidant']","['Support', 'Actives']",[],Pattern
Pinus Palustris Leaf Extract,Good,[],"['Plant Extracts', 'Antioxidant']","['Support', 'Actives']",[],Pattern
Eragrostis Tef Seed Extract,Good,[],"['Plant Extracts', 'Antioxidant']","['Support', 'Actives']",[],Pattern
Acacia Farnesiana Flower Extract,Good,[],"['Plant Extracts', 'Antioxidant']","['Support', 'Actives']",[],Pattern
Aletris Farinosa Root Extract,Good,[],"['Plant Extracts', 'Antioxidant']","['Support', 'Actives']",[],Pattern
Opuntia Ficus-Indica Callus Culture Extract,Good,[],"['Plant Extracts', 'Antioxidant']","['Support', 'Actives']",[],Pattern
Aloe Barbadensis Extract,Good,[],"['Plant Extracts', 'Antioxidant']","['Support', 'Actives']",[],Pattern
Atractylodes Chinensis Rhizome Extract,Good,[],"['Plant Extracts', 'Antioxidant']","['Support', 'Actives']",[],Pattern
Impatiens Balsamina Flower Extract,Good,[],"['Plant Extracts', 'Antioxidant']","['Support', 'Actives']",[],Pattern
Litchi Chinensis Seed Extract,Good,[],"['Plant Extracts', 'Antioxidant']","['Support', 'Actives']",[],Pattern
Zostera Marina Extract,Good,[],"['Plant Extracts', 'Antioxidant']","['Support', 'Actives']",[],Pattern
Centella Asiatica Extract 54.97%,Good,[],"['Plant Extracts', 'Antioxidant']","['Support', 'Actives']",[],Pattern
Adansonia Digitata Seed Extract 10.3%,Good,[],"['Plant Extracts', 'Antioxidant']","['Support', 'Actives']",[],Pattern
Citral,Bad,[],"['Fragrance: Synthetic and Natural', 'Irritant']","['Sensory', 'Risks']",['EU list of 26 fragrance allergens requiring labeling'],EU 26
Hibiscus Rosa-Sinensis Flower Extract,Good,[],"['Plant Extracts', 'Antioxidant']","['Support', 'Actives']",[],Pattern
Juniperus Virginiana Wood Extract,Good,[],"['Plant Extracts', 'Antioxidant']","['Support', 'Actives']",[],Pattern
Pinus Pinaster Bark Extract,Good,[],"['Plant Extracts', 'Antioxidant']","['Support', 'Actives']",[],Pattern
Rosa Eglantaria Seed Oil,Good,['Hydration'],"['Emollient', 'Plant Extracts']",['Support'],[],Pattern
Lavandula Angustifolia Oil,Bad,[],"['Fragrance: Synthetic and Natural', 'Irritant', 'Plant Extracts']","['Sensory', 'Risks', 'Support']",[],Pattern
Amaranthus Caudatus Seed Oil,Good,['Hydration'],"['Emollient', 'Plant Extracts']",['Support'],[],Pattern
Corchorus Olitorius Leaf Extract,Good,[],"['Plant Extracts', 'Antioxidant']","['Support', 'Actives']",[],Pattern
Leontopodium Alpinum Flower/Leaf/Stem Extract,Good,[],"['Plant Extracts', 'Antioxidant']","['Support', 'Actives']",[],Pattern
Thuja Occidentalis Leaf Extract,Good,[],"['Plant Extracts', 'Antioxidant']","['Support', 'Actives']",[],Pattern
Lavandula Intermedia Flower/Leaf/Stem Water,Good,"['Hydration', 'Soothing']","['Humectant', 'Plant Extracts', 'Antioxidant']","['Support', 'Actives']",[],Pattern
Hydrolyzed Candida Bombicola Extract,Good,[],"['Plant Extracts', 'Antioxidant']","['Support', 'Actives']",[],Pattern
Artemisia Argyi Leaf Water,Good,"['Hydration', 'Soothing']","['Humectant', 'Plant Extracts', 'Antioxidant']","['Support', 'Actives']",[],Pattern
Ci 60730,Average,[],['Coloring Agent/Pigment'],['Sensory'],[],Pattern
Genipa Americana Extract,Good,[],"['Plant Extracts', 'Antioxidant']","['Support', 'Actives']",[],Pattern
Physalis Alkekengi Calyx Extract,Good,[],"['Plant Extracts', 'Antioxidant']","['Support', 'Actives']",[],Pattern
Sanicula Europaea Extract,Good,[],"['Plant Extracts', 'Antioxidant']","['Support', 'Actives']",[],Pattern
Castanea Sativa Shell Extract,Good,[],"['Plant Extracts', 'Antioxidant']","['Support', 'Actives']",[],Pattern
Prunus Armeniaca Fruit Extract,Good,[],"['Plant Extracts', 'Antioxidant']","['Support', 'Actives']",[],Pattern
Jasminum Officinale Flower Water,Good,"['Hydration', 'Soothing']","['Humectant', 'Plant Extracts', 'Antioxidant']","['Support', 'Actives']",[],Pattern
Leonurus Sibiricus Flower/Leaf/Stem Extract,Good,[],"['Plant Extracts', 'Antioxidant']","['Support', 'Actives']",[],Pattern
Ledum Groenlandicum Extract,Good,[],"['Plant Extracts', 'Antioxidant']","['Support', 'Actives']",[],Pattern
Orthosiphon Stamineus Leaf Extract,Good,[],"['Plant Extracts', 'Antioxidant']","['Support', 'Actives']",[],Pattern
Ci 75130,Average,[],['Coloring Agent/Pigment'],['Sensory'],[],Pattern
Punica Granatum Seed Extract,Good,[],"['Plant Extracts', 'Antioxidant']","['Support', 'Actives']",[],Pattern
Citrus Limon Peel Extract,Good,[],"['Plant Extracts', 'Antioxidant']","['Support', 'Actives']",[],Pattern
Ci 28440,Average,[],['Coloring Agent/Pigment'],['Sensory'],[],Pattern
Centella Asiatica Extract 70.78%,Good,[],"['Plant Extracts', 'Antioxidant']","['Support', 'Actives']",[],Pattern
Lamium Album Leaf Extract,Good,[],"['Plant Extracts', 'Antioxidant']","['Support', 'Actives']",[],Pattern
Silybum Marianum Seed Extract,Good,[],"['Plant Extracts', 'Antioxidant']","['Support', 'Actives']",[],Pattern
Propolis Extract 75%,Good,[],"['Plant Extracts', 'Antioxidant']","['Support', 'Actives']",[],Pattern
Camellia Sinensis Leaf Extract 56%,Good,[],"['Plant Extracts', 'Antioxidant']","['Support', 'Actives']",[],Pattern
Cereus Grandiflorus Flower Extract,Good,[],"['Plant Extracts', 'Antioxidant']","['Support', 'Actives']",[],Pattern
Trichosanthes Kirilowii Fruit Extract,Good,[],"['Plant Extracts', 'Antioxidant']","['Support', 'Actives']",[],Pattern
Citrus Limon Flower Water,Good,"['Hydration', 'Soothing']","['Humectant', 'Plant Extracts', 'Antioxidant']","['Support', 'Actives']",[],Pattern
Angelica Acutiloba Root Extract,Good,[],"['Plant Extracts', 'Antioxidant']","['Support', 'Actives']",[],Pattern
Angelica Pubescens Root Extract,Good,[],"['Plant Extracts', 'Antioxidant']","['Support', 'Actives']",[],Pattern
Lactococcus/Bean Seed Extract Ferment Filtrate,Good,[],"['Plant Extracts', 'Antioxidant']","['Support', 'Actives']",[],Pattern
Undaria Pinnatifida Extract,Good,[],"['Plant Extracts', 'Antioxidant']","['Support', 'Actives']",[],Pattern
Hibiscus Sabdariffa Seed Oil,Good,['Hydration'],"['Emollient', 'Plant Extracts']",['Support'],[],Pattern
Bambusa Vulgaris Leaf/Stem Extract,Good,[],"['Plant Extracts', 'Antioxidant']","['Support', 'Actives']",[],Pattern
Lantana Camara Leaf Water,Good,"['Hydration', 'Soothing']","['Humectant', 'Plant Extracts', 'Antioxidant']","['Support', 'Actives']",[],Pattern
Lactobacillus Ferment Extract,Good,[],"['Plant Extracts', 'Antioxidant']","['Support', 'Actives']",[],Pattern
Prunus Amygdalus Amara Seed Extract,Good,[],"['Plant Extracts', 'Antioxidant']","['Support', 'Actives']",[],Pattern
Gentiana Lutea Extract,Good,[],"['Plant Extracts', 'Antioxidant']","['Support', 'Actives']",[],Pattern
Coffea Arabica Leaf Cell Extract,Good,[],"['Plant Extracts', 'Antioxidant']","['Support', 'Actives']",[],Pattern
Halimeda Opuntia Extract,Good,[],"['Plant Extracts', 'Antioxidant']","['Support', 'Actives']",[],Pattern
Zea Mays Bran Extract,Good,[],"['Plant Extracts', 'Antioxidant']","['Support', 'Actives']",[],Pattern
Rosa Rubiginosa Seed Oil,Good,['Hydration'],"['Emollient', 'Plant Extracts']",['Support'],[],Pattern
Pyrus Cydonia Fruit Extract,Good,[],"['Plant Extracts', 'Antioxidant']","['Support', 'Actives']",[],Pattern
Tanacetum Vulgare Extract,Good,[],"['Plant Extracts', 'Antioxidant']","['Support', 'Actives']",[],Pattern
Chrysanthemum Coccineum Flower Extract,Good,[],"['Plant Extracts', 'Antioxidant']","['Support', 'Actives']",[],Pattern
Citrus Sinensis Peel Oil Expressed,Bad,[],"['Fragrance: Synthetic and Natural', 'Irritant', 'Plant Extracts']","['Sensory', 'Risks', 'Support']",[],Pattern
Ci 16255,Average,[],['Coloring Agent/Pigment'],['Sensory'],[],Pattern
Spirodela Polyrhiza Extract,Good,[],"['Plant Extracts', 'Antioxidant']","['Support', 'Actives']",[],Pattern
Hematite Extract,Good,[],"['Plant Extracts', 'Antioxidant']","['Support', 'Actives']",[],Pattern
Alchemilla Vulgaris Extract,Good,[],"['Plant Extracts', 'Antioxidant']","['Support', 'Actives']",[],Pattern
Pinus Sylvestris Bud Extract,Good,[],"['Plant Extracts', 'Antioxidant']","['Support', 'Actives']",[],Pattern
Saccharomyces/Rice Bran Ferment Filtrate Extract,Good,[],"['Plant Extracts', 'Antioxidant']","['Support', 'Actives']",[],Pattern
Cucumis Sativus Fruit Extract,Good,[],"['Plant Extracts', 'Antioxidant']","['Support', 'Actives']",[],Pattern
Phyllostachys Pubescens Shoot Bark Extract,Good,[],"['Plant Extracts', 'Antioxidant']","['Support', 'Actives']",[],Pattern
Kalanchoe Daigremontiana Leaf Extract,Good,[],"['Plant Extracts', 'Antioxidant']","['Support', 'Actives']",[],Pattern
Enterococcus Faecium/Saururus Chinensis Extract Ferment Filtrate,Good,[],"['Plant Extracts', 'Antioxidant']","['Support', 'Actives']",[],Pattern
Coconut Oil Aminoethoxyethanol Amides,Good,['Hydration'],"['Emollient', 'Plant Extracts']",['Support'],[],Pattern
Tephrosia Purpurea Seed Extract,Good,[],"['Plant Extracts', 'Antioxidant']","['Support', 'Actives']",[],Pattern
Nelumbo Nucifera Leaf Extract,Good,[],"['Plant Extracts', 'Antioxidant']","['Support', 'Actives']",[],Pattern
Isopropyl Shea Butterate,Good,['Hydration'],['Emollient'],['Support'],[],Pattern
Dioscorea Panthaica Root Extract,Good,[],"['Plant Extracts', 'Antioxidant']","['Support', 'Actives']",[],Pattern
Citrus Paradisi Seed Oil,Good,['Hydration'],"['Emollient', 'Plant Extracts']",['Support'],[],Pattern
Fragaria Ananassa Seed Extract,Good,[],"['Plant Extracts', 'Antioxidant']","['Support', 'Actives']",[],Pattern
Oenothera Biennis Root Extract,Good,[],"['Plant Extracts', 'Antioxidant']","['Support', 'Actives']",[],Pattern
Ulmus Davidiana Root Extract 80%,Good,[],"['Plant Extracts', 'Antioxidant']","['Support', 'Actives']",[],Pattern
Cucumis Melo Cantalupensis Fruit Extract,Good,[],"['Plant Extracts', 'Antioxidant']","['Support', 'Actives']",[],Pattern
Citrus Bergamia Leaf Oil,Bad,[],"['Fragrance: Synthetic and Natural', 'Irritant', 'Plant Extracts']","['Sensory', 'Risks', 'Support']",[],Pattern
Citrus Aurantium Bergamia Fruit Extract,Good,[],"['Plant Extracts', 'Antioxidant']","['Support', 'Actives']",[],Pattern
Ci 12490,Average,[],['Coloring Agent/Pigment'],['Sensory'],[],Pattern
Hibiscus Abelmoschus Seed Extract,Good,[],"['Plant Extracts', 'Antioxidant']","['Support', 'Actives']",[],Pattern
Actinidia Chinensis Fruit Extract,Good,[],"['Plant Extracts', 'Antioxidant']","['Support', 'Actives']",[],Pattern
Betaphycus Gelatinum Extract,Good,[],"['Plant Extracts', 'Antioxidant']","['Support', 'Actives']",[],Pattern
Lactobacillus/Leuconostoc/Tomato Fruit Extract Ferment Filtrate,Good,[],"['Plant Extracts', 'Antioxidant']","['Support', 'Actives']",[],Pattern
Lespedeza Capitata Leaf/Stem Extract,Good,[],"['Plant Extracts', 'Antioxidant']","['Support', 'Actives']",[],Pattern
Pinus Nigra Bud/Needle Extract,Good,[],"['Plant Extracts', 'Antioxidant']","['Support', 'Actives']",[],Pattern
Rosa Centifolia Extract,Good,[],"['Plant Extracts', 'Antioxidant']","['Support', 'Actives']",[],Pattern
Eucalyptus Alba Leaf Extract,Good,[],"['Plant Extracts', 'Antioxidant']","['Support', 'Actives']",[],Pattern
Morinda Citrifolia Fruit Extract 71.77%,Good,[],"['Plant Extracts', 'Antioxidant']","['Support', 'Actives']",[],Pattern
Thymus Extract,Good,[],"['Plant Extracts', 'Antioxidant']","['Support', 'Actives']",[],Pattern
Quillaja Saponaria Root Extract,Good,[],"['Plant Extracts', 'Antioxidant']","['Support', 'Actives']",[],Pattern
Leontopodium Alpinum Extract,Good,[],"['Plant Extracts', 'Antioxidant']","['Support', 'Actives']",[],Pattern
Lithothamnion Calcareum Extract,Good,[],"['Plant Extracts', 'Antioxidant']","['Support', 'Actives']",[],Pattern
Camellia Japonica Seed Oil 0.05%,Good,['Hydration'],"['Emollient', 'Plant Extracts']",['Support'],[],Pattern
Rosmarinus Officinalis Flower/Leaf/Stem Extract,Good,[],"['Plant Extracts', 'Antioxidant']","['Support', 'Actives']",[],Pattern
Prunus Persica Flower Extract,Good,[],"['Plant Extracts', 'Antioxidant']","['Support', 'Actives']",[],Pattern
Panax Ginseng Root Extract 57%,Good,[],"['Plant Extracts', 'Antioxidant']","['Support', 'Actives']",[],Pattern
Centella Asiatica Extract 0.09%,Good,[],"['Plant Extracts', 'Antioxidant']","['Support', 'Actives']",[],Pattern
Citrus Junos Fruit Extract 0.1%,Good,[],"['Plant Extracts', 'Antioxidant']","['Support', 'Actives']",[],Pattern
Chlamydocapsa Extract,Good,[],"['Plant Extracts', 'Antioxidant']","['Support', 'Actives']",[],Pattern
Cerasus Youkou Flower Extract,Good,[],"['Plant Extracts', 'Antioxidant']","['Support', 'Actives']",[],Pattern
Equisetum Arvense Leaf Extract,Good,[],"['Plant Extracts', 'Antioxidant']","['Support', 'Actives']",[],Pattern
Opuntia Ficus-Indica Fruit Extract 68.54%,Good,[],"['Plant Extracts', 'Antioxidant']","['Support', 'Actives']",[],Pattern
Alisma Orientale Tuber Extract,Good,[],"['Plant Extracts', 'Antioxidant']","['Support', 'Actives']",[],Pattern
Centipeda Cunninghamii Extract,Good,[],"['Plant Extracts', 'Antioxidant']","['Support', 'Actives']",[],Pattern
Pulsatilla Koreana Extract,Good,[],"['Plant Extracts', 'Antioxidant']","['Support', 'Actives']",[],Pattern
Jasminum Officinale Flower Extract,Good,[],"['Plant Extracts', 'Antioxidant']","['Support', 'Actives']",[],Pattern
Acer Rubrum Extract,Good,[],"['Plant Extracts', 'Antioxidant']","['Support', 'Actives']",[],Pattern
Dimocarpus Longan Fruit Extract,Good,[],"['Plant Extracts', 'Antioxidant']","['Support', 'Actives']",[],Pattern
2-Hexanediol,Average,[],"['Preservative', 'Solvent']",['Utility'],[],Manual
Citrus Aurantium Dulcis Flower Water,Good,"['Hydration', 'Soothing']","['Humectant', 'Plant Extracts', 'Antioxidant']","['Support', 'Actives']",[],Pattern
Gypsophila Paniculata Root Extract,Good,[],"['Plant Extracts', 'Antioxidant']","['Support', 'Actives']",[],Pattern
Cymbopogon Schoenanthus Extract 0.1%,Good,[],"['Plant Extracts', 'Antioxidant']","['Support', 'Actives']",[],Pattern
Astragalus Membranaceus Root Extract,Good,[],"['Plant Extracts', 'Antioxidant']","['Support', 'Actives']",[],Pattern
Saccharina Latissima Extract,Good,[],"['Plant Extracts', 'Antioxidant']","['Support', 'Actives']",[],Pattern
Lindera Strychnifolia Root Extract,Good,[],"['Plant Extracts', 'Antioxidant']","['Support', 'Actives']",[],Pattern
Hamamelis Virginiana Leaf Extract,Good,[],"['Plant Extracts', 'Antioxidant']","['Support', 'Actives']",[],Pattern
Coffea Arabica Seed Oil,Good,['Hydration'],"['Emollient', 'Plant Extracts']",['Support'],[],Pattern
Hydrolyzed Rice Bran Extract,Good,[],"['Plant Extracts', 'Antioxidant']","['Support', 'Actives']",[],Pattern
Sepia Extract,Good,[],"['Plant Extracts', 'Antioxidant']","['Support', 'Actives']",[],Pattern
Plumeria Acutifolia Flower Extract,Good,[],"['Plant Extracts', 'Antioxidant']","['Support', 'Actives']",[],Pattern
Ocimum Sanctum Leaf Extract,Good,[],"['Plant Extracts', 'Antioxidant']","['Support', 'Actives']",[],Pattern
Balanites Aegyptiaca Fruit Extract,Good,[],"['Plant Extracts', 'Antioxidant']","['Support', 'Actives']",[],Pattern
Schizonepeta Tenuifolia Extract,Good,[],"['Plant Extracts', 'Antioxidant']","['Support', 'Actives']",[],Pattern
Sparassis Crispa Extract,Good,[],"['Plant Extracts', 'Antioxidant']","['Support', 'Actives']",[],Pattern
Tuber Melanosporum Extract,Good,[],"['Plant Extracts', 'Antioxidant']","['Support', 'Actives']",[],Pattern
Hydrolyzed Plukenetia Volubilis Seed Extract,Good,[],"['Plant Extracts', 'Antioxidant']","['Support', 'Actives']",[],Pattern
Citrus Aurantium Bergamia Fruit Water,Good,"['Hydration', 'Soothing']","['Humectant', 'Plant Extracts', 'Antioxidant']","['Support', 'Actives']",[],Pattern
Magnolia Liliflora Bud Extract,Good,[],"['Plant Extracts', 'Antioxidant']","['Support', 'Actives']",[],Pattern
Leucojum Aestivum Bulb Extract,Good,[],"['Plant Extracts', 'Antioxidant']","['Support', 'Actives']",[],Pattern
Beta Vulgaris Leaf Extract,Good,[],"['Plant Extracts', 'Antioxidant']","['Support', 'Actives']",[],Pattern
Vaccinium Vitis-Idaea Seed Oil,Good,['Hydration'],"['Emollient', 'Plant Extracts']",['Support'],[],Pattern
Hyssopus Officinalis Extract,Good,[],"['Plant Extracts', 'Antioxidant']","['Support', 'Actives']",[],Pattern
Raphanus Sativus Seed Oil,Good,['Hydration'],"['Emollient', 'Plant Extracts']",['Support'],[],Pattern
Yucca Schidigera Root Extract,Good,[],"['Plant Extracts', 'Antioxidant']","['Support', 'Actives']",[],Pattern
Centella Asiatica Extract 77%,Good,[],"['Plant Extracts', 'Antioxidant']","['Support', 'Actives']",[],Pattern
Perilla Frutescens Extract,Good,[],"['Plant Extracts', 'Antioxidant']","['Support', 'Actives']",[],Pattern
Arctium Lappa Leaf Extract,Good,[],"['Plant Extracts', 'Antioxidant']","['Support', 'Actives']",[],Pattern
Adansonia Digitata Pulp Extract,Good,[],"['Plant Extracts', 'Antioxidant']","['Support', 'Actives']",[],Pattern
Cannabis Sativa Flower/Leaf/Stem Extract,Good,[],"['Plant Extracts', 'Antioxidant']","['Support', 'Actives']",[],Pattern
Butter,Good,['Hydration'],['Emollient'],['Support'],[],Pattern
Phaseolus Radiatus Meristem Cell Culture Extract,Good,[],"['Plant Extracts', 'Antioxidant']","['Support', 'Actives']",[],Pattern
Lavandula Spica Flower Oil,Bad,[],"['Fragrance: Synthetic and Natural', 'Irritant', 'Plant Extracts']","['Sensory', 'Risks', 'Support']",[],Pattern
Eryngium Alpinum Flower Extract,Good,[],"['Plant Extracts', 'Antioxidant']","['Support', 'Actives']",[],Pattern
Gorgonia Extract,Good,[],"['Plant Extracts', 'Antioxidant']","['Support', 'Actives']",[],Pattern
Rhodochrosite Extract,Good,[],"['Plant Extracts', 'Antioxidant']","['Support', 'Actives']",[],Pattern
Eucalyptus Globulus Leaf Water,Good,"['Hydration', 'Soothing']","['Humectant', 'Plant Extracts', 'Antioxidant']","['Support', 'Actives']",[],Pattern
Davidsonia Jerseyana Fruit Extract,Good,[],"['Plant Extracts', 'Antioxidant']","['Support', 'Actives']",[],Pattern
Gleditsia Australis Fruit Extract,Good,[],"['Plant Extracts', 'Antioxidant']","['Support', 'Actives']",[],Pattern
Taraxacum Officinale Extract,Good,[],"['Plant Extracts', 'Antioxidant']","['Support', 'Actives']",[],Pattern
Acacia Arabica Stem Bark Extract,Good,[],"['Plant Extracts', 'Antioxidant']","['Support', 'Actives']",[],Pattern
Salmon Egg Extract,Good,[],"['Plant Extracts', 'Antioxidant']","['Support', 'Actives']",[],Pattern
Lactobacillus/Leuconostoc/Orange Fruit Extract Ferment Filtrate,Good,[],"['Plant Extracts', 'Antioxidant']","['Support', 'Actives']",[],Pattern
Abies Balsamea Extract,Good,[],"['Plant Extracts', 'Antioxidant']","['Support', 'Actives']",[],Pattern
Eleutherococcus Senticosus Root Extract 4.9%,Good,[],"['Plant Extracts', 'Antioxidant']","['Support', 'Actives']",[],Pattern
Camellia Sinensis Leaf Extract 0.1%,Good,[],"['Plant Extracts', 'Antioxidant']","['Support', 'Actives']",[],Pattern
Lens Esculenta Seed Extract,Good,[],"['Plant Extracts', 'Antioxidant']","['Support', 'Actives']",[],Pattern
Sophora Japonica Fruit Extract,Good,[],"['Plant Extracts', 'Antioxidant']","['Support', 'Actives']",[],Pattern
Asparagus Officinalis Extract,Good,[],"['Plant Extracts', 'Antioxidant']","['Support', 'Actives']",[],Pattern
Oxalis Triangularis Extract,Good,[],"['Plant Extracts', 'Antioxidant']","['Support', 'Actives']",[],Pattern
Hamamelis Virginiana Extract,Good,[],"['Plant Extracts', 'Antioxidant']","['Support', 'Actives']",[],Pattern
Ci 77400,Average,[],['Coloring Agent/Pigment'],['Sensory'],[],Pattern
Hydrolyzed Millet Seed Extract,Good,[],"['Plant Extracts', 'Antioxidant']","['Support', 'Actives']",[],Pattern
Helianthus Annuus Seed Extract,Good,[],"['Plant Extracts', 'Antioxidant']","['Support', 'Actives']",[],Pattern
Platanus Occidentalis Bark Extract,Good,[],"['Plant Extracts', 'Antioxidant']","['Support', 'Actives']",[],Pattern
Undaria Pinnatifida Sporophyll Extract,Good,[],"['Plant Extracts', 'Antioxidant']","['Support', 'Actives']",[],Pattern
Citrus Limon Fruit Extract,Good,[],"['Plant Extracts', 'Antioxidant']","['Support', 'Actives']",[],Pattern
Butyrospermum Parkii Seedcake Extract,Good,[],"['Plant Extracts', 'Antioxidant']","['Support', 'Actives']",[],Pattern
Saccharomyces/Caragana Sinica Root Ferment Extract,Good,[],"['Plant Extracts', 'Antioxidant']","['Support', 'Actives']",[],Pattern
Centella Asiatica Extract 80%,Good,[],"['Plant Extracts', 'Antioxidant']","['Support', 'Actives']",[],Pattern
Ceratonia Siliqua Fruit Extract 9.67%,Good,[],"['Plant Extracts', 'Antioxidant']","['Support', 'Actives']",[],Pattern
Aloe Vera Callus Extract 92%,Good,[],"['Plant Extracts', 'Antioxidant']","['Support', 'Actives']",[],Pattern
Glycyrrhiza Glabra Root Extract 0.05%,Good,[],"['Plant Extracts', 'Antioxidant']","['Support', 'Actives']",[],Pattern
Pimpinella Anisum Fruit Extract,Good,[],"['Plant Extracts', 'Antioxidant']","['Support', 'Actives']",[],Pattern
Lavandula Angustifolia Flower Water,Good,"['Hydration', 'Soothing']","['Humectant', 'Plant Extracts', 'Antioxidant']","['Support', 'Actives']",[],Pattern
Albatrellus Ovinus Extract,Good,[],"['Plant Extracts', 'Antioxidant']","['Support', 'Actives']",[],Pattern
Buddleja Davidii Callus Extract,Good,[],"['Plant Extracts', 'Antioxidant']","['Support', 'Actives']",[],Pattern
Propolis Extract 82%,Good,[],"['Plant Extracts', 'Antioxidant']","['Support', 'Actives']",[],Pattern
Ci 45100,Average,[],['Coloring Agent/Pigment'],['Sensory'],[],Pattern
Ocimum Basilicum Herb Extract,Good,[],"['Plant Extracts', 'Antioxidant']","['Support', 'Actives']",[],Pattern
Citrofortunella Microcarpa Fruit Extract,Good,[],"['Plant Extracts', 'Antioxidant']","['Support', 'Actives']",[],Pattern
Althaea Rosea Flower Water,Good,"['Hydration', 'Soothing']","['Humectant', 'Plant Extracts', 'Antioxidant']","['Support', 'Actives']",[],Pattern
Rosa Damascena Flower Water 1%,Good,"['Hydration', 'Soothing']","['Humectant', 'Plant Extracts', 'Antioxidant']","['Support', 'Actives']",[],Pattern
Macadamia Integrifolia Seed Oil,Good,['Hydration'],"['Emollient', 'Plant Extracts']",['Support'],[],Pattern
Citrus Unshiu Pericarp Extract,Good,[],"['Plant Extracts', 'Antioxidant']","['Support', 'Actives']",[],Pattern
Corthellus Shiitake Extract,Good,[],"['Plant Extracts', 'Antioxidant']","['Support', 'Actives']",[],Pattern
Rhodomyrtus Tomentosa Fruit Extract,Good,[],"['Plant Extracts', 'Antioxidant']","['Support', 'Actives']",[],Pattern
Crataegus Monogyna Fruit Extract,Good,[],"['Plant Extracts', 'Antioxidant']","['Support', 'Actives']",[],Pattern
Helianthus Annuus Sprout Extract,Good,[],"['Plant Extracts', 'Antioxidant']","['Support', 'Actives']",[],Pattern
Mentha Piperita Leaf Extract,Good,[],"['Plant Extracts', 'Antioxidant']","['Support', 'Actives']",[],Pattern
Ocimum Basilicum Flower/Leaf Extract,Good,[],"['Plant Extracts', 'Antioxidant']","['Support', 'Actives']",[],Pattern
Phellinus Linteus Extract 3.51%,Good,[],"['Plant Extracts', 'Antioxidant']","['Support', 'Actives']",[],Pattern
Centella Asiatica Extract 25%,Good,[],"['Plant Extracts', 'Antioxidant']","['Support', 'Actives']",[],Pattern
Aesculus Hippocastanum Bark Extract,Good,[],"['Plant Extracts', 'Antioxidant']","['Support', 'Actives']",[],Pattern
Pyrus Communis Flower Extract 3%,Good,[],"['Plant Extracts', 'Antioxidant']","['Support', 'Actives']",[],Pattern
Tourmaline Extract,Good,[],"['Plant Extracts', 'Antioxidant']","['Support', 'Actives']",[],Pattern
Wasabia Japonica Root Extract,Good,[],"['Plant Extracts', 'Antioxidant']","['Support', 'Actives']",[],Pattern
Citrus Aurantium Flower Extract,Good,[],"['Plant Extracts', 'Antioxidant']","['Support', 'Actives']",[],Pattern
Citrus Aurantium Peel Extract,Good,[],"['Plant Extracts', 'Antioxidant']","['Support', 'Actives']",[],Pattern
Mirabilis Jalapa Flower/Leaf/Stem Extract,Good,[],"['Plant Extracts', 'Antioxidant']","['Support', 'Actives']",[],Pattern
Jasminum Sambac Leaf Cell Extract,Good,[],"['Plant Extracts', 'Antioxidant']","['Support', 'Actives']",[],Pattern
Ocimum Basilicum Flower/Leaf/Stem Extract,Good,[],"['Plant Extracts', 'Antioxidant']","['Support', 'Actives']",[],Pattern
Withania Somnifera Root Extract 1.5%,Good,[],"['Plant Extracts', 'Antioxidant']","['Support', 'Actives']",[],Pattern
Carex Humillis Root Extract,Good,[],"['Plant Extracts', 'Antioxidant']","['Support', 'Actives']",[],Pattern
Centella Asiatica Extract 50.47%,Good,[],"['Plant Extracts', 'Antioxidant']","['Support', 'Actives']",[],Pattern
BHA,Average,[],"['Preservative', 'Antioxidant']","['Utility', 'Actives']",[],Manual
Commiphora Myrrha Resin Extract,Good,[],"['Plant Extracts', 'Antioxidant']","['Support', 'Actives']",[],Pattern
Nymphaea Coerulea Flower Extract,Good,[],"['Plant Extracts', 'Antioxidant']","['Support', 'Actives']",[],Pattern
Dendrobium Nobile Extract,Good,[],"['Plant Extracts', 'Antioxidant']","['Support', 'Actives']",[],Pattern
Citrus Aurantium Dulcis Peel Oil,Bad,[],"['Fragrance: Synthetic and Natural', 'Irritant', 'Plant Extracts']","['Sensory', 'Risks', 'Support']",[],Pattern
Smilax Glabra Root Extract,Good,[],"['Plant Extracts', 'Antioxidant']","['Support', 'Actives']",[],Pattern
Peg-50 Shea Butter,Good,['Hydration'],['Emollient'],['Support'],[],Pattern
Muscle Extract,Good,[],"['Plant Extracts', 'Antioxidant']","['Support', 'Actives']",[],Pattern
Beer Extract,Good,[],"['Plant Extracts', 'Antioxidant']","['Support', 'Actives']",[],Pattern
Astrocaryum Murumuru Seed Butter 0.2%,Good,['Hydration'],['Emollient'],['Support'],[],Pattern
Olea Europaea Bud Extract,Good,[],"['Plant Extracts', 'Antioxidant']","['Support', 'Actives']",[],Pattern
Alpinia Uraiensis Leaf Extract,Good,[],"['Plant Extracts', 'Antioxidant']","['Support', 'Actives']",[],Pattern
Arctostaphylos Uva-Ursi Leaf Extract,Good,[],"['Plant Extracts', 'Antioxidant']","['Support', 'Actives']",[],Pattern
Centaurium Erythraea Extract,Good,[],"['Plant Extracts', 'Antioxidant']","['Support', 'Actives']",[],Pattern
Macadamia Integrifolia Seed Oil 5%,Good,['Hydration'],"['Emollient', 'Plant Extracts']",['Support'],[],Pattern
Coconut Oil Polyglyceryl-6 Esters,Good,['Hydration'],"['Emollient', 'Plant Extracts']",['Support'],[],Pattern
Triticum Vulgare Sprout Extract,Good,[],"['Plant Extracts', 'Antioxidant']","['Support', 'Actives']",[],Pattern
Aquaphilus Dolomiae Extract Filtrate,Good,[],"['Plant Extracts', 'Antioxidant']","['Support', 'Actives']",[],Pattern
Centella Asiatica Extract 20%,Good,[],"['Plant Extracts', 'Antioxidant']","['Support', 'Actives']",[],Pattern
Eclipta Prostrata Leaf Extract,Good,[],"['Plant Extracts', 'Antioxidant']","['Support', 'Actives']",[],Pattern
Coffea Arabica Leaf Extract,Good,[],"['Plant Extracts', 'Antioxidant']","['Support', 'Actives']",[],Pattern
Leptospermum Scoparium Leaf Extract,Good,[],"['Plant Extracts', 'Antioxidant']","['Support', 'Actives']",[],Pattern
Lepidium Meyenii Root Extract,Good,[],"['Plant Extracts', 'Antioxidant']","['Support', 'Actives']",[],Pattern
Aureobasidium Pullulans Ferment Extract,Good,[],"['Plant Extracts', 'Antioxidant']","['Support', 'Actives']",[],Pattern
Citrus Depressa Peel Extract,Good,[],"['Plant Extracts', 'Antioxidant']","['Support', 'Actives']",[],Pattern
Citrus Junos Peel Extract,Good,[],"['Plant Extracts', 'Antioxidant']","['Support', 'Actives']",[],Pattern
Lotus Corniculatus Seed Extract,Good,[],"['Plant Extracts', 'Antioxidant']","['Support', 'Actives']",[],Pattern
Centella Asiatica Leaf Water 38%,Good,"['Hydration', 'Soothing']","['Humectant', 'Plant Extracts', 'Antioxidant']","['Support', 'Actives']",[],Pattern
Centella Asiatica Root Extract,Good,[],"['Plant Extracts', 'Antioxidant']","['Support', 'Actives']",[],Pattern
Triticum Vulgare Flour Extract,Good,[],"['Plant Extracts', 'Antioxidant']","['Support', 'Actives']",[],Pattern
Benincasa Cerifera Seed Extract,Good,[],"['Plant Extracts', 'Antioxidant']","['Support', 'Actives']",[],Pattern
Saccharomyces/Viscum Album Ferment Extract,Good,[],"['Plant Extracts', 'Antioxidant']","['Support', 'Actives']",[],Pattern
Marrubium Vulgare Extract,Good,[],"['Plant Extracts', 'Antioxidant']","['Support', 'Actives']",[],Pattern
Chenopodium Quinoa Seed Extract,Good,[],"['Plant Extracts', 'Antioxidant']","['Support', 'Actives']",[],Pattern
Oryza Sativa Hull Extract,Good,[],"['Plant Extracts', 'Antioxidant']","['Support', 'Actives']",[],Pattern
Fish Extract,Good,[],"['Plant Extracts', 'Antioxidant']","['Support', 'Actives']",[],Pattern
Prunus Persica Leaf Extract,Good,[],"['Plant Extracts', 'Antioxidant']","['Support', 'Actives']",[],Pattern
Picea Abies Leaf Extract,Good,[],"['Plant Extracts', 'Antioxidant']","['Support', 'Actives']",[],Pattern
Arnica Montana Extract,Good,[],"['Plant Extracts', 'Antioxidant']","['Support', 'Actives']",[],Pattern
Prunus Mume Leaf Extract,Good,[],"['Plant Extracts', 'Antioxidant']","['Support', 'Actives']",[],Pattern
Laminaria Cloustoni Extract,Good,[],"['Plant Extracts', 'Antioxidant']","['Support', 'Actives']",[],Pattern
Polygonatum Officinale Rhizome/Root Extract,Good,[],"['Plant Extracts', 'Antioxidant']","['Support', 'Actives']",[],Pattern
Amomum Subulatum Seed Extract,Good,[],"['Plant Extracts', 'Antioxidant']","['Support', 'Actives']",[],Pattern
Myrica Cerifera Fruit Extract,Good,[],"['Plant Extracts', 'Antioxidant']","['Support', 'Actives']",[],Pattern
Monarda Didyma Leaf Extract,Good,[],"['Plant Extracts', 'Antioxidant']","['Support', 'Actives']",[],Pattern
Ci 77231,Average,[],['Coloring Agent/Pigment'],['Sensory'],[],Pattern
Chenopodium Quinoa Extract,Good,[],"['Plant Extracts', 'Antioxidant']","['Support', 'Actives']",[],Pattern
Crocus Sativus Flower Extract,Good,[],"['Plant Extracts', 'Antioxidant']","['Support', 'Actives']",[],Pattern
Pentaclethra Macroloba Seed Oil/Behenic Acid/Aminopropanediol Amides/Esters,Good,['Hydration'],"['Emollient', 'Plant Extracts']",['Support'],[],Pattern
Cananga Odorata Flower Water,Good,"['Hydration', 'Soothing']","['Humectant', 'Plant Extracts', 'Antioxidant']","['Support', 'Actives']",[],Pattern
Rosa Hybrid Callus Culture Extract,Good,[],"['Plant Extracts', 'Antioxidant']","['Support', 'Actives']",[],Pattern
Brassica Oleracea Botrytis Extract,Good,[],"['Plant Extracts', 'Antioxidant']","['Support', 'Actives']",[],Pattern
Saccharum Officinarum Extract,Good,[],"['Plant Extracts', 'Antioxidant']","['Support', 'Actives']",[],Pattern
Lactobacillus/Scutellaria Baicalensis Root Extract Ferment Filtrate,Good,[],"['Plant Extracts', 'Antioxidant']","['Support', 'Actives']",[],Pattern
Rosmarinus Officinalis Flower Oil,Bad,[],"['Fragrance: Synthetic and Natural', 'Irritant', 'Plant Extracts']","['Sensory', 'Risks', 'Support']",[],Pattern
Prunus Virginiana Bark Extract,Good,[],"['Plant Extracts', 'Antioxidant']","['Support', 'Actives']",[],Pattern
Rubus Fruticosus Leaf Extract,Good,[],"['Plant Extracts', 'Antioxidant']","['Support', 'Actives']",[],Pattern
Zea Mays Leaf Extract,Good,[],"['Plant Extracts', 'Antioxidant']","['Support', 'Actives']",[],Pattern
Artemisia Princeps Extract,Good,[],"['Plant Extracts', 'Antioxidant']","['Support', 'Actives']",[],Pattern
Lens Esculenta Fruit Extract,Good,[],"['Plant Extracts', 'Antioxidant']","['Support', 'Actives']",[],Pattern
Achillea Millefolium Flower Water,Good,"['Hydration', 'Soothing']","['Humectant', 'Plant Extracts', 'Antioxidant']","['Support', 'Actives']",[],Pattern
Mirabilis Jalapa Extract,Good,[],"['Plant Extracts', 'Antioxidant']","['Support', 'Actives']",[],Pattern
Propolis Extract 65%,Good,[],"['Plant Extracts', 'Antioxidant']","['Support', 'Actives']",[],Pattern
Tamarindus Indica Fruit Extract,Good,[],"['Plant Extracts', 'Antioxidant']","['Support', 'Actives']",[],Pattern
Cinchona Succirubra Bark Extract,Good,[],"['Plant Extracts', 'Antioxidant']","['Support', 'Actives']",[],Pattern
Panax Ginseng Extract,Good,[],"['Plant Extracts', 'Antioxidant']","['Support', 'Actives']",[],Pattern
Artemisia Princeps Extract 90%,Good,[],"['Plant Extracts', 'Antioxidant']","['Support', 'Actives']",[],Pattern
Tremella Fuciformis Extract,Good,[],"['Plant Extracts', 'Antioxidant']","['Support', 'Actives']",[],Pattern
Salicornia Herbacea Callus Culture Extract,Good,[],"['Plant Extracts', 'Antioxidant']","['Support', 'Actives']",[],Pattern
Cornus Officinalis Fruit Extract,Good,[],"['Plant Extracts', 'Antioxidant']","['Support', 'Actives']",[],Pattern
Vitis Vinifera Fruit Cell Extract,Good,[],"['Plant Extracts', 'Antioxidant']","['Support', 'Actives']",[],Pattern
Rhynchosia Nulubilis Seed Extract,Good,[],"['Plant Extracts', 'Antioxidant']","['Support', 'Actives']",[],Pattern
Ribes Nigrum Bud Extract,Good,[],"['Plant Extracts', 'Antioxidant']","['Support', 'Actives']",[],Pattern
Pinus Sylvestris Cone Extract,Good,[],"['Plant Extracts', 'Antioxidant']","['Support', 'Actives']",[],Pattern
Vitex Trifolia Extract 614%,Good,[],"['Plant Extracts', 'Antioxidant']","['Support', 'Actives']",[],Pattern
Crocus Chrysanthus Bulb Extract,Good,[],"['Plant Extracts', 'Antioxidant']","['Support', 'Actives']",[],Pattern
Malva Sylvestris Leaf Extract,Good,[],"['Plant Extracts', 'Antioxidant']","['Support', 'Actives']",[],Pattern
Nymphaea Lotus Root Extract,Good,[],"['Plant Extracts', 'Antioxidant']","['Support', 'Actives']",[],Pattern
Citrus Aurantium Amara Flower Extract,Good,[],"['Plant Extracts', 'Antioxidant']","['Support', 'Actives']",[],Pattern
Angelica Acutiloba Root Extract 0.17%,Good,[],"['Plant Extracts', 'Antioxidant']","['Support', 'Actives']",[],Pattern
Solanum Aviculare Seed Oil,Good,['Hydration'],"['Emollient', 'Plant Extracts']",['Support'],[],Pattern
Triticum Vulgare Seed Extract,Good,[],"['Plant Extracts', 'Antioxidant']","['Support', 'Actives']",[],Pattern
Commiphora Abyssinica Resin Extract,Good,[],"['Plant Extracts', 'Antioxidant']","['Support', 'Actives']",[],Pattern
Pelargonium Graveolens Flower Extract,Good,[],"['Plant Extracts', 'Antioxidant']","['Support', 'Actives']",[],Pattern
Citrus Aurantium Bergamia Leaf Extract,Good,[],"['Plant Extracts', 'Antioxidant']","['Support', 'Actives']",[],Pattern
Anethum Graveolens Herb Extract,Good,[],"['Plant Extracts', 'Antioxidant']","['Support', 'Actives']",[],Pattern
Caesalpinia Sappan Stem Extract,Good,[],"['Plant Extracts', 'Antioxidant']","['Support', 'Actives']",[],Pattern
Hedychium Spicatum Extract,Good,[],"['Plant Extracts', 'Antioxidant']","['Support', 'Actives']",[],Pattern
Brachychiton Acerifolius Leaf Extract,Good,[],"['Plant Extracts', 'Antioxidant']","['Support', 'Actives']",[],Pattern
Picea Abies Extract,Good,[],"['Plant Extracts', 'Antioxidant']","['Support', 'Actives']",[],Pattern
Secale Cereale Seed Extract,Good,[],"['Plant Extracts', 'Antioxidant']","['Support', 'Actives']",[],Pattern
Gracilaria Verrucosa Extract,Good,[],"['Plant Extracts', 'Antioxidant']","['Support', 'Actives']",[],Pattern
Centella Asiatica Extract 1%,Good,[],"['Plant Extracts', 'Antioxidant']","['Support', 'Actives']",[],Pattern
Eel Extract,Good,[],"['Plant Extracts', 'Antioxidant']","['Support', 'Actives']",[],Pattern
Citrus Aurantium Leaf Extract,Good,[],"['Plant Extracts', 'Antioxidant']","['Support', 'Actives']",[],Pattern
Foeniculum Vulgare Vulgare Fruit Extract,Good,[],"['Plant Extracts', 'Antioxidant']","['Support', 'Actives']",[],Pattern
Camellia Sinensis Leaf Water 62%,Good,"['Hydration', 'Soothing']","['Humectant', 'Plant Extracts', 'Antioxidant']","['Support', 'Actives']",[],Pattern
Leontopodium Alpinum Callus Culture Extract,Good,[],"['Plant Extracts', 'Antioxidant']","['Support', 'Actives']",[],Pattern
Matthiola Longipetala Seed Oil,Good,['Hydration'],"['Emollient', 'Plant Extracts']",['Support'],[],Pattern
Ozonized Oryza Sativa Callus Culture Extract,Good,[],"['Plant Extracts', 'Antioxidant']","['Support', 'Actives']",[],Pattern
Gelidiella Acerosa Extract,Good,[],"['Plant Extracts', 'Antioxidant']","['Support', 'Actives']",[],Pattern
Lindera Erythrocarpa Extract,Good,[],"['Plant Extracts', 'Antioxidant']","['Support', 'Actives']",[],Pattern
Amelanchier Alnifolia Fruit Extract,Good,[],"['Plant Extracts', 'Antioxidant']","['Support', 'Actives']",[],Pattern
Lactobacillus/Watermelon Fruit Ferment Extract,Good,[],"['Plant Extracts', 'Antioxidant']","['Support', 'Actives']",[],Pattern
Aloe Barbadensis Leaf Extract 5%,Good,[],"['Plant Extracts', 'Antioxidant']","['Support', 'Actives']",[],Pattern
Ci 77499,Average,[],['Coloring Agent/Pigment'],['Sensory'],[],Pattern
Glycine Soja Seedcake Extract,Good,[],"['Plant Extracts', 'Antioxidant']","['Support', 'Actives']",[],Pattern
Rosa Alba Flower Extract,Good,[],"['Plant Extracts', 'Antioxidant']","['Support', 'Actives']",[],Pattern
Oryza Sativa Extract 77.78%,Good,[],"['Plant Extracts', 'Antioxidant']","['Support', 'Actives']",[],Pattern
Saponaria Pumila Callus Culture Extract,Good,[],"['Plant Extracts', 'Antioxidant']","['Support', 'Actives']",[],Pattern
Raspberry Seed Oil/Palm Oil Aminopropanediol Esters,Good,['Hydration'],"['Emollient', 'Plant Extracts']",['Support'],[],Pattern
Melia Azadirachta Seed Oil,Good,['Hydration'],"['Emollient', 'Plant Extracts']",['Support'],[],Pattern
Centella Asiatica Extract 32.8%,Good,[],"['Plant Extracts', 'Antioxidant']","['Support', 'Actives']",[],Pattern
Polygonum Aviculare Extract,Good,[],"['Plant Extracts', 'Antioxidant']","['Support', 'Actives']",[],Pattern
Sea Cucumber Extract,Good,[],"['Plant Extracts', 'Antioxidant']","['Support', 'Actives']",[],Pattern
Prunus Yedoensis Leaf Extract,Good,[],"['Plant Extracts', 'Antioxidant']","['Support', 'Actives']",[],Pattern
Ononis Spinosa Root Extract,Good,[],"['Plant Extracts', 'Antioxidant']","['Support', 'Actives']",[],Pattern
Lactobacillus/Ampelocissus Martini Fruit/Lavender Flower/Rosa Canina Fruit/Rosemary Leaf/Sage Leaf/Thyme Leaf Extract Ferment Filtrate,Good,[],"['Plant Extracts', 'Antioxidant']","['Support', 'Actives']",[],Pattern
Cucumis Sativus Seed Oil,Good,['Hydration'],"['Emollient', 'Plant Extracts']",['Support'],[],Pattern
Thymus Vulgaris Flower/Leaf/Stem Extract,Good,[],"['Plant Extracts', 'Antioxidant']","['Support', 'Actives']",[],Pattern
Taraxacum Officinale Rhizome/Root Extract,Good,[],"['Plant Extracts', 'Antioxidant']","['Support', 'Actives']",[],Pattern
Ci 73015,Average,[],['Coloring Agent/Pigment'],['Sensory'],[],Pattern
Hippophae Rhamnoides Fruit/Seed Oil,Good,['Hydration'],"['Emollient', 'Plant Extracts']",['Support'],[],Pattern
Nephelium Lappaceum Peel Extract,Good,[],"['Plant Extracts', 'Antioxidant']","['Support', 'Actives']",[],Pattern
Carpobrotus Edulis Extract,Good,[],"['Plant Extracts', 'Antioxidant']","['Support', 'Actives']",[],Pattern
Santalum Acuminatum Fruit Extract,Good,[],"['Plant Extracts', 'Antioxidant']","['Support', 'Actives']",[],Pattern
Cystoseira Tamariscifolia Extract,Good,[],"['Plant Extracts', 'Antioxidant']","['Support', 'Actives']",[],Pattern
Iris Florentina Root Extract,Good,[],"['Plant Extracts', 'Antioxidant']","['Support', 'Actives']",[],Pattern
Ci 19140,Average,[],['Coloring Agent/Pigment'],['Sensory'],[],Pattern
Camellia Sinensis Seed Extract 8.59%,Good,[],"['Plant Extracts', 'Antioxidant']","['Support', 'Actives']",[],Pattern
Anthemis Nobilis Flower Extract 71.06%,Good,[],"['Plant Extracts', 'Antioxidant']","['Support', 'Actives']",[],Pattern
Morinda Citrifolia Seed Oil,Good,['Hydration'],"['Emollient', 'Plant Extracts']",['Support'],[],Pattern
Dahlia Variabilis Flower Extract,Good,[],"['Plant Extracts', 'Antioxidant']","['Support', 'Actives']",[],Pattern
Tropaeolum Majus Flower/Leaf/Stem Extract,Good,[],"['Plant Extracts', 'Antioxidant']","['Support', 'Actives']",[],Pattern
Vitis Vinifera Fruit Extract,Good,[],"['Plant Extracts', 'Antioxidant']","['Support', 'Actives']",[],Pattern
Fuscoporia Obliqua Sclerotium Extract,Good,[],"['Plant Extracts', 'Antioxidant']","['Support', 'Actives']",[],Pattern
Lycium Chinense Leaf Extract,Good,[],"['Plant Extracts', 'Antioxidant']","['Support', 'Actives']",[],Pattern
Alchemilla Vulgaris Leaf Extract,Good,[],"['Plant Extracts', 'Antioxidant']","['Support', 'Actives']",[],Pattern
Schisandra Chinensis Seed Extract,Good,[],"['Plant Extracts', 'Antioxidant']","['Support', 'Actives']",[],Pattern
Bambusa Vulgaris Callus Culture Extract,Good,[],"['Plant Extracts', 'Antioxidant']","['Support', 'Actives']",[],Pattern
Citrus Nobilis Peel Extract,Good,[],"['Plant Extracts', 'Antioxidant']","['Support', 'Actives']",[],Pattern
Uncaria Gambir Extract,Good,[],"['Plant Extracts', 'Antioxidant']","['Support', 'Actives']",[],Pattern
Egg Yolk Extract,Good,[],"['Plant Extracts', 'Antioxidant']","['Support', 'Actives']",[],Pattern
Aloe Barbadensis Leaf Extract 10%,Good,[],"['Plant Extracts', 'Antioxidant']","['Support', 'Actives']",[],Pattern
Coptis Japonica Root Extract,Good,[],"['Plant Extracts', 'Antioxidant']","['Support', 'Actives']",[],Pattern
Chrysanthemum Sibiricum Extract,Good,[],"['Plant Extracts', 'Antioxidant']","['Support', 'Actives']",[],Pattern
Sphingomonas Ferment Extract,Good,[],"['Plant Extracts', 'Antioxidant']","['Support', 'Actives']",[],Pattern
Eucheuma Serra/Grateloupia Sparsa/Saccharina Angustata/Ulva Linza/Undaria Pinnatifida Extract,Good,[],"['Plant Extracts', 'Antioxidant']","['Support', 'Actives']",[],Pattern
Imperata Cylindrica Root Extract,Good,[],"['Plant Extracts', 'Antioxidant']","['Support', 'Actives']",[],Pattern
Coriandrum Sativum Extract,Good,[],"['Plant Extracts', 'Antioxidant']","['Support', 'Actives']",[],Pattern
Curcuma Longa Root Extract,Good,[],"['Plant Extracts', 'Antioxidant']","['Support', 'Actives']",[],Pattern
Fragaria Ananassa Seed Oil,Good,['Hydration'],"['Emollient', 'Plant Extracts']",['Support'],[],Pattern
Helichrysum Arenarium Extract 0.1%,Good,[],"['Plant Extracts', 'Antioxidant']","['Support', 'Actives']",[],Pattern
Lavandula Angustifolia Flower Extract,Good,[],"['Plant Extracts', 'Antioxidant']","['Support', 'Actives']",[],Pattern
Prunus Amygdalus Dulcis Seed Extract,Good,[],"['Plant Extracts', 'Antioxidant']","['Support', 'Actives']",[],Pattern
Isoeugenol,Bad,[],"['Fragrance: Synthetic and Natural', 'Irritant']","['Sensory', 'Risks']",['EU list of 26 fragrance allergens requiring labeling'],EU 26
Averrhoa Carambola Fruit Extract,Good,[],"['Plant Extracts', 'Antioxidant']","['Support', 'Actives']",[],Pattern
Asparagus Cochinchinensis Root Extract,Good,[],"['Plant Extracts', 'Antioxidant']","['Support', 'Actives']",[],Pattern
Polygonatum Officinale Extract,Good,[],"['Plant Extracts', 'Antioxidant']","['Support', 'Actives']",[],Pattern
Paeonia Officinalis Flower Extract,Good,[],"['Plant Extracts', 'Antioxidant']","['Support', 'Actives']",[],Pattern
Macropiper Excelsum Leaf Extract,Good,[],"['Plant Extracts', 'Antioxidant']","['Support', 'Actives']",[],Pattern
Simmondsia Chinensis Leaf Extract,Good,[],"['Plant Extracts', 'Antioxidant']","['Support', 'Actives']",[],Pattern
Actinidia Chinensis Fruit Water,Good,"['Hydration', 'Soothing']","['Humectant', 'Plant Extracts', 'Antioxidant']","['Support', 'Actives']",[],Pattern
Embryo Extract,Good,[],"['Plant Extracts', 'Antioxidant']","['Support', 'Actives']",[],Pattern
Ipomoea Purpurea Extract,Good,[],"['Plant Extracts', 'Antioxidant']","['Support', 'Actives']",[],Pattern
Sorbus Aucuparia Fruit Extract,Good,[],"['Plant Extracts', 'Antioxidant']","['Support', 'Actives']",[],Pattern
Callicarpa Japonica Fruit Extract,Good,[],"['Plant Extracts', 'Antioxidant']","['Support', 'Actives']",[],Pattern
Camellia Sinensis Leaf Extract 35.2%,Good,[],"['Plant Extracts', 'Antioxidant']","['Support', 'Actives']",[],Pattern
Crambe Maritima Leaf Extract,Good,[],"['Plant Extracts', 'Antioxidant']","['Support', 'Actives']",[],Pattern
Pyrus Malus Root Extract,Good,[],"['Plant Extracts', 'Antioxidant']","['Support', 'Actives']",[],Pattern
Rubus Chamaemorus Fruit Extract,Good,[],"['Plant Extracts', 'Antioxidant']","['Support', 'Actives']",[],Pattern
Ligustrum Japonicum Fruit Extract,Good,[],"['Plant Extracts', 'Antioxidant']","['Support', 'Actives']",[],Pattern
Origanum Vulgare Leaf Extract,Good,[],"['Plant Extracts', 'Antioxidant']","['Support', 'Actives']",[],Pattern
Glycine Soja Sprout Extract,Good,[],"['Plant Extracts', 'Antioxidant']","['Support', 'Actives']",[],Pattern
Serica Extract,Good,[],"['Plant Extracts', 'Antioxidant']","['Support', 'Actives']",[],Pattern
Fumaria Officinalis Flower/Leaf/Stem Extract,Good,[],"['Plant Extracts', 'Antioxidant']","['Support', 'Actives']",[],Pattern
Citrus Nobilis Oil,Bad,[],"['Fragrance: Synthetic and Natural', 'Irritant', 'Plant Extracts']","['Sensory', 'Risks', 'Support']",[],Pattern
Citrus Aurantium Dulcis Callus Culture Extract,Good,[],"['Plant Extracts', 'Antioxidant']","['Support', 'Actives']",[],Pattern
Vaccinium Angustifolium Fruit Extract 21%,Good,[],"['Plant Extracts', 'Antioxidant']","['Support', 'Actives']",[],Pattern
Aspalathus Linearis Extract 78%,Good,[],"['Plant Extracts', 'Antioxidant']","['Support', 'Actives']",[],Pattern
Populus Nigra Flower Extract,Good,[],"['Plant Extracts', 'Antioxidant']","['Support', 'Actives']",[],Pattern
Thymus Serpyllum Extract,Good,[],"['Plant Extracts', 'Antioxidant']","['Support', 'Actives']",[],Pattern
Thuja Orientalis Seed Extract,Good,[],"['Plant Extracts', 'Antioxidant']","['Support', 'Actives']",[],Pattern
Morus Alba Fruit Extract,Good,[],"['Plant Extracts', 'Antioxidant']","['Support', 'Actives']",[],Pattern
Oryza Sativa Extract 78.91%,Good,[],"['Plant Extracts', 'Antioxidant']","['Support', 'Actives']",[],Pattern
Centella Asiatica Leaf Water 74%,Good,"['Hydration', 'Soothing']","['Humectant', 'Plant Extracts', 'Antioxidant']","['Support', 'Actives']",[],Pattern
Psidium Guajava Leaf Extract,Good,[],"['Plant Extracts', 'Antioxidant']","['Support', 'Actives']",[],Pattern
Rubus Idaeus Extract,Good,[],"['Plant Extracts', 'Antioxidant']","['Support', 'Actives']",[],Pattern
Glycyrrhiza Inflata Root Extract,Good,[],"['Plant Extracts', 'Antioxidant']","['Support', 'Actives']",[],Pattern
Glycyrrhiza Glabra Stem Extract,Good,[],"['Plant Extracts', 'Antioxidant']","['Support', 'Actives']",[],Pattern
Leontopodium Alpinum Flower Extract,Good,[],"['Plant Extracts', 'Antioxidant']","['Support', 'Actives']",[],Pattern
Lactobacillus/Panax Ginseng Root Extract Ferment Filtrate,Good,[],"['Plant Extracts', 'Antioxidant']","['Support', 'Actives']",[],Pattern
Houttuynia Cordata Extract 35%,Good,[],"['Plant Extracts', 'Antioxidant']","['Support', 'Actives']",[],Pattern
Passiflora Incarnata Extract,Good,[],"['Plant Extracts', 'Antioxidant']","['Support', 'Actives']",[],Pattern
Citrus Natsudaidai Peel Extract,Good,[],"['Plant Extracts', 'Antioxidant']","['Support', 'Actives']",[],Pattern
Peumus Boldus Leaf Extract,Good,[],"['Plant Extracts', 'Antioxidant']","['Support', 'Actives']",[],Pattern
Pinus Cembra Wood Extract,Good,[],"['Plant Extracts', 'Antioxidant']","['Support', 'Actives']",[],Pattern
Citrus Junos Peel Oil,Bad,[],"['Fragrance: Synthetic and Natural', 'Irritant', 'Plant Extracts']","['Sensory', 'Risks', 'Support']",[],Pattern
Larix Sibirica Wood Extract,Good,[],"['Plant Extracts', 'Antioxidant']","['Support', 'Actives']",[],Pattern
Lespedeza Capitata Extract,Good,[],"['Plant Extracts', 'Antioxidant']","['Support', 'Actives']",[],Pattern
Aloe Vera Callus Extract,Good,[],"['Plant Extracts', 'Antioxidant']","['Support', 'Actives']",[],Pattern
Ci 77267,Average,[],['Coloring Agent/Pigment'],['Sensory'],[],Pattern
Freesia Refracta Extract,Good,[],"['Plant Extracts', 'Antioxidant']","['Support', 'Actives']",[],Pattern
Carthamus Tinctorius Seed Extract,Good,[],"['Plant Extracts', 'Antioxidant']","['Support', 'Actives']",[],Pattern
Mirabilis Jalapa Flower Extract,Good,[],"['Plant Extracts', 'Antioxidant']","['Support', 'Actives']",[],Pattern
Musa Sapientum Leaf Extract,Good,[],"['Plant Extracts', 'Antioxidant']","['Support', 'Actives']",[],Pattern
Tuna Extract,Good,[],"['Plant Extracts', 'Antioxidant']","['Support', 'Actives']",[],Pattern
Lycium Barbarum Seed Oil,Good,['Hydration'],"['Emollient', 'Plant Extracts']",['Support'],[],Pattern
Lavandula Angustifolia Extract,Good,[],"['Plant Extracts', 'Antioxidant']","['Support', 'Actives']",[],Pattern
Prunus Mume Fruit Extract,Good,[],"['Plant Extracts', 'Antioxidant']","['Support', 'Actives']",[],Pattern
Prunus Davidiana Extract,Good,[],"['Plant Extracts', 'Antioxidant']","['Support', 'Actives']",[],Pattern
Laminaria Japonica Extract,Good,[],"['Plant Extracts', 'Antioxidant']","['Support', 'Actives']",[],Pattern
Nardostachys Chinensis Root Extract,Good,[],"['Plant Extracts', 'Antioxidant']","['Support', 'Actives']",[],Pattern
Malt Extract,Good,[],"['Plant Extracts', 'Antioxidant']","['Support', 'Actives']",[],Pattern
Pelargonium Graveolens Flower Water,Good,"['Hydration', 'Soothing']","['Humectant', 'Plant Extracts', 'Antioxidant']","['Support', 'Actives']",[],Pattern
Osmanthus Fragrans Flower Extract,Good,[],"['Plant Extracts', 'Antioxidant']","['Support', 'Actives']",[],Pattern
Cucurbitaceae Extract,Good,[],"['Plant Extracts', 'Antioxidant']","['Support', 'Actives']",[],Pattern
Eysenhardtia Polystachya Wood Extract,Good,[],"['Plant Extracts', 'Antioxidant']","['Support', 'Actives']",[],Pattern
Collagen Extract 53.9%,Good,[],"['Plant Extracts', 'Antioxidant']","['Support', 'Actives']",[],Pattern
Phormidium Persicinum Extract,Good,[],"['Plant Extracts', 'Antioxidant']","['Support', 'Actives']",[],Pattern
Lycium Chinense Fruit Extract,Good,[],"['Plant Extracts', 'Antioxidant']","['Support', 'Actives']",[],Pattern
Oryza Sativa Bran Extract,Good,[],"['Plant Extracts', 'Antioxidant']","['Support', 'Actives']",[],Pattern
Iris Pallida Root Extract,Good,[],"['Plant Extracts', 'Antioxidant']","['Support', 'Actives']",[],Pattern
Yucca Filamentosa Root Extract,Good,[],"['Plant Extracts', 'Antioxidant']","['Support', 'Actives']",[],Pattern
Papaver Rhoeas Petal Extract,Good,[],"['Plant Extracts', 'Antioxidant']","['Support', 'Actives']",[],Pattern
Fucus Spiralis Extract,Good,[],"['Plant Extracts', 'Antioxidant']","['Support', 'Actives']",[],Pattern
Panax Quinquefolius Root Extract,Good,[],"['Plant Extracts', 'Antioxidant']","['Support', 'Actives']",[],Pattern
Valeriana Officinalis Rhizome/Root Extract,Good,[],"['Plant Extracts', 'Antioxidant']","['Support', 'Actives']",[],Pattern
Vigna Aconitifolia Seed Extract,Good,[],"['Plant Extracts', 'Antioxidant']","['Support', 'Actives']",[],Pattern
Prunus Domestica Fruit Extract,Good,[],"['Plant Extracts', 'Antioxidant']","['Support', 'Actives']",[],Pattern
Melaleuca Leucadendron Cajaput Oil,Bad,[],"['Fragrance: Synthetic and Natural', 'Irritant', 'Plant Extracts']","['Sensory', 'Risks', 'Support']",[],Pattern
Echinacea Purpurea Flower/Leaf/Stem Extract,Good,[],"['Plant Extracts', 'Antioxidant']","['Support', 'Actives']",[],Pattern
Linum Usitatissimum Seed Extract,Good,[],"['Plant Extracts', 'Antioxidant']","['Support', 'Actives']",[],Pattern
Hamamelis Virginiana Bark/Leaf/Twig Extract,Good,[],"['Plant Extracts', 'Antioxidant']","['Support', 'Actives']",[],Pattern
Argania Spinosa Leaf Extract,Good,[],"['Plant Extracts', 'Antioxidant']","['Support', 'Actives']",[],Pattern
Diospyros Kaki Calyx Extract,Good,[],"['Plant Extracts', 'Antioxidant']","['Support', 'Actives']",[],Pattern
Rosa Canina Bud Extract,Good,[],"['Plant Extracts', 'Antioxidant']","['Support', 'Actives']",[],Pattern
Astrocaryum Tucuma Seed Butter,Good,['Hydration'],['Emollient'],['Support'],[],Pattern
Citrus Aurantifolia Fruit Oil,Bad,[],"['Fragrance: Synthetic and Natural', 'Irritant', 'Plant Extracts']","['Sensory', 'Risks', 'Support']",[],Pattern
Telopea Speciosissima Flower/Leaf Extract,Good,[],"['Plant Extracts', 'Antioxidant']","['Support', 'Actives']",[],Pattern
Aloe Barbadensis Leaf Extract 73.7%,Good,[],"['Plant Extracts', 'Antioxidant']","['Support', 'Actives']",[],Pattern
Rosmarinus Officinalis Leaf Oil 0%,Bad,[],"['Fragrance: Synthetic and Natural', 'Irritant', 'Plant Extracts']","['Sensory', 'Risks', 'Support']",[],Pattern
Sapindus Trifoliatus Fruit Extract,Good,[],"['Plant Extracts', 'Antioxidant']","['Support', 'Actives']",[],Pattern
Ranunculus Ficaria Extract,Good,[],"['Plant Extracts', 'Antioxidant']","['Support', 'Actives']",[],Pattern
Platycodon Grandiflorus Root Extract,Good,[],"['Plant Extracts', 'Antioxidant']","['Support', 'Actives']",[],Pattern
Garcinia Cambogia Fruit Extract,Good,[],"['Plant Extracts', 'Antioxidant']","['Support', 'Actives']",[],Pattern
Lavandula Angustifolia Flower Oil,Bad,[],"['Fragrance: Synthetic and Natural', 'Irritant', 'Plant Extracts']","['Sensory', 'Risks', 'Support']",[],Pattern
Lycium Chinense Root Extract,Good,[],"['Plant Extracts', 'Antioxidant']","['Support', 'Actives']",[],Pattern
Rheum Rhaponticum Root Extract,Good,[],"['Plant Extracts', 'Antioxidant']","['Support', 'Actives']",[],Pattern
Persea Gratissima Fruit Extract,Good,[],"['Plant Extracts', 'Antioxidant']","['Support', 'Actives']",[],Pattern
Ricinus Communis Seed Oil,Good,['Hydration'],"['Emollient', 'Plant Extracts']",['Support'],[],Pattern
Tilia Cordata Wood Extract,Good,[],"['Plant Extracts', 'Antioxidant']","['Support', 'Actives']",[],Pattern
Coffea Arabica Fruit Extract,Good,[],"['Plant Extracts', 'Antioxidant']","['Support', 'Actives']",[],Pattern
Cryptomeria Japonica Bud Extract,Good,[],"['Plant Extracts', 'Antioxidant']","['Support', 'Actives']",[],Pattern
Ci 77491,Average,[],['Coloring Agent/Pigment'],['Sensory'],[],Pattern
Camelina Sativa Seed Oil/Palm Oil Aminopropanediol Esters,Good,['Hydration'],"['Emollient', 'Plant Extracts']",['Support'],[],Pattern
Rh-Rice Extract,Good,[],"['Plant Extracts', 'Antioxidant']","['Support', 'Actives']",[],Pattern
Ribes Rubrum Fruit Extract,Good,[],"['Plant Extracts', 'Antioxidant']","['Support', 'Actives']",[],Pattern
Citrus Aurantifolia Leaf Extract,Good,[],"['Plant Extracts', 'Antioxidant']","['Support', 'Actives']",[],Pattern
Ci 77002,Average,[],['Coloring Agent/Pigment'],['Sensory'],[],Pattern
Hedychium Coronarium Root Extract,Good,[],"['Plant Extracts', 'Antioxidant']","['Support', 'Actives']",[],Pattern
Isatis Tinctoria Leaf Extract,Good,[],"['Plant Extracts', 'Antioxidant']","['Support', 'Actives']",[],Pattern
Mesua Ferrea Flower Extract,Good,[],"['Plant Extracts', 'Antioxidant']","['Support', 'Actives']",[],Pattern
Gnaphalium Leontopodium Flower Extract,Good,[],"['Plant Extracts', 'Antioxidant']","['Support', 'Actives']",[],Pattern
Pinus Pinaster Wood Extract,Good,[],"['Plant Extracts', 'Antioxidant']","['Support', 'Actives']",[],Pattern
Centella Asiatica Extract 0.3%,Good,[],"['Plant Extracts', 'Antioxidant']","['Support', 'Actives']",[],Pattern
Cistus Incanus Flower/Leaf/Stem Extract,Good,[],"['Plant Extracts', 'Antioxidant']","['Support', 'Actives']",[],Pattern
Piper Cubeba Fruit Extract,Good,[],"['Plant Extracts', 'Antioxidant']","['Support', 'Actives']",[],Pattern
Eruca Sativa Seed Extract,Good,[],"['Plant Extracts', 'Antioxidant']","['Support', 'Actives']",[],Pattern
Malpighia Emarginata Fruit Extract 0.5%,Good,[],"['Plant Extracts', 'Antioxidant']","['Support', 'Actives']",[],Pattern
Carthamus Tinctorius Seed Oil,Good,['Hydration'],"['Emollient', 'Plant Extracts']",['Support'],[],Pattern
Neural Extract,Good,[],"['Plant Extracts', 'Antioxidant']","['Support', 'Actives']",[],Pattern
Rosa Damascena Callus Culture Extract,Good,[],"['Plant Extracts', 'Antioxidant']","['Support', 'Actives']",[],Pattern
Monascus Extract,Good,[],"['Plant Extracts', 'Antioxidant']","['Support', 'Actives']",[],Pattern
Rheum Rhabarbarum Extract,Good,[],"['Plant Extracts', 'Antioxidant']","['Support', 'Actives']",[],Pattern
Rosa Centifolia Flower Water,Good,"['Hydration', 'Soothing']","['Humectant', 'Plant Extracts', 'Antioxidant']","['Support', 'Actives']",[],Pattern
Citrus Reticulata Peel Oil,Bad,[],"['Fragrance: Synthetic and Natural', 'Irritant', 'Plant Extracts']","['Sensory', 'Risks', 'Support']",[],Pattern
Kluyveromyces Extract,Good,[],"['Plant Extracts', 'Antioxidant']","['Support', 'Actives']",[],Pattern
Ormenis Multicaulis Flower Extract,Good,[],"['Plant Extracts', 'Antioxidant']","['Support', 'Actives']",[],Pattern
Plantago Ovata Leaf Extract,Good,[],"['Plant Extracts', 'Antioxidant']","['Support', 'Actives']",[],Pattern
Aloe Barbadensis Leaf Extract 0.1%,Good,[],"['Plant Extracts', 'Antioxidant']","['Support', 'Actives']",[],Pattern
Betula Alleghaniensis Bark Extract,Good,[],"['Plant Extracts', 'Antioxidant']","['Support', 'Actives']",[],Pattern
Prunus Mume Flower Water,Good,"['Hydration', 'Soothing']","['Humectant', 'Plant Extracts', 'Antioxidant']","['Support', 'Actives']",[],Pattern
Balanites Roxburghii Seed Oil,Good,['Hydration'],"['Emollient', 'Plant Extracts']",['Support'],[],Pattern
Hypnea Musciformis Extract,Good,[],"['Plant Extracts', 'Antioxidant']","['Support', 'Actives']",[],Pattern
Hypericum Erectum Flower/Leaf/Stem Extract,Good,[],"['Plant Extracts', 'Antioxidant']","['Support', 'Actives']",[],Pattern
Ledebouriella Divaricata Root Extract,Good,[],"['Plant Extracts', 'Antioxidant']","['Support', 'Actives']",[],Pattern
Potentilla Erecta Extract,Good,[],"['Plant Extracts', 'Antioxidant']","['Support', 'Actives']",[],Pattern
Chamaecyparis Obtusa Branch/Leaf Extract,Good,[],"['Plant Extracts', 'Antioxidant']","['Support', 'Actives']",[],Pattern
Aniba Rosaeodora Wood Extract,Good,[],"['Plant Extracts', 'Antioxidant']","['Support', 'Actives']",[],Pattern
Nymphaea Alba Flower Extract,Good,[],"['Plant Extracts', 'Antioxidant']","['Support', 'Actives']",[],Pattern
Helianthus Annuus Seed Oil 1%,Good,['Hydration'],"['Emollient', 'Plant Extracts']",['Support'],[],Pattern
Mentha Arvensis Leaf Oil,Bad,[],"['Fragrance: Synthetic and Natural', 'Irritant', 'Plant Extracts']","['Sensory', 'Risks', 'Support']",[],Pattern
Mangifera Indica Fruit Extract,Good,[],"['Plant Extracts', 'Antioxidant']","['Support', 'Actives']",[],Pattern
Tilia Platyphyllos Extract,Good,[],"['Plant Extracts', 'Antioxidant']","['Support', 'Actives']",[],Pattern
Ecklonia/Laminaria Extract,Good,[],"['Plant Extracts', 'Antioxidant']","['Support', 'Actives']",[],Pattern
Solanum Lycopersicum Seed Oil,Good,['Hydration'],"['Emollient', 'Plant Extracts']",['Support'],[],Pattern
Peat Extract,Good,[],"['Plant Extracts', 'Antioxidant']","['Support', 'Actives']",[],Pattern
Mirabilis Jalapa Seed Extract,Good,[],"['Plant Extracts', 'Antioxidant']","['Support', 'Actives']",[],Pattern
Hydroxyisohexyl 3-Cyclohexene Carboxaldehyde,Worst,[],"['Fragrance: Synthetic and Natural', 'Irritant']","['Sensory', 'Risks']",['EU Banned Allergen since 2021'],EU Banned
Ginkgo Biloba Nut Extract,Good,[],"['Plant Extracts', 'Antioxidant']","['Support', 'Actives']",[],Pattern
Malpighia Glabra Fruit Extract,Good,[],"['Plant Extracts', 'Antioxidant']","['Support', 'Actives']",[],Pattern
Pichia/Resveratrol Ferment Extract,Good,[],"['Plant Extracts', 'Antioxidant']","['Support', 'Actives']",[],Pattern
Maclura Cochinchinensis Leaf Extract,Good,[],"['Plant Extracts', 'Antioxidant']","['Support', 'Actives']",[],Pattern
Melaleuca Alternifolia Leaf Water 9.4%,Good,"['Hydration', 'Soothing']","['Humectant', 'Plant Extracts', 'Antioxidant']","['Support', 'Actives']",[],Pattern
Eucommia Ulmoides Bark Extract,Good,[],"['Plant Extracts', 'Antioxidant']","['Support', 'Actives']",[],Pattern
Mentha Spicata Herb Oil,Bad,[],"['Fragrance: Synthetic and Natural', 'Irritant', 'Plant Extracts']","['Sensory', 'Risks', 'Support']",[],Pattern
Glycine Max Seed Extract,Good,[],"['Plant Extracts', 'Antioxidant']","['Support', 'Actives']",[],Pattern
Echinacea Purpurea Root Extract,Good,[],"['Plant Extracts', 'Antioxidant']","['Support', 'Actives']",[],Pattern
Rheum Palmatum Root Extract,Good,[],"['Plant Extracts', 'Antioxidant']","['Support', 'Actives']",[],Pattern
Opuntia Ficus-Indica Extract 20.58%,Good,[],"['Plant Extracts', 'Antioxidant']","['Support', 'Actives']",[],Pattern
Artemisia Umbelliformis Extract,Good,[],"['Plant Extracts', 'Antioxidant']","['Support', 'Actives']",[],Pattern
Prunella Vulgaris Leaf Extract,Good,[],"['Plant Extracts', 'Antioxidant']","['Support', 'Actives']",[],Pattern
Dioscorea Oppositifolia Root Extract,Good,[],"['Plant Extracts', 'Antioxidant']","['Support', 'Actives']",[],Pattern
Rubus Idaeus Seed Oil,Good,['Hydration'],"['Emollient', 'Plant Extracts']",['Support'],[],Pattern
Nepeta Cataria Extract,Good,[],"['Plant Extracts', 'Antioxidant']","['Support', 'Actives']",[],Pattern
Smithsonite Extract,Good,[],"['Plant Extracts', 'Antioxidant']","['Support', 'Actives']",[],Pattern
Salivary Gland Extract,Good,[],"['Plant Extracts', 'Antioxidant']","['Support', 'Actives']",[],Pattern
Centella Asiatica Leaf Extract,Good,[],"['Plant Extracts', 'Antioxidant']","['Support', 'Actives']",[],Pattern
Scutellaria Lateriflora Extract,Good,[],"['Plant Extracts', 'Antioxidant']","['Support', 'Actives']",[],Pattern
Yucca Schidigera Stem Extract,Good,[],"['Plant Extracts', 'Antioxidant']","['Support', 'Actives']",[],Pattern
Petasites Japonicus Root Extract,Good,[],"['Plant Extracts', 'Antioxidant']","['Support', 'Actives']",[],Pattern
Ci 75810,Average,[],['Coloring Agent/Pigment'],['Sensory'],[],Pattern
Hydrangea Arborescens Root Extract,Good,[],"['Plant Extracts', 'Antioxidant']","['Support', 'Actives']",[],Pattern
Chamomilla Recutita Flower/Leaf Extract,Good,[],"['Plant Extracts', 'Antioxidant']","['Support', 'Actives']",[],Pattern
Palmitoyl Grape Seed Extract,Good,[],"['Plant Extracts', 'Antioxidant']","['Support', 'Actives']",[],Pattern
Glycine Soja Seed Extract 22.84%,Good,[],"['Plant Extracts', 'Antioxidant']","['Support', 'Actives']",[],Pattern
Fagus Sylvatica Bud Extract,Good,[],"['Plant Extracts', 'Antioxidant']","['Support', 'Actives']",[],Pattern
Lilium Tigrinum Flower/Leaf/Stem Extract,Good,[],"['Plant Extracts', 'Antioxidant']","['Support', 'Actives']",[],Pattern
Prunus Armeniaca Kernel Oil,Good,['Hydration'],"['Emollient', 'Plant Extracts']",['Support'],[],Pattern
Polygonatum Odoratum Rhizome Extract,Good,[],"['Plant Extracts', 'Antioxidant']","['Support', 'Actives']",[],Pattern
Calanthe Discolor Extract,Good,[],"['Plant Extracts', 'Antioxidant']","['Support', 'Actives']",[],Pattern
Centella Asiatica Flower/Leaf/Stem Extract,Good,[],"['Plant Extracts', 'Antioxidant']","['Support', 'Actives']",[],Pattern
Camellia Japonica Flower Water,Good,"['Hydration', 'Soothing']","['Humectant', 'Plant Extracts', 'Antioxidant']","['Support', 'Actives']",[],Pattern
Sideritis Scardica Flower/Leaf/Stem Extract,Good,[],"['Plant Extracts', 'Antioxidant']","['Support', 'Actives']",[],Pattern
Brassica Oleracea Italica Extract 6%,Good,[],"['Plant Extracts', 'Antioxidant']","['Support', 'Actives']",[],Pattern
Irvingia Gabonensis Kernel Butter,Good,['Hydration'],['Emollient'],['Support'],[],Pattern
Coffea Arabica Seedcake Extract,Good,[],"['Plant Extracts', 'Antioxidant']","['Support', 'Actives']",[],Pattern
Acer Pseudoplatanus Extract,Good,[],"['Plant Extracts', 'Antioxidant']","['Support', 'Actives']",[],Pattern
Tulipa Darwin Flower Extract,Good,[],"['Plant Extracts', 'Antioxidant']","['Support', 'Actives']",[],Pattern
Nelumbo Nucifera Germ Extract,Good,[],"['Plant Extracts', 'Antioxidant']","['Support', 'Actives']",[],Pattern
Petroselinum Crispum Extract,Good,[],"['Plant Extracts', 'Antioxidant']","['Support', 'Actives']",[],Pattern
Hamamelis Virginiana Leaf Water,Good,"['Hydration', 'Soothing']","['Humectant', 'Plant Extracts', 'Antioxidant']","['Support', 'Actives']",[],Pattern
Triticum Vulgare Germ Extract,Good,[],"['Plant Extracts', 'Antioxidant']","['Support', 'Actives']",[],Pattern
Porphyra Yezoensis Extract,Good,[],"['Plant Extracts', 'Antioxidant']","['Support', 'Actives']",[],Pattern
Tilia Cordata Flower Extract,Good,[],"['Plant Extracts', 'Antioxidant']","['Support', 'Actives']",[],Pattern
Citrus Aurantifolia Fruit Extract,Good,[],"['Plant Extracts', 'Antioxidant']","['Support', 'Actives']",[],Pattern
Faex Extract,Good,[],"['Plant Extracts', 'Antioxidant']","['Support', 'Actives']",[],Pattern
Elaeis Guineensis Butter,Good,['Hydration'],['Emollient'],['Support'],[],Pattern
Pogostemon Cablin Leaf Extract,Good,[],"['Plant Extracts', 'Antioxidant']","['Support', 'Actives']",[],Pattern
Quillaja Saponaria Wood Extract,Good,[],"['Plant Extracts', 'Antioxidant']","['Support', 'Actives']",[],Pattern
Morus Alba Twig Extract,Good,[],"['Plant Extracts', 'Antioxidant']","['Support', 'Actives']",[],Pattern
Nymphaea Gigantea Flower Extract,Good,[],"['Plant Extracts', 'Antioxidant']","['Support', 'Actives']",[],Pattern
Prunus Salicina Fruit Extract,Good,[],"['Plant Extracts', 'Antioxidant']","['Support', 'Actives']",[],Pattern
Withania Somnifera Extract,Good,[],"['Plant Extracts', 'Antioxidant']","['Support', 'Actives']",[],Pattern
Syringa Vulgaris Extract,Good,[],"['Plant Extracts', 'Antioxidant']","['Support', 'Actives']",[],Pattern
Luffa Cylindrica Fruit/Leaf/Stem Extract,Good,[],"['Plant Extracts', 'Antioxidant']","['Support', 'Actives']",[],Pattern
Polygonum Tinctorium Leaf Extract,Good,[],"['Plant Extracts', 'Antioxidant']","['Support', 'Actives']",[],Pattern
Schizandra Sphenanthera Fruit Extract,Good,[],"['Plant Extracts', 'Antioxidant']","['Support', 'Actives']",[],Pattern
Dioscorea Villosa Root Extract 68%,Good,[],"['Plant Extracts', 'Antioxidant']","['Support', 'Actives']",[],Pattern
Lycopodium Clavatum Extract,Good,[],"['Plant Extracts', 'Antioxidant']","['Support', 'Actives']",[],Pattern
Trifolium Pratense Extract,Good,[],"['Plant Extracts', 'Antioxidant']","['Support', 'Actives']",[],Pattern
Citrus Aurantium Amara Flower Oil,Bad,[],"['Fragrance: Synthetic and Natural', 'Irritant', 'Plant Extracts']","['Sensory', 'Risks', 'Support']",[],Pattern
Musa Paradisiaca Fruit Extract,Good,[],"['Plant Extracts', 'Antioxidant']","['Support', 'Actives']",[],Pattern
Calophyllum Inophyllum Seed Oil 10%,Good,['Hydration'],"['Emollient', 'Plant Extracts']",['Support'],[],Pattern
Buddleja Davidii Leaf Cell Culture Extract,Good,[],"['Plant Extracts', 'Antioxidant']","['Support', 'Actives']",[],Pattern
Mesembryanthemum Crystallinum Extract 63%,Good,[],"['Plant Extracts', 'Antioxidant']","['Support', 'Actives']",[],Pattern
Hydrolyzed Ulva Lactuca Extract,Good,[],"['Plant Extracts', 'Antioxidant']","['Support', 'Actives']",[],Pattern
Saccharomyces/Rice Ferment Filtrate Extract,Good,[],"['Plant Extracts', 'Antioxidant']","['Support', 'Actives']",[],Pattern
Diospyros Kaki Leaf Extract,Good,[],"['Plant Extracts', 'Antioxidant']","['Support', 'Actives']",[],Pattern
Dioscorea Villosa Root Extract,Good,[],"['Plant Extracts', 'Antioxidant']","['Support', 'Actives']",[],Pattern
Centella Asiatica Extract 45.77%,Good,[],"['Plant Extracts', 'Antioxidant']","['Support', 'Actives']",[],Pattern
Punica Granatum Fruit Extract 63%,Good,[],"['Plant Extracts', 'Antioxidant']","['Support', 'Actives']",[],Pattern
Coix Lacryma-Jobi Ma-Yuen Shell Extract,Good,[],"['Plant Extracts', 'Antioxidant']","['Support', 'Actives']",[],Pattern
Camellia Sinensis Leaf Extract 26.3%,Good,[],"['Plant Extracts', 'Antioxidant']","['Support', 'Actives']",[],Pattern
Shorea Stenoptera Seed Butter,Good,['Hydration'],['Emollient'],['Support'],[],Pattern
Citrus Aurantium Bergamia Fruit Oil,Bad,[],"['Fragrance: Synthetic and Natural', 'Irritant', 'Plant Extracts']","['Sensory', 'Risks', 'Support']",[],Pattern
Symphytum Officinale Leaf Extract,Good,[],"['Plant Extracts', 'Antioxidant']","['Support', 'Actives']",[],Pattern
Rosa Roxburghii Fruit Extract,Good,[],"['Plant Extracts', 'Antioxidant']","['Support', 'Actives']",[],Pattern
Bixa Orellana Seed Extract,Good,[],"['Plant Extracts', 'Antioxidant']","['Support', 'Actives']",[],Pattern
Vitex Agnus-Castus Extract,Good,[],"['Plant Extracts', 'Antioxidant']","['Support', 'Actives']",[],Pattern
Musa Sapientum Peel Extract,Good,[],"['Plant Extracts', 'Antioxidant']","['Support', 'Actives']",[],Pattern
Passiflora Quadrangularis Fruit Extract,Good,[],"['Plant Extracts', 'Antioxidant']","['Support', 'Actives']",[],Pattern
Lysimachia Foenum-Graecum Extract,Good,[],"['Plant Extracts', 'Antioxidant']","['Support', 'Actives']",[],Pattern
Hydrangea Serrata Leaf Extract,Good,[],"['Plant Extracts', 'Antioxidant']","['Support', 'Actives']",[],Pattern
Gynostemma Pentaphyllum Leaf/Stem Extract,Good,[],"['Plant Extracts', 'Antioxidant']","['Support', 'Actives']",[],Pattern
Melilotus Officinalis Flower Water,Good,"['Hydration', 'Soothing']","['Humectant', 'Plant Extracts', 'Antioxidant']","['Support', 'Actives']",[],Pattern
Melaleuca Alternifolia Leaf Oil 0.2%,Bad,[],"['Fragrance: Synthetic and Natural', 'Irritant', 'Plant Extracts']","['Sensory', 'Risks', 'Support']",[],Pattern
Schist Extract,Good,[],"['Plant Extracts', 'Antioxidant']","['Support', 'Actives']",[],Pattern
Rosa Hybrid Flower Water,Good,"['Hydration', 'Soothing']","['Humectant', 'Plant Extracts', 'Antioxidant']","['Support', 'Actives']",[],Pattern
Ci 14700,Average,[],['Coloring Agent/Pigment'],['Sensory'],[],Pattern
Opuntia Tuna Fruit Extract,Good,[],"['Plant Extracts', 'Antioxidant']","['Support', 'Actives']",[],Pattern
Rumex Acetosa Leaf Extract,Good,[],"['Plant Extracts', 'Antioxidant']","['Support', 'Actives']",[],Pattern
Pyrus Communis Flower Extract,Good,[],"['Plant Extracts', 'Antioxidant']","['Support', 'Actives']",[],Pattern
Brassica Oleracea Gemmifera Extract,Good,[],"['Plant Extracts', 'Antioxidant']","['Support', 'Actives']",[],Pattern
Pyrus Communis Fruit Extract,Good,[],"['Plant Extracts', 'Antioxidant']","['Support', 'Actives']",[],Pattern
Hypericum Erectum Extract,Good,[],"['Plant Extracts', 'Antioxidant']","['Support', 'Actives']",[],Pattern
Limonium Narbonense Flower/Leaf/Stem Extract,Good,[],"['Plant Extracts', 'Antioxidant']","['Support', 'Actives']",[],Pattern
Oenothera Biennis Seed Extract,Good,[],"['Plant Extracts', 'Antioxidant']","['Support', 'Actives']",[],Pattern
Chrysanthemum Indicum Flower Extract,Good,[],"['Plant Extracts', 'Antioxidant']","['Support', 'Actives']",[],Pattern
Rubus Chamaemorus Seed Oil,Good,['Hydration'],"['Emollient', 'Plant Extracts']",['Support'],[],Pattern
Juniperus Communis Callus Extract,Good,[],"['Plant Extracts', 'Antioxidant']","['Support', 'Actives']",[],Pattern
Olea Europaea Leaf Cell Extract,Good,[],"['Plant Extracts', 'Antioxidant']","['Support', 'Actives']",[],Pattern
Ulmus Campestris Bark Extract,Good,[],"['Plant Extracts', 'Antioxidant']","['Support', 'Actives']",[],Pattern
Magnolia Acuminata Flower Extract,Good,[],"['Plant Extracts', 'Antioxidant']","['Support', 'Actives']",[],Pattern
Genipa Americana Fruit Extract,Good,[],"['Plant Extracts', 'Antioxidant']","['Support', 'Actives']",[],Pattern
Inonotus Obliquus Extract,Good,[],"['Plant Extracts', 'Antioxidant']","['Support', 'Actives']",[],Pattern
Melaleuca Alternifolia Flower/Leaf/Stem Extract,Good,[],"['Plant Extracts', 'Antioxidant']","['Support', 'Actives']",[],Pattern
Ficus Indica Leaf Extract,Good,[],"['Plant Extracts', 'Antioxidant']","['Support', 'Actives']",[],Pattern
Illicium Verum Fruit/Seed Oil,Good,['Hydration'],"['Emollient', 'Plant Extracts']",['Support'],[],Pattern
Centella Asiatica Extract 5%,Good,[],"['Plant Extracts', 'Antioxidant']","['Support', 'Actives']",[],Pattern
Calluna Vulgaris Extract,Good,[],"['Plant Extracts', 'Antioxidant']","['Support', 'Actives']",[],Pattern
Hydrolyzed Viola Tricolor Extract,Good,[],"['Plant Extracts', 'Antioxidant']","['Support', 'Actives']",[],Pattern
Rubus Fruticosus Fruit Extract,Good,[],"['Plant Extracts', 'Antioxidant']","['Support', 'Actives']",[],Pattern
Hamamelis Virginiana Bark/Leaf Extract,Good,[],"['Plant Extracts', 'Antioxidant']","['Support', 'Actives']",[],Pattern
Houttuynia Cordata Extract 70%,Good,[],"['Plant Extracts', 'Antioxidant']","['Support', 'Actives']",[],Pattern
Citrus Unshiu Fruit Extract,Good,[],"['Plant Extracts', 'Antioxidant']","['Support', 'Actives']",[],Pattern
Hydrogenated Sunflower Seed Oil Polyglyceryl-3 Esters,Good,['Hydration'],"['Emollient', 'Plant Extracts']",['Support'],[],Pattern
Punica Granatum Bark Extract,Good,[],"['Plant Extracts', 'Antioxidant']","['Support', 'Actives']",[],Pattern
Alpinia Officinarum Root Extract,Good,[],"['Plant Extracts', 'Antioxidant']","['Support', 'Actives']",[],Pattern
Ampelopsis Japonica Root Extract,Good,[],"['Plant Extracts', 'Antioxidant']","['Support', 'Actives']",[],Pattern
Opuntia Vulgaris Extract,Good,[],"['Plant Extracts', 'Antioxidant']","['Support', 'Actives']",[],Pattern
Lilium Candidum Callus Culture Extract,Good,[],"['Plant Extracts', 'Antioxidant']","['Support', 'Actives']",[],Pattern
Mentha Piperita Oil,Bad,[],"['Fragrance: Synthetic and Natural', 'Irritant', 'Plant Extracts']","['Sensory', 'Risks', 'Support']",[],Pattern
Olea Europaea Leaf Water,Good,"['Hydration', 'Soothing']","['Humectant', 'Plant Extracts', 'Antioxidant']","['Support', 'Actives']",[],Pattern
Centella Asiatica Extract 76.38%,Good,[],"['Plant Extracts', 'Antioxidant']","['Support', 'Actives']",[],Pattern
Salvia Sclarea Seed Oil,Good,['Hydration'],"['Emollient', 'Plant Extracts']",['Support'],[],Pattern
Agave Tequilana Leaf Extract,Good,[],"['Plant Extracts', 'Antioxidant']","['Support', 'Actives']",[],Pattern
Poterium Officinale Root Extract,Good,[],"['Plant Extracts', 'Antioxidant']","['Support', 'Actives']",[],Pattern
Vitis Vinifera Seed Extract,Good,[],"['Plant Extracts', 'Antioxidant']","['Support', 'Actives']",[],Pattern
Taraktogenos Kurzii Seed Oil,Good,['Hydration'],"['Emollient', 'Plant Extracts']",['Support'],[],Pattern
Ci 45430,Average,[],['Coloring Agent/Pigment'],['Sensory'],[],Pattern
Chenopodium Quinoa Seed Extract 8.59%,Good,[],"['Plant Extracts', 'Antioxidant']","['Support', 'Actives']",[],Pattern
Helianthus Annuus Flower Extract,Good,[],"['Plant Extracts', 'Antioxidant']","['Support', 'Actives']",[],Pattern
Virola Surinamensis Seed Butter,Good,['Hydration'],['Emollient'],['Support'],[],Pattern
Centella Asiatica Extract 4%,Good,[],"['Plant Extracts', 'Antioxidant']","['Support', 'Actives']",[],Pattern
Euterpe Oleracea Fruit Extract 21%,Good,[],"['Plant Extracts', 'Antioxidant']","['Support', 'Actives']",[],Pattern
Helichrysum Stoechas Flower Extract,Good,[],"['Plant Extracts', 'Antioxidant']","['Support', 'Actives']",[],Pattern
Betula Alba Bud Extract,Good,[],"['Plant Extracts', 'Antioxidant']","['Support', 'Actives']",[],Pattern
Avena Sativa Leaf Extract,Good,[],"['Plant Extracts', 'Antioxidant']","['Support', 'Actives']",[],Pattern
Melissa Officinalis Flower/Leaf/Stem Extract,Good,[],"['Plant Extracts', 'Antioxidant']","['Support', 'Actives']",[],Pattern
Houttuynia Cordata Extract 5%,Good,[],"['Plant Extracts', 'Antioxidant']","['Support', 'Actives']",[],Pattern
Cannabis Sativa Callus Culture Lysate Extract,Good,[],"['Plant Extracts', 'Antioxidant']","['Support', 'Actives']",[],Pattern
Glycine Soja Germ Extract,Good,[],"['Plant Extracts', 'Antioxidant']","['Support', 'Actives']",[],Pattern
Luffa Cylindrica Seed Oil,Good,['Hydration'],"['Emollient', 'Plant Extracts']",['Support'],[],Pattern
Ganoderma Lucidum Extract,Good,[],"['Plant Extracts', 'Antioxidant']","['Support', 'Actives']",[],Pattern
Psoralea Corylifolia Seed Extract,Good,[],"['Plant Extracts', 'Antioxidant']","['Support', 'Actives']",[],Pattern
Dracocephalum Ruyschiana Callus Extract,Good,[],"['Plant Extracts', 'Antioxidant']","['Support', 'Actives']",[],Pattern
Mirabilis Jalapa Callus Extract,Good,[],"['Plant Extracts', 'Antioxidant']","['Support', 'Actives']",[],Pattern
Juglans Regia Seed Oil,Good,['Hydration'],"['Emollient', 'Plant Extracts']",['Support'],[],Pattern
Ci 77268:1,Average,[],['Coloring Agent/Pigment'],['Sensory'],[],Pattern
Narcissus Pseudo-Narcissus Flower Extract,Good,[],"['Plant Extracts', 'Antioxidant']","['Support', 'Actives']",[],Pattern
Arthrospira Platensis Extract,Good,[],"['Plant Extracts', 'Antioxidant']","['Support', 'Actives']",[],Pattern
Trichosanthes Kirilowii Root Extract,Good,[],"['Plant Extracts', 'Antioxidant']","['Support', 'Actives']",[],Pattern
Thuja Orientalis Leaf Extract,Good,[],"['Plant Extracts', 'Antioxidant']","['Support', 'Actives']",[],Pattern
Prunus Armeniaca Kernel Oil 0.5%,Good,['Hydration'],"['Emollient', 'Plant Extracts']",['Support'],[],Pattern
Chrysanthemum Boreale Flower Extract,Good,[],"['Plant Extracts', 'Antioxidant']","['Support', 'Actives']",[],Pattern
Papaver Rhoeas Flower Extract,Good,[],"['Plant Extracts', 'Antioxidant']","['Support', 'Actives']",[],Pattern
Pyrus Pyrifolia Fruit Extract 0.1%,Good,[],"['Plant Extracts', 'Antioxidant']","['Support', 'Actives']",[],Pattern
Vaccinium Corymbosum Seed Oil,Good,['Hydration'],"['Emollient', 'Plant Extracts']",['Support'],[],Pattern
Mesembryanthemum Crystallinum Extract,Good,[],"['Plant Extracts', 'Antioxidant']","['Support', 'Actives']",[],Pattern
Citrus Aurantium Amara Leaf/Twig Extract,Good,[],"['Plant Extracts', 'Antioxidant']","['Support', 'Actives']",[],Pattern
Calophyllum Inophyllum Seed Oil 5%,Good,['Hydration'],"['Emollient', 'Plant Extracts']",['Support'],[],Pattern
Morus Alba Bark Extract,Good,[],"['Plant Extracts', 'Antioxidant']","['Support', 'Actives']",[],Pattern
Camellia Sinensis Flower Extract,Good,[],"['Plant Extracts', 'Antioxidant']","['Support', 'Actives']",[],Pattern
Citrus Unshiu Extract,Good,[],"['Plant Extracts', 'Antioxidant']","['Support', 'Actives']",[],Pattern
Atractylodes Japonica Rhizome Extract,Good,[],"['Plant Extracts', 'Antioxidant']","['Support', 'Actives']",[],Pattern
Yucca Vera Leaf/Root Extract,Good,[],"['Plant Extracts', 'Antioxidant']","['Support', 'Actives']",[],Pattern
Cudrania Tricuspidata Bark Extract,Good,[],"['Plant Extracts', 'Antioxidant']","['Support', 'Actives']",[],Pattern
Lactobacillus/Evening Primrose Seed Ferment Extract Filtrate,Good,[],"['Plant Extracts', 'Antioxidant']","['Support', 'Actives']",[],Pattern
Evernia Prunastri Extract,Bad,[],"['Fragrance: Synthetic and Natural', 'Irritant']","['Sensory', 'Risks']",['EU list of 26 fragrance allergens requiring labeling'],EU 26
Tabebuia Impetiginosa Bark Extract,Good,[],"['Plant Extracts', 'Antioxidant']","['Support', 'Actives']",[],Pattern
Angelica Tenuissima Root Extract,Good,[],"['Plant Extracts', 'Antioxidant']","['Support', 'Actives']",[],Pattern
Camellia Oleifera Seed Extract,Good,[],"['Plant Extracts', 'Antioxidant']","['Support', 'Actives']",[],Pattern
Voandzeia Subterranea Seed Extract,Good,[],"['Plant Extracts', 'Antioxidant']","['Support', 'Actives']",[],Pattern
Oryza Sativa Extract 30%,Good,[],"['Plant Extracts', 'Antioxidant']","['Support', 'Actives']",[],Pattern
Machilus Thunbergii Bark Extract,Good,[],"['Plant Extracts', 'Antioxidant']","['Support', 'Actives']",[],Pattern
Yucca Glauca Root Extract,Good,[],"['Plant Extracts', 'Antioxidant']","['Support', 'Actives']",[],Pattern
Citrus Grandis Seed Oil Unsaponifiables,Good,['Hydration'],"['Emollient', 'Plant Extracts']",['Support'],[],Pattern
Thalassiosira Pseudonana Extract,Good,[],"['Plant Extracts', 'Antioxidant']","['Support', 'Actives']",[],Pattern
Tremella Fuciformis Extract 3.51%,Good,[],"['Plant Extracts', 'Antioxidant']","['Support', 'Actives']",[],Pattern
Sedum Sarmentosum Extract,Good,[],"['Plant Extracts', 'Antioxidant']","['Support', 'Actives']",[],Pattern
Prunus Mume Fruit Water,Good,"['Hydration', 'Soothing']","['Humectant', 'Plant Extracts', 'Antioxidant']","['Support', 'Actives']",[],Pattern
Chlorella Pyrenoidosa Extract,Good,[],"['Plant Extracts', 'Antioxidant']","['Support', 'Actives']",[],Pattern
Eisenia Arborea Extract,Good,[],"['Plant Extracts', 'Antioxidant']","['Support', 'Actives']",[],Pattern
Carthamus Tinctorius Seedcake Extract,Good,[],"['Plant Extracts', 'Antioxidant']","['Support', 'Actives']",[],Pattern
Olivine Extract,Good,[],"['Plant Extracts', 'Antioxidant']","['Support', 'Actives']",[],Pattern
Theobroma Cacao Extract,Good,[],"['Plant Extracts', 'Antioxidant']","['Support', 'Actives']",[],Pattern
Echinacea Angustifolia Root Cell Culture Extract,Good,[],"['Plant Extracts', 'Antioxidant']","['Support', 'Actives']",[],Pattern
Mangifera Indica Pulp Extract,Good,[],"['Plant Extracts', 'Antioxidant']","['Support', 'Actives']",[],Pattern
Chrysanthemum Indicum Extract,Good,[],"['Plant Extracts', 'Antioxidant']","['Support', 'Actives']",[],Pattern
Opuntia Ficus-Indica Flower Extract,Good,[],"['Plant Extracts', 'Antioxidant']","['Support', 'Actives']",[],Pattern
Mentha Viridis Leaf Oil,Bad,[],"['Fragrance: Synthetic and Natural', 'Irritant', 'Plant Extracts']","['Sensory', 'Risks', 'Support']",[],Pattern
Mangifera Indica Seed Oil,Good,['Hydration'],"['Emollient', 'Plant Extracts']",['Support'],[],Pattern
Inonotus Obliquus Extract 70%,Good,[],"['Plant Extracts', 'Antioxidant']","['Support', 'Actives']",[],Pattern
Chelidonium Majus Extract,Good,[],"['Plant Extracts', 'Antioxidant']","['Support', 'Actives']",[],Pattern
Citrus Japonica Fruit Extract,Good,[],"['Plant Extracts', 'Antioxidant']","['Support', 'Actives']",[],Pattern
Coriandrum Sativum Seed Oil,Good,['Hydration'],"['Emollient', 'Plant Extracts']",['Support'],[],Pattern
Brassica Oleracea Italica Extract 75%,Good,[],"['Plant Extracts', 'Antioxidant']","['Support', 'Actives']",[],Pattern
Mallotus Japonicus Bark Extract,Good,[],"['Plant Extracts', 'Antioxidant']","['Support', 'Actives']",[],Pattern
Morinda Citrifolia Extract,Good,[],"['Plant Extracts', 'Antioxidant']","['Support', 'Actives']",[],Pattern
Oryza Sativa Germ Extract,Good,[],"['Plant Extracts', 'Antioxidant']","['Support', 'Actives']",[],Pattern
Chondrus Crispus Extract,Good,[],"['Plant Extracts', 'Antioxidant']","['Support', 'Actives']",[],Pattern
Iodized Garlic Extract,Good,[],"['Plant Extracts', 'Antioxidant']","['Support', 'Actives']",[],Pattern
Rhaponticum Carthamoides Root Extract,Good,[],"['Plant Extracts', 'Antioxidant']","['Support', 'Actives']",[],Pattern
Lavandula Hybrida Flower Water,Good,"['Hydration', 'Soothing']","['Humectant', 'Plant Extracts', 'Antioxidant']","['Support', 'Actives']",[],Pattern
Lavandula Hybrida Grosso Herb Oil,Bad,[],"['Fragrance: Synthetic and Natural', 'Irritant', 'Plant Extracts']","['Sensory', 'Risks', 'Support']",[],Pattern
Diospyros Kaki Leaf Extract 38.05%,Good,[],"['Plant Extracts', 'Antioxidant']","['Support', 'Actives']",[],Pattern
Cymbopogon Schoenanthus Leaf Extract,Good,[],"['Plant Extracts', 'Antioxidant']","['Support', 'Actives']",[],Pattern
Rosa Rugosa Flower Extract,Good,[],"['Plant Extracts', 'Antioxidant']","['Support', 'Actives']",[],Pattern
Scenedesmus Rubescens Extract,Good,[],"['Plant Extracts', 'Antioxidant']","['Support', 'Actives']",[],Pattern
Triticum Aestivum Seed Extract,Good,[],"['Plant Extracts', 'Antioxidant']","['Support', 'Actives']",[],Pattern
Eriodictyon Crassifolium Leaf Extract,Good,[],"['Plant Extracts', 'Antioxidant']","['Support', 'Actives']",[],Pattern
Simmondsia Chinensis Seed Oil 0.1%,Good,['Hydration'],"['Emollient', 'Plant Extracts']",['Support'],[],Pattern
Elettaria Cardamomum Seed Extract,Good,[],"['Plant Extracts', 'Antioxidant']","['Support', 'Actives']",[],Pattern
Morus Nigra Fruit Extract,Good,[],"['Plant Extracts', 'Antioxidant']","['Support', 'Actives']",[],Pattern
Ci 42090,Average,[],['Coloring Agent/Pigment'],['Sensory'],[],Pattern
Copernicia Cerifera Wax Extract,Good,[],"['Plant Extracts', 'Antioxidant']","['Support', 'Actives']",[],Pattern
Vanilla Planifolia Fruit Water,Good,"['Hydration', 'Soothing']","['Humectant', 'Plant Extracts', 'Antioxidant']","['Support', 'Actives']",[],Pattern
Soleirolia Soleirolii Extract,Good,[],"['Plant Extracts', 'Antioxidant']","['Support', 'Actives']",[],Pattern
Tulipa Gesneriana Flower Water,Good,"['Hydration', 'Soothing']","['Humectant', 'Plant Extracts', 'Antioxidant']","['Support', 'Actives']",[],Pattern
Arnica Montana Flower Extract,Good,[],"['Plant Extracts', 'Antioxidant']","['Support', 'Actives']",[],Pattern
Lactobacillus/Clover Flower Ferment Extract,Good,[],"['Plant Extracts', 'Antioxidant']","['Support', 'Actives']",[],Pattern
Astrocaryum Vulgare Kernel Oil,Good,['Hydration'],"['Emollient', 'Plant Extracts']",['Support'],[],Pattern
Zantedeschia Aethiopica Flower/Stem Extract,Good,[],"['Plant Extracts', 'Antioxidant']","['Support', 'Actives']",[],Pattern
Citrus Jabara Peel Ferment Extract,Good,[],"['Plant Extracts', 'Antioxidant']","['Support', 'Actives']",[],Pattern
Tussilago Farfara Leaf Extract,Good,[],"['Plant Extracts', 'Antioxidant']","['Support', 'Actives']",[],Pattern
Melia Azadirachta Bark Extract,Good,[],"['Plant Extracts', 'Antioxidant']","['Support', 'Actives']",[],Pattern
Physalis Peruviana Extract,Good,[],"['Plant Extracts', 'Antioxidant']","['Support', 'Actives']",[],Pattern
Hydrolyzed Rhodophyceae Extract,Good,[],"['Plant Extracts', 'Antioxidant']","['Support', 'Actives']",[],Pattern
Paeonia Lactiflora Root Extract,Good,[],"['Plant Extracts', 'Antioxidant']","['Support', 'Actives']",[],Pattern
Artemisia Vulgaris Extract,Good,[],"['Plant Extracts', 'Antioxidant']","['Support', 'Actives']",[],Pattern
Ci 77220,Average,[],['Coloring Agent/Pigment'],['Sensory'],[],Pattern
Schizosaccharomyces Pombe Extract,Good,[],"['Plant Extracts', 'Antioxidant']","['Support', 'Actives']",[],Pattern
Zea Mays Kernel Extract,Good,[],"['Plant Extracts', 'Antioxidant']","['Support', 'Actives']",[],Pattern
Sodium Shea Butterate,Good,['Hydration'],['Emollient'],['Support'],[],Pattern
Thujopsis Dolabrata Branch Extract,Good,[],"['Plant Extracts', 'Antioxidant']","['Support', 'Actives']",[],Pattern
Lycium Barbarum Callus Culture Extract,Good,[],"['Plant Extracts', 'Antioxidant']","['Support', 'Actives']",[],Pattern
Polygonum Cuspidatum Extract,Good,[],"['Plant Extracts', 'Antioxidant']","['Support', 'Actives']",[],Pattern
Cirsium Flower/Leaf/Stem Extract,Good,[],"['Plant Extracts', 'Antioxidant']","['Support', 'Actives']",[],Pattern
Citrus Grandis Fruit Water,Good,"['Hydration', 'Soothing']","['Humectant', 'Plant Extracts', 'Antioxidant']","['Support', 'Actives']",[],Pattern
Hydrastis Canadensis Root Extract,Good,[],"['Plant Extracts', 'Antioxidant']","['Support', 'Actives']",[],Pattern
Aloe Barbadensis Leaf Extract 74.44%,Good,[],"['Plant Extracts', 'Antioxidant']","['Support', 'Actives']",[],Pattern
Camellia Sinensis Leaf Water 50%,Good,"['Hydration', 'Soothing']","['Humectant', 'Plant Extracts', 'Antioxidant']","['Support', 'Actives']",[],Pattern
Lactobacillus/Soybean Extract Ferment Filtrate,Good,[],"['Plant Extracts', 'Antioxidant']","['Support', 'Actives']",[],Pattern
Rhizophora Mangle Extract 1%,Good,[],"['Plant Extracts', 'Antioxidant']","['Support', 'Actives']",[],Pattern
Opuntia Coccinellifera Fruit Extract,Good,[],"['Plant Extracts', 'Antioxidant']","['Support', 'Actives']",[],Pattern
Castanea Crenata Shell Extract 37.18%,Good,[],"['Plant Extracts', 'Antioxidant']","['Support', 'Actives']",[],Pattern
Lactobacillus/Pumpkin Ferment Extract,Good,[],"['Plant Extracts', 'Antioxidant']","['Support', 'Actives']",[],Pattern
Calendula Officinalis Seed Oil,Good,['Hydration'],"['Emollient', 'Plant Extracts']",['Support'],[],Pattern
Raphanus Sativus Seed Extract,Good,[],"['Plant Extracts', 'Antioxidant']","['Support', 'Actives']",[],Pattern
Citrus Aurantium Amara Peel Extract,Good,[],"['Plant Extracts', 'Antioxidant']","['Support', 'Actives']",[],Pattern
Ci 42053,Average,[],['Coloring Agent/Pigment'],['Sensory'],[],Pattern
Citrus Latifolia Peel Oil,Bad,[],"['Fragrance: Synthetic and Natural', 'Irritant', 'Plant Extracts']","['Sensory', 'Risks', 'Support']",[],Pattern
Brassica Oleracea Italica Leaf/Root Extract,Good,[],"['Plant Extracts', 'Antioxidant']","['Support', 'Actives']",[],Pattern
Citrus Junos Fruit Extract 82.37%,Good,[],"['Plant Extracts', 'Antioxidant']","['Support', 'Actives']",[],Pattern
Opuntia Tuna Leaf Extract,Good,[],"['Plant Extracts', 'Antioxidant']","['Support', 'Actives']",[],Pattern
Palmitoyl Camellia Sinensis Extract,Good,[],"['Plant Extracts', 'Antioxidant']","['Support', 'Actives']",[],Pattern
Pyrus Communis Seed Extract,Good,[],"['Plant Extracts', 'Antioxidant']","['Support', 'Actives']",[],Pattern
Isochrysis Galbana Extract,Good,[],"['Plant Extracts', 'Antioxidant']","['Support', 'Actives']",[],Pattern
Hydrangea Paniculata Flower/Fruit Extract,Good,[],"['Plant Extracts', 'Antioxidant']","['Support', 'Actives']",[],Pattern
Achillea Asiatica Flower/Leaf/Stem Extract,Good,[],"['Plant Extracts', 'Antioxidant']","['Support', 'Actives']",[],Pattern
Daucus Carota Sativa Seed Extract,Good,[],"['Plant Extracts', 'Antioxidant']","['Support', 'Actives']",[],Pattern
Chrysanthemum Morifolium Flower Extract,Good,[],"['Plant Extracts', 'Antioxidant']","['Support', 'Actives']",[],Pattern
Sodium Silicate Extract,Good,[],"['Plant Extracts', 'Antioxidant']","['Support', 'Actives']",[],Pattern
Myrothamnus Flabellifolia Leaf/Stem Extract,Good,[],"['Plant Extracts', 'Antioxidant']","['Support', 'Actives']",[],Pattern
Amorphophallus Konjac Root Extract,Good,[],"['Plant Extracts', 'Antioxidant']","['Support', 'Actives']",[],Pattern
Prunus Cerasus Fruit Extract,Good,[],"['Plant Extracts', 'Antioxidant']","['Support', 'Actives']",[],Pattern
Bambusa Textilis Stem Extract,Good,[],"['Plant Extracts', 'Antioxidant']","['Support', 'Actives']",[],Pattern
Citrus Grandis Extract,Good,[],"['Plant Extracts', 'Antioxidant']","['Support', 'Actives']",[],Pattern
Pancratium Maritimum Extract,Good,[],"['Plant Extracts', 'Antioxidant']","['Support', 'Actives']",[],Pattern
Avena Sativa Kernel Extract 1%,Good,[],"['Plant Extracts', 'Antioxidant']","['Support', 'Actives']",[],Pattern
Vitis Vinifera Seed Oil,Good,['Hydration'],"['Emollient', 'Plant Extracts']",['Support'],[],Pattern
Phoenix Dactylifera Seed Extract,Good,[],"['Plant Extracts', 'Antioxidant']","['Support', 'Actives']",[],Pattern
Codium Fragile Extract,Good,[],"['Plant Extracts', 'Antioxidant']","['Support', 'Actives']",[],Pattern
Prunus Mume Fruit Water 66.8%,Good,"['Hydration', 'Soothing']","['Humectant', 'Plant Extracts', 'Antioxidant']","['Support', 'Actives']",[],Pattern
Hydrogenated Argania Spinosa Kernel Oil,Good,['Hydration'],"['Emollient', 'Plant Extracts']",['Support'],[],Pattern
Humulus Lupulus Extract,Good,[],"['Plant Extracts', 'Antioxidant']","['Support', 'Actives']",[],Pattern
Helianthus Annuus Extract,Good,[],"['Plant Extracts', 'Antioxidant']","['Support', 'Actives']",[],Pattern
Cassia Alata Leaf Extract,Good,[],"['Plant Extracts', 'Antioxidant']","['Support', 'Actives']",[],Pattern
Sanguisorba Officinalis Root Extract,Good,[],"['Plant Extracts', 'Antioxidant']","['Support', 'Actives']",[],Pattern
Vaccinium Myrtillus Fruit Extract 100%,Good,[],"['Plant Extracts', 'Antioxidant']","['Support', 'Actives']",[],Pattern
Arisaema Amurense Extract,Good,[],"['Plant Extracts', 'Antioxidant']","['Support', 'Actives']",[],Pattern
Lactobacillus/Soybean Ferment Extract,Good,[],"['Plant Extracts', 'Antioxidant']","['Support', 'Actives']",[],Pattern
Pyrus Malus Flower Water,Good,"['Hydration', 'Soothing']","['Humectant', 'Plant Extracts', 'Antioxidant']","['Support', 'Actives']",[],Pattern
Cornus Mas Extract,Good,[],"['Plant Extracts', 'Antioxidant']","['Support', 'Actives']",[],Pattern
Cuscuta Japonica Seed Extract,Good,[],"['Plant Extracts', 'Antioxidant']","['Support', 'Actives']",[],Pattern
Agrimonia Pilosa Extract,Good,[],"['Plant Extracts', 'Antioxidant']","['Support', 'Actives']",[],Pattern
Oryza Sativa Extract 5%,Good,[],"['Plant Extracts', 'Antioxidant']","['Support', 'Actives']",[],Pattern
Myrothamnus Flabellifolia Leaf Extract,Good,[],"['Plant Extracts', 'Antioxidant']","['Support', 'Actives']",[],Pattern
Aesculus Hippocastanum Leaf Extract,Good,[],"['Plant Extracts', 'Antioxidant']","['Support', 'Actives']",[],Pattern
Rosa Damascena Flower Water 77%,Good,"['Hydration', 'Soothing']","['Humectant', 'Plant Extracts', 'Antioxidant']","['Support', 'Actives']",[],Pattern
Hydrolyzed Corallina Officinalis Extract,Good,[],"['Plant Extracts', 'Antioxidant']","['Support', 'Actives']",[],Pattern
Sphagnum Magellanicum Extract,Good,[],"['Plant Extracts', 'Antioxidant']","['Support', 'Actives']",[],Pattern
Rosmarinus Officinalis Leaf Extract,Good,[],"['Plant Extracts', 'Antioxidant']","['Support', 'Actives']",[],Pattern
Paeonia Lactiflora Bark/Sap Extract,Good,[],"['Plant Extracts', 'Antioxidant']","['Support', 'Actives']",[],Pattern
Lavandula Spica Flower/Leaf/Stem Extract,Good,[],"['Plant Extracts', 'Antioxidant']","['Support', 'Actives']",[],Pattern
Morus Bombycis Extract,Good,[],"['Plant Extracts', 'Antioxidant']","['Support', 'Actives']",[],Pattern
Aspalathus Linearis Leaf Extract,Good,[],"['Plant Extracts', 'Antioxidant']","['Support', 'Actives']",[],Pattern
Viola Mandshurica Flower Extract,Good,[],"['Plant Extracts', 'Antioxidant']","['Support', 'Actives']",[],Pattern
Andrographis Paniculata Leaf Extract,Good,[],"['Plant Extracts', 'Antioxidant']","['Support', 'Actives']",[],Pattern
Pyrus Malus Fruit Extract,Good,[],"['Plant Extracts', 'Antioxidant']","['Support', 'Actives']",[],Pattern
Butter Glycerides,Good,['Hydration'],['Emollient'],['Support'],[],Pattern
Hibiscus Sabdariffa Flower Extract,Good,[],"['Plant Extracts', 'Antioxidant']","['Support', 'Actives']",[],Pattern
Centella Asiatica Extract 20.97%,Good,[],"['Plant Extracts', 'Antioxidant']","['Support', 'Actives']",[],Pattern
Oryza Sativa Lees Extract,Good,[],"['Plant Extracts', 'Antioxidant']","['Support', 'Actives']",[],Pattern
Draba Nemorosa Extract,Good,[],"['Plant Extracts', 'Antioxidant']","['Support', 'Actives']",[],Pattern
Bambusa Vulgaris Extract 86%,Good,[],"['Plant Extracts', 'Antioxidant']","['Support', 'Actives']",[],Pattern
Apium Graveolens Seed Extract,Good,[],"['Plant Extracts', 'Antioxidant']","['Support', 'Actives']",[],Pattern
Passiflora Edulis Fruit Extract,Good,[],"['Plant Extracts', 'Antioxidant']","['Support', 'Actives']",[],Pattern
Houttuynia Cordata Extract 77%,Good,[],"['Plant Extracts', 'Antioxidant']","['Support', 'Actives']",[],Pattern
Actinidia Deliciosa Fruit Extract,Good,[],"['Plant Extracts', 'Antioxidant']","['Support', 'Actives']",[],Pattern
Salvia Officinalis Leaf Water,Good,"['Hydration', 'Soothing']","['Humectant', 'Plant Extracts', 'Antioxidant']","['Support', 'Actives']",[],Pattern
Cimicifuga Dahurica Root Extract,Good,[],"['Plant Extracts', 'Antioxidant']","['Support', 'Actives']",[],Pattern
Polygonum Fagopyrum Leaf Extract,Good,[],"['Plant Extracts', 'Antioxidant']","['Support', 'Actives']",[],Pattern
Saccharomyces/Nelumbo Nucifera Ferment Extract Filtrate,Good,[],"['Plant Extracts', 'Antioxidant']","['Support', 'Actives']",[],Pattern
Sarothamnus Scoparius Extract,Good,[],"['Plant Extracts', 'Antioxidant']","['Support', 'Actives']",[],Pattern
Mentha Arvensis Herb Oil,Bad,[],"['Fragrance: Synthetic and Natural', 'Irritant', 'Plant Extracts']","['Sensory', 'Risks', 'Support']",[],Pattern
Pterocarpus Soyauxii Wood Extract,Good,[],"['Plant Extracts', 'Antioxidant']","['Support', 'Actives']",[],Pattern
Lycium Chinense Stem Extract,Good,[],"['Plant Extracts', 'Antioxidant']","['Support', 'Actives']",[],Pattern
Prunus Avium Flower Extract,Good,[],"['Plant Extracts', 'Antioxidant']","['Support', 'Actives']",[],Pattern
Prunus Persica Fruit Water,Good,"['Hydration', 'Soothing']","['Humectant', 'Plant Extracts', 'Antioxidant']","['Support', 'Actives']",[],Pattern
Solanum Lycopersicum Fruit/Leaf/Stem Extract,Good,[],"['Plant Extracts', 'Antioxidant']","['Support', 'Actives']",[],Pattern
Corylus Avellana Seed Oil,Good,['Hydration'],"['Emollient', 'Plant Extracts']",['Support'],[],Pattern
Hydrolyzed Lupine Seed Extract,Good,[],"['Plant Extracts', 'Antioxidant']","['Support', 'Actives']",[],Pattern
Sophora Japonica Bud Extract,Good,[],"['Plant Extracts', 'Antioxidant']","['Support', 'Actives']",[],Pattern
Pyrus Communis Flower Water 0.15%,Good,"['Hydration', 'Soothing']","['Humectant', 'Plant Extracts', 'Antioxidant']","['Support', 'Actives']",[],Pattern
Elettaria Cardamomum Fruit Extract,Good,[],"['Plant Extracts', 'Antioxidant']","['Support', 'Actives']",[],Pattern
Aorta Extract,Good,[],"['Plant Extracts', 'Antioxidant']","['Support', 'Actives']",[],Pattern
Citrus Junos Seed Oil,Good,['Hydration'],"['Emollient', 'Plant Extracts']",['Support'],[],Pattern
Tilia Cordata Leaf Extract,Good,[],"['Plant Extracts', 'Antioxidant']","['Support', 'Actives']",[],Pattern
Hemerocallis Fulva Flower Extract,Good,[],"['Plant Extracts', 'Antioxidant']","['Support', 'Actives']",[],Pattern
Sprout Extract,Good,[],"['Plant Extracts', 'Antioxidant']","['Support', 'Actives']",[],Pattern
Foeniculum Vulgare Fruit Extract,Good,[],"['Plant Extracts', 'Antioxidant']","['Support', 'Actives']",[],Pattern
Solanum Lycopersicum Callus Culture Extract,Good,[],"['Plant Extracts', 'Antioxidant']","['Support', 'Actives']",[],Pattern
Mentha Piperita Stem Extract,Good,[],"['Plant Extracts', 'Antioxidant']","['Support', 'Actives']",[],Pattern
Rosmarinus Officinalis Extract,Good,[],"['Plant Extracts', 'Antioxidant']","['Support', 'Actives']",[],Pattern
Cochlearia Armoracia Root Extract,Good,[],"['Plant Extracts', 'Antioxidant']","['Support', 'Actives']",[],Pattern
Ci 61565,Average,[],['Coloring Agent/Pigment'],['Sensory'],[],Pattern
Saccharum Officinarum Juice Extract,Good,[],"['Plant Extracts', 'Antioxidant']","['Support', 'Actives']",[],Pattern
Acer Palmatum Leaf Extract,Good,[],"['Plant Extracts', 'Antioxidant']","['Support', 'Actives']",[],Pattern
Euglena Gracilis Extract,Good,[],"['Plant Extracts', 'Antioxidant']","['Support', 'Actives']",[],Pattern
Lactobacillus/Centella Asiatica Extract Ferment Filtrate,Good,[],"['Plant Extracts', 'Antioxidant']","['Support', 'Actives']",[],Pattern
Phyllostachys Nigra Leaf Extract,Good,[],"['Plant Extracts', 'Antioxidant']","['Support', 'Actives']",[],Pattern
Centaurea Cyanus Flower Water,Good,"['Hydration', 'Soothing']","['Humectant', 'Plant Extracts', 'Antioxidant']","['Support', 'Actives']",[],Pattern
Citrus Aurantium Dulcis Seed Extract,Good,[],"['Plant Extracts', 'Antioxidant']","['Support', 'Actives']",[],Pattern
Rosa Damascena Flower Water 48%,Good,"['Hydration', 'Soothing']","['Humectant', 'Plant Extracts', 'Antioxidant']","['Support', 'Actives']",[],Pattern
Nelumbo Nucifera Extract,Good,[],"['Plant Extracts', 'Antioxidant']","['Support', 'Actives']",[],Pattern
Prunus Avium Fruit Extract,Good,[],"['Plant Extracts', 'Antioxidant']","['Support', 'Actives']",[],Pattern
Myristica Fragrans Extract,Good,[],"['Plant Extracts', 'Antioxidant']","['Support', 'Actives']",[],Pattern
Pearl Extract,Good,[],"['Plant Extracts', 'Antioxidant']","['Support', 'Actives']",[],Pattern
Taiwanofungus Camphoratus Extract,Good,[],"['Plant Extracts', 'Antioxidant']","['Support', 'Actives']",[],Pattern
Angelica Archangelica Callus Extract,Good,[],"['Plant Extracts', 'Antioxidant']","['Support', 'Actives']",[],Pattern
Perilla Ocymoides Leaf Extract,Good,[],"['Plant Extracts', 'Antioxidant']","['Support', 'Actives']",[],Pattern
Sargassum Muticum Extract,Good,[],"['Plant Extracts', 'Antioxidant']","['Support', 'Actives']",[],Pattern
Citrus Limon Peel Oil,Bad,[],"['Fragrance: Synthetic and Natural', 'Irritant', 'Plant Extracts']","['Sensory', 'Risks', 'Support']",[],Pattern
Gelidium Cartilagineum Extract,Good,[],"['Plant Extracts', 'Antioxidant']","['Support', 'Actives']",[],Pattern
Carica Papaya Fruit Extract,Good,[],"['Plant Extracts', 'Antioxidant']","['Support', 'Actives']",[],Pattern
Artemisia Capillaris Flower Extract,Good,[],"['Plant Extracts', 'Antioxidant']","['Support', 'Actives']",[],Pattern
Leather Coral Extract,Good,[],"['Plant Extracts', 'Antioxidant']","['Support', 'Actives']",[],Pattern
Gynostemma Pentaphyllum Extract,Good,[],"['Plant Extracts', 'Antioxidant']","['Support', 'Actives']",[],Pattern
Morus Alba Root Extract,Good,[],"['Plant Extracts', 'Antioxidant']","['Support', 'Actives']",[],Pattern
Oryza Sativa Callus Culture Extract,Good,[],"['Plant Extracts', 'Antioxidant']","['Support', 'Actives']",[],Pattern
Gloiopeltis Furcata Extract,Good,[],"['Plant Extracts', 'Antioxidant']","['Support', 'Actives']",[],Pattern
Asteriscus Graveolens Flower/Fruit/Leaf/Stem Extract,Good,[],"['Plant Extracts', 'Antioxidant']","['Support', 'Actives']",[],Pattern
Chamomilla Vulgaris Extract,Good,[],"['Plant Extracts', 'Antioxidant']","['Support', 'Actives']",[],Pattern
Aloe Barbadensis Leaf Water,Good,"['Hydration', 'Soothing']","['Humectant', 'Plant Extracts', 'Antioxidant']","['Support', 'Actives']",[],Pattern
Ci 77492,Average,[],['Coloring Agent/Pigment'],['Sensory'],[],Pattern
Alpinia Zerumbet Seed Extract,Good,[],"['Plant Extracts', 'Antioxidant']","['Support', 'Actives']",[],Pattern
Scrophularia Buergeriana Extract,Good,[],"['Plant Extracts', 'Antioxidant']","['Support', 'Actives']",[],Pattern
Ceratonia Siliqua Fruit Extract,Good,[],"['Plant Extracts', 'Antioxidant']","['Support', 'Actives']",[],Pattern
Rubus Chamaemorus Seed Extract,Good,[],"['Plant Extracts', 'Antioxidant']","['Support', 'Actives']",[],Pattern
Centella Asiatica Extract 50%,Good,[],"['Plant Extracts', 'Antioxidant']","['Support', 'Actives']",[],Pattern
Magnolia Kobus Flower Extract,Good,[],"['Plant Extracts', 'Antioxidant']","['Support', 'Actives']",[],Pattern
Shea Butter Glycereth-8 Esters,Good,['Hydration'],['Emollient'],['Support'],[],Pattern
Polygala Tenuifolia Root Extract,Good,[],"['Plant Extracts', 'Antioxidant']","['Support', 'Actives']",[],Pattern
Lilium Tigrinum Root Extract,Good,[],"['Plant Extracts', 'Antioxidant']","['Support', 'Actives']",[],Pattern
Dipteryx Odorata Seed Oil,Good,['Hydration'],"['Emollient', 'Plant Extracts']",['Support'],[],Pattern
Hydrangea Macrophylla Leaf Extract,Good,[],"['Plant Extracts', 'Antioxidant']","['Support', 'Actives']",[],Pattern
Centella Asiatica Leaf Water,Good,"['Hydration', 'Soothing']","['Humectant', 'Plant Extracts', 'Antioxidant']","['Support', 'Actives']",[],Pattern
Apium Graveolens Stem Extract,Good,[],"['Plant Extracts', 'Antioxidant']","['Support', 'Actives']",[],Pattern
Echinacea Purpurea Leaf/Stem/Meristem Cell Culture Extract,Good,[],"['Plant Extracts', 'Antioxidant']","['Support', 'Actives']",[],Pattern
Myrtus Communis Leaf Extract,Good,[],"['Plant Extracts', 'Antioxidant']","['Support', 'Actives']",[],Pattern
Bambusa Vulgaris Stem Extract,Good,[],"['Plant Extracts', 'Antioxidant']","['Support', 'Actives']",[],Pattern
Polyporus Umbellatus Extract,Good,[],"['Plant Extracts', 'Antioxidant']","['Support', 'Actives']",[],Pattern
Chamomilla Recutita Flower Extract 0.1%,Good,[],"['Plant Extracts', 'Antioxidant']","['Support', 'Actives']",[],Pattern
Viscum Album Fruit Extract,Good,[],"['Plant Extracts', 'Antioxidant']","['Support', 'Actives']",[],Pattern
Salvia Hispanica Seed Extract 8.59%,Good,[],"['Plant Extracts', 'Antioxidant']","['Support', 'Actives']",[],Pattern
Ribes Nigrum Seed Extract,Good,[],"['Plant Extracts', 'Antioxidant']","['Support', 'Actives']",[],Pattern
Bergamot/Grapefruit/Orange/Tangerine Fruit Ferment Extract,Good,[],"['Plant Extracts', 'Antioxidant']","['Support', 'Actives']",[],Pattern
Prunus Cerasus Fruit Water,Good,"['Hydration', 'Soothing']","['Humectant', 'Plant Extracts', 'Antioxidant']","['Support', 'Actives']",[],Pattern
Adenium Obesum Leaf Extract,Good,[],"['Plant Extracts', 'Antioxidant']","['Support', 'Actives']",[],Pattern
Saururus Chinensis Leaf/Root Extract 0.1%,Good,[],"['Plant Extracts', 'Antioxidant']","['Support', 'Actives']",[],Pattern
Ribes Nigrum Leaf Extract,Good,[],"['Plant Extracts', 'Antioxidant']","['Support', 'Actives']",[],Pattern
Hericium Erinaceum Extract 76.53%,Good,[],"['Plant Extracts', 'Antioxidant']","['Support', 'Actives']",[],Pattern
Camellia Sinensis Extract,Good,[],"['Plant Extracts', 'Antioxidant']","['Support', 'Actives']",[],Pattern
Parietaria Officinalis Extract,Good,[],"['Plant Extracts', 'Antioxidant']","['Support', 'Actives']",[],Pattern
Limonia Acidissima Extract,Good,[],"['Plant Extracts', 'Antioxidant']","['Support', 'Actives']",[],Pattern
Odontioda Lavender Lace Flower Extract,Good,[],"['Plant Extracts', 'Antioxidant']","['Support', 'Actives']",[],Pattern
Thymus Quinquecostatus Extract,Good,[],"['Plant Extracts', 'Antioxidant']","['Support', 'Actives']",[],Pattern
Centella Asiatica Extract 100%,Good,[],"['Plant Extracts', 'Antioxidant']","['Support', 'Actives']",[],Pattern
Bacillus/Folic Acid/Soybean Ferment Extract,Good,[],"['Plant Extracts', 'Antioxidant']","['Support', 'Actives']",[],Pattern
Cereus Grandiflorus Extract,Good,[],"['Plant Extracts', 'Antioxidant']","['Support', 'Actives']",[],Pattern
Rubus Coreanus Fruit Extract,Good,[],"['Plant Extracts', 'Antioxidant']","['Support', 'Actives']",[],Pattern
Salvia Hispanica Herb Extract,Good,[],"['Plant Extracts', 'Antioxidant']","['Support', 'Actives']",[],Pattern
Sea Water Extract,Good,[],"['Plant Extracts', 'Antioxidant']","['Support', 'Actives']",[],Pattern
Centella Asiatica Extract 49%,Good,[],"['Plant Extracts', 'Antioxidant']","['Support', 'Actives']",[],Pattern
Lavandula Hybrida Flower Extract,Good,[],"['Plant Extracts', 'Antioxidant']","['Support', 'Actives']",[],Pattern
Citrus Grandis Peel Extract,Good,[],"['Plant Extracts', 'Antioxidant']","['Support', 'Actives']",[],Pattern
Panax Ginseng Leaf/Stem Extract,Good,[],"['Plant Extracts', 'Antioxidant']","['Support', 'Actives']",[],Pattern
Epilobium Fleischeri Flower/Leaf/Stem Extract,Good,[],"['Plant Extracts', 'Antioxidant']","['Support', 'Actives']",[],Pattern
Furcellaria Lumbricalis Extract,Good,[],"['Plant Extracts', 'Antioxidant']","['Support', 'Actives']",[],Pattern
Malus Domestica Fruit Extract,Good,[],"['Plant Extracts', 'Antioxidant']","['Support', 'Actives']",[],Pattern
Cyperus Esculentus Tuber Extract,Good,[],"['Plant Extracts', 'Antioxidant']","['Support', 'Actives']",[],Pattern
Daucus Carota Sativa Seed Oil 1%,Good,['Hydration'],"['Emollient', 'Plant Extracts']",['Support'],[],Pattern
Melaleuca Alternifolia Leaf Extract,Good,[],"['Plant Extracts', 'Antioxidant']","['Support', 'Actives']",[],Pattern
Pinus Pinaster Bark/Bud Extract,Good,[],"['Plant Extracts', 'Antioxidant']","['Support', 'Actives']",[],Pattern
Magnolia Biondii Flower Extract,Good,[],"['Plant Extracts', 'Antioxidant']","['Support', 'Actives']",[],Pattern
Allium Sativum Stem Extract,Good,[],"['Plant Extracts', 'Antioxidant']","['Support', 'Actives']",[],Pattern
Anogeissus Leiocarpa Bark Extract,Good,[],"['Plant Extracts', 'Antioxidant']","['Support', 'Actives']",[],Pattern
Hydrolyzed Grape Fruit Extract,Good,[],"['Plant Extracts', 'Antioxidant']","['Support', 'Actives']",[],Pattern
Quercus Suber Bark Extract,Good,[],"['Plant Extracts', 'Antioxidant']","['Support', 'Actives']",[],Pattern
Acorus Gramineus Root/Stem Extract,Good,[],"['Plant Extracts', 'Antioxidant']","['Support', 'Actives']",[],Pattern
Eucommia Ulmoides Extract,Good,[],"['Plant Extracts', 'Antioxidant']","['Support', 'Actives']",[],Pattern
Eruca Sativa Leaf Extract,Good,[],"['Plant Extracts', 'Antioxidant']","['Support', 'Actives']",[],Pattern
Tilia Mandshurica Leaf Extract,Good,[],"['Plant Extracts', 'Antioxidant']","['Support', 'Actives']",[],Pattern
Ozonized Sesame Seed Oil,Good,['Hydration'],"['Emollient', 'Plant Extracts']",['Support'],[],Pattern
Crambe Abyssinica Seed Oil Phytosterol Esters,Good,['Hydration'],"['Emollient', 'Plant Extracts']",['Support'],[],Pattern
Pyrus Malus Fruit Extract 1%,Good,[],"['Plant Extracts', 'Antioxidant']","['Support', 'Actives']",[],Pattern
Barm Extract,Good,[],"['Plant Extracts', 'Antioxidant']","['Support', 'Actives']",[],Pattern
Akebia Quinata Stem Extract,Good,[],"['Plant Extracts', 'Antioxidant']","['Support', 'Actives']",[],Pattern
Cardiospermum Halicacabum Flower/Leaf/Vine Extract,Good,[],"['Plant Extracts', 'Antioxidant']","['Support', 'Actives']",[],Pattern
Magnolia Grandiflora Bark Extract,Good,[],"['Plant Extracts', 'Antioxidant']","['Support', 'Actives']",[],Pattern
Brown Hydra Extract,Good,[],"['Plant Extracts', 'Antioxidant']","['Support', 'Actives']",[],Pattern
Rosa Canina Flower Extract,Good,[],"['Plant Extracts', 'Antioxidant']","['Support', 'Actives']",[],Pattern
Carica Papaya Fruit Water,Good,"['Hydration', 'Soothing']","['Humectant', 'Plant Extracts', 'Antioxidant']","['Support', 'Actives']",[],Pattern
Vitis Vinifera Fruit Extract 81%,Good,[],"['Plant Extracts', 'Antioxidant']","['Support', 'Actives']",[],Pattern
Viola Odorata Flower Extract,Good,[],"['Plant Extracts', 'Antioxidant']","['Support', 'Actives']",[],Pattern
Garcinia Mangostana Fruit Extract,Good,[],"['Plant Extracts', 'Antioxidant']","['Support', 'Actives']",[],Pattern
Brassica Napus Extract,Good,[],"['Plant Extracts', 'Antioxidant']","['Support', 'Actives']",[],Pattern
Melia Azadirachta Seed Extract,Good,[],"['Plant Extracts', 'Antioxidant']","['Support', 'Actives']",[],Pattern
Arabidopsis Thaliana Extract,Good,[],"['Plant Extracts', 'Antioxidant']","['Support', 'Actives']",[],Pattern
Ribes Nigrum Fruit Extract,Good,[],"['Plant Extracts', 'Antioxidant']","['Support', 'Actives']",[],Pattern
Hydrolyzed Candida Saitoana Extract,Good,[],"['Plant Extracts', 'Antioxidant']","['Support', 'Actives']",[],Pattern
Pueraria Thunbergiana Root Extract,Good,[],"['Plant Extracts', 'Antioxidant']","['Support', 'Actives']",[],Pattern
Viscum Album Extract,Good,[],"['Plant Extracts', 'Antioxidant']","['Support', 'Actives']",[],Pattern
Rhododendron Chrysanthum Leaf Extract,Good,[],"['Plant Extracts', 'Antioxidant']","['Support', 'Actives']",[],Pattern
Salvia Officinalis Extract,Good,[],"['Plant Extracts', 'Antioxidant']","['Support', 'Actives']",[],Pattern
Citrus Species Leaf Oil,Bad,[],"['Fragrance: Synthetic and Natural', 'Irritant', 'Plant Extracts']","['Sensory', 'Risks', 'Support']",[],Pattern
Hibiscus Esculentus Fruit Extract,Good,[],"['Plant Extracts', 'Antioxidant']","['Support', 'Actives']",[],Pattern
Centella Asiatica Leaf Cell Extract,Good,[],"['Plant Extracts', 'Antioxidant']","['Support', 'Actives']",[],Pattern
Phaseolus Radiatus Extract,Good,[],"['Plant Extracts', 'Antioxidant']","['Support', 'Actives']",[],Pattern
Lavandula Intermedia Flower/Leaf/Stem Extract,Good,[],"['Plant Extracts', 'Antioxidant']","['Support', 'Actives']",[],Pattern
Bambusa Vulgaris Flower Extract,Good,[],"['Plant Extracts', 'Antioxidant']","['Support', 'Actives']",[],Pattern
Mantis Extract,Good,[],"['Plant Extracts', 'Antioxidant']","['Support', 'Actives']",[],Pattern
Melissa Officinalis Leaf Extract,Good,[],"['Plant Extracts', 'Antioxidant']","['Support', 'Actives']",[],Pattern
Cycnoches Cooperi Flower/Leaf Extract,Good,[],"['Plant Extracts', 'Antioxidant']","['Support', 'Actives']",[],Pattern
Morus Alba Extract,Good,[],"['Plant Extracts', 'Antioxidant']","['Support', 'Actives']",[],Pattern
Salvia Hispanica Seed Extract,Good,[],"['Plant Extracts', 'Antioxidant']","['Support', 'Actives']",[],Pattern
Quercus Acutissima Fruit Extract 10%,Good,[],"['Plant Extracts', 'Antioxidant']","['Support', 'Actives']",[],Pattern
Inonotus Obliquus Extract 60%,Good,[],"['Plant Extracts', 'Antioxidant']","['Support', 'Actives']",[],Pattern
Geranium Maculatum Extract,Good,[],"['Plant Extracts', 'Antioxidant']","['Support', 'Actives']",[],Pattern
Broussonetia Papyrifera Bark Extract,Good,[],"['Plant Extracts', 'Antioxidant']","['Support', 'Actives']",[],Pattern
Castanea Sativa Bud Extract,Good,[],"['Plant Extracts', 'Antioxidant']","['Support', 'Actives']",[],Pattern
Artemisia Princeps Leaf Water,Good,"['Hydration', 'Soothing']","['Humectant', 'Plant Extracts', 'Antioxidant']","['Support', 'Actives']",[],Pattern
Cyrtopodium Cardiochilum Pseudobulb Extract,Good,[],"['Plant Extracts', 'Antioxidant']","['Support', 'Actives']",[],Pattern
Magnolia Liliflora Flower Extract,Good,[],"['Plant Extracts', 'Antioxidant']","['Support', 'Actives']",[],Pattern
Amber Extract,Good,[],"['Plant Extracts', 'Antioxidant']","['Support', 'Actives']",[],Pattern
Dioscorea Villosa Root Extract 59%,Good,[],"['Plant Extracts', 'Antioxidant']","['Support', 'Actives']",[],Pattern
Fragaria Chiloensis Fruit Extract,Good,[],"['Plant Extracts', 'Antioxidant']","['Support', 'Actives']",[],Pattern
Ci 77480,Average,[],['Coloring Agent/Pigment'],['Sensory'],[],Pattern
Undaria Pinnatifida Cell Culture Extract,Good,[],"['Plant Extracts', 'Antioxidant']","['Support', 'Actives']",[],Pattern
Daucus Carota Sativa Seed Oil,Good,['Hydration'],"['Emollient', 'Plant Extracts']",['Support'],[],Pattern
Cymbopogon Schoenanthus Extract,Good,[],"['Plant Extracts', 'Antioxidant']","['Support', 'Actives']",[],Pattern
Pyrus Malus Seed Oil,Good,['Hydration'],"['Emollient', 'Plant Extracts']",['Support'],[],Pattern
Veronica Officinalis Extract,Good,[],"['Plant Extracts', 'Antioxidant']","['Support', 'Actives']",[],Pattern
Neofinetia Falcata Callus Culture Extract,Good,[],"['Plant Extracts', 'Antioxidant']","['Support', 'Actives']",[],Pattern
Ci 15985,Average,[],['Coloring Agent/Pigment'],['Sensory'],[],Pattern
Atractylodes Macrocephala Root Extract,Good,[],"['Plant Extracts', 'Antioxidant']","['Support', 'Actives']",[],Pattern
Clay Extract,Good,[],"['Plant Extracts', 'Antioxidant']","['Support', 'Actives']",[],Pattern
Citrus Aurantifolia Peel Extract,Good,[],"['Plant Extracts', 'Antioxidant']","['Support', 'Actives']",[],Pattern
Apricot Kernel Oil Polyglyceryl-6 Esters,Good,['Hydration'],"['Emollient', 'Plant Extracts']",['Support'],[],Pattern
Rosmarinus Officinalis Leaf/Stem Oil,Bad,[],"['Fragrance: Synthetic and Natural', 'Irritant', 'Plant Extracts']","['Sensory', 'Risks', 'Support']",[],Pattern
Plukenetia Volubilis Seed Oil/Oleic Acid Aminopropanediol Amides/Esters,Good,['Hydration'],"['Emollient', 'Plant Extracts']",['Support'],[],Pattern
Centella Asiatica Extract 0.2%,Good,[],"['Plant Extracts', 'Antioxidant']","['Support', 'Actives']",[],Pattern
Asparagus Racemosus Root Extract,Good,[],"['Plant Extracts', 'Antioxidant']","['Support', 'Actives']",[],Pattern
Vitex Agnus-Castus Fruit Extract,Good,[],"['Plant Extracts', 'Antioxidant']","['Support', 'Actives']",[],Pattern
Prunus Persica Kernel Oil,Good,['Hydration'],"['Emollient', 'Plant Extracts']",['Support'],[],Pattern
Aspergillus/Rice Germ Ferment Extract Filtrate 73%,Good,[],"['Plant Extracts', 'Antioxidant']","['Support', 'Actives']",[],Pattern
Quercus Robur Bark Extract,Good,[],"['Plant Extracts', 'Antioxidant']","['Support', 'Actives']",[],Pattern
Commiphora Mukul Resin Extract,Good,[],"['Plant Extracts', 'Antioxidant']","['Support', 'Actives']",[],Pattern
Gynostemma Pentaphyllum Leaf Extract,Good,[],"['Plant Extracts', 'Antioxidant']","['Support', 'Actives']",[],Pattern
Laminaria Hyperborea Extract,Good,[],"['Plant Extracts', 'Antioxidant']","['Support', 'Actives']",[],Pattern
Mentha Viridis Extract,Good,[],"['Plant Extracts', 'Antioxidant']","['Support', 'Actives']",[],Pattern
Vincetoxicum Atratum Extract,Good,[],"['Plant Extracts', 'Antioxidant']","['Support', 'Actives']",[],Pattern
Artemisia Capillaris Extract,Good,[],"['Plant Extracts', 'Antioxidant']","['Support', 'Actives']",[],Pattern
Cymbopogon Citratus Extract,Good,[],"['Plant Extracts', 'Antioxidant']","['Support', 'Actives']",[],Pattern
Melaleuca Alternifolia Leaf Water 20%,Good,"['Hydration', 'Soothing']","['Humectant', 'Plant Extracts', 'Antioxidant']","['Support', 'Actives']",[],Pattern
Paeonia Suffruticosa Bark Extract,Good,[],"['Plant Extracts', 'Antioxidant']","['Support', 'Actives']",[],Pattern
Theobroma Cacao Seed Butter,Good,['Hydration'],['Emollient'],['Support'],[],Pattern
Hibiscus Rosa-Sinensis Leaf Extract,Good,[],"['Plant Extracts', 'Antioxidant']","['Support', 'Actives']",[],Pattern
Paeonia Lactiflora Flower Water,Good,"['Hydration', 'Soothing']","['Humectant', 'Plant Extracts', 'Antioxidant']","['Support', 'Actives']",[],Pattern
Propolis Extract 70%,Good,[],"['Plant Extracts', 'Antioxidant']","['Support', 'Actives']",[],Pattern
Salix Purpurea Bark Extract,Good,[],"['Plant Extracts', 'Antioxidant']","['Support', 'Actives']",[],Pattern
Myosotis Sylvatica Flower/Leaf/Stem Extract,Good,[],"['Plant Extracts', 'Antioxidant']","['Support', 'Actives']",[],Pattern
Malpighia Emarginata Fruit Extract,Good,[],"['Plant Extracts', 'Antioxidant']","['Support', 'Actives']",[],Pattern
Eryngium Maritimum Extract,Good,[],"['Plant Extracts', 'Antioxidant']","['Support', 'Actives']",[],Pattern
Panax Ginseng Cell Culture Extract,Good,[],"['Plant Extracts', 'Antioxidant']","['Support', 'Actives']",[],Pattern
Cannabis Sativa Seed Extract,Good,[],"['Plant Extracts', 'Antioxidant']","['Support', 'Actives']",[],Pattern
Cucurbita Pepo Seed Oil 0.01%,Good,['Hydration'],"['Emollient', 'Plant Extracts']",['Support'],[],Pattern
Goat Milk Extract,Good,[],"['Plant Extracts', 'Antioxidant']","['Support', 'Actives']",[],Pattern
Siraitia Grosvenorii Fruit Extract,Good,[],"['Plant Extracts', 'Antioxidant']","['Support', 'Actives']",[],Pattern
Agrimonia Eupatoria Extract,Good,[],"['Plant Extracts', 'Antioxidant']","['Support', 'Actives']",[],Pattern
Coffea Canephora Seed Extract,Good,[],"['Plant Extracts', 'Antioxidant']","['Support', 'Actives']",[],Pattern
Melaleuca Alternifolia Leaf Extract 70%,Good,[],"['Plant Extracts', 'Antioxidant']","['Support', 'Actives']",[],Pattern
Lactobacillus/Eriodictyon Californicum Ferment Extract,Good,[],"['Plant Extracts', 'Antioxidant']","['Support', 'Actives']",[],Pattern
Citrus Sinensis Peel Extract,Good,[],"['Plant Extracts', 'Antioxidant']","['Support', 'Actives']",[],Pattern
Citrus Aurantium Dulcis Seed Oil,Good,['Hydration'],"['Emollient', 'Plant Extracts']",['Support'],[],Pattern
Cordyceps Militaris Extract,Good,[],"['Plant Extracts', 'Antioxidant']","['Support', 'Actives']",[],Pattern
Sh-Barley Seed Extract,Good,[],"['Plant Extracts', 'Antioxidant']","['Support', 'Actives']",[],Pattern
Frangula Alnus Bark Extract,Good,[],"['Plant Extracts', 'Antioxidant']","['Support', 'Actives']",[],Pattern
Camellia Japonica Seed Extract,Good,[],"['Plant Extracts', 'Antioxidant']","['Support', 'Actives']",[],Pattern
Rosmarinus Officinalis Leaf Extract 5%,Good,[],"['Plant Extracts', 'Antioxidant']","['Support', 'Actives']",[],Pattern
Agarum Cribrosum Extract,Good,[],"['Plant Extracts', 'Antioxidant']","['Support', 'Actives']",[],Pattern
Illicium Verum Fruit Extract,Good,[],"['Plant Extracts', 'Antioxidant']","['Support', 'Actives']",[],Pattern
Broussonetia Kazinoki Root Extract,Good,[],"['Plant Extracts', 'Antioxidant']","['Support', 'Actives']",[],Pattern
Trametes Versicolor Extract 3.51%,Good,[],"['Plant Extracts', 'Antioxidant']","['Support', 'Actives']",[],Pattern
Cucurbita Pepo Seed Oil,Good,['Hydration'],"['Emollient', 'Plant Extracts']",['Support'],[],Pattern
Impatiens Balsamina Leaf Extract,Good,[],"['Plant Extracts', 'Antioxidant']","['Support', 'Actives']",[],Pattern
Volcanic Ash Extract,Good,[],"['Plant Extracts', 'Antioxidant']","['Support', 'Actives']",[],Pattern
Azadirachta Indica Leaf Extract,Good,[],"['Plant Extracts', 'Antioxidant']","['Support', 'Actives']",[],Pattern
Hizikia Fusiforme Extract,Good,[],"['Plant Extracts', 'Antioxidant']","['Support', 'Actives']",[],Pattern
Sesamum Indicum Seed Oil,Good,['Hydration'],"['Emollient', 'Plant Extracts']",['Support'],[],Pattern
Raspberry Seed Oil/Tocopheryl Succinate Aminopropanediol Esters,Good,['Hydration'],"['Emollient', 'Plant Extracts']",['Support'],[],Pattern
Ananas Sativus Fruit Water,Good,"['Hydration', 'Soothing']","['Humectant', 'Plant Extracts', 'Antioxidant']","['Support', 'Actives']",[],Pattern
Corydalis Turtschaninovii Root Extract,Good,[],"['Plant Extracts', 'Antioxidant']","['Support', 'Actives']",[],Pattern
Aesculus Hippocastanum Seed Extract,Good,[],"['Plant Extracts', 'Antioxidant']","['Support', 'Actives']",[],Pattern
Rubus Chamaemorus Fruit Juice Extract,Good,[],"['Plant Extracts', 'Antioxidant']","['Support', 'Actives']",[],Pattern
Hydrolyzed Swiftlet Nest Extract,Good,[],"['Plant Extracts', 'Antioxidant']","['Support', 'Actives']",[],Pattern
Origanum Vulgare Extract,Good,[],"['Plant Extracts', 'Antioxidant']","['Support', 'Actives']",[],Pattern
Magnolia Grandiflora Leaf Extract,Good,[],"['Plant Extracts', 'Antioxidant']","['Support', 'Actives']",[],Pattern
Artemisia Capillaris Leaf Extract,Good,[],"['Plant Extracts', 'Antioxidant']","['Support', 'Actives']",[],Pattern
Pichia Minuta Extract,Good,[],"['Plant Extracts', 'Antioxidant']","['Support', 'Actives']",[],Pattern
Angelica Gigas Extract,Good,[],"['Plant Extracts', 'Antioxidant']","['Support', 'Actives']",[],Pattern
Anthyllis Vulneraria Extract,Good,[],"['Plant Extracts', 'Antioxidant']","['Support', 'Actives']",[],Pattern
Malpighia Emarginata Seed Extract,Good,[],"['Plant Extracts', 'Antioxidant']","['Support', 'Actives']",[],Pattern
Citrus Grandis Fruit Extract,Good,[],"['Plant Extracts', 'Antioxidant']","['Support', 'Actives']",[],Pattern
Allium Sativum Bulb Extract,Good,[],"['Plant Extracts', 'Antioxidant']","['Support', 'Actives']",[],Pattern
Poria Cocos Sclerotium Extract,Good,[],"['Plant Extracts', 'Antioxidant']","['Support', 'Actives']",[],Pattern
Rosa Rugosa Callus Culture Extract,Good,[],"['Plant Extracts', 'Antioxidant']","['Support', 'Actives']",[],Pattern
Ci 75120,Average,[],['Coloring Agent/Pigment'],['Sensory'],[],Pattern
Gastrodia Elata Root Extract,Good,[],"['Plant Extracts', 'Antioxidant']","['Support', 'Actives']",[],Pattern
Paeonia Lactiflora Leaf Cell Extract,Good,[],"['Plant Extracts', 'Antioxidant']","['Support', 'Actives']",[],Pattern
Ficus Carica Fruit/Leaf Extract,Good,[],"['Plant Extracts', 'Antioxidant']","['Support', 'Actives']",[],Pattern
Helichrysum Angustifolium Flower Extract,Good,[],"['Plant Extracts', 'Antioxidant']","['Support', 'Actives']",[],Pattern
Picrasma Excelsa Wood Extract,Good,[],"['Plant Extracts', 'Antioxidant']","['Support', 'Actives']",[],Pattern
Orchis Morio Flower Extract,Good,[],"['Plant Extracts', 'Antioxidant']","['Support', 'Actives']",[],Pattern
Lac Extract,Good,[],"['Plant Extracts', 'Antioxidant']","['Support', 'Actives']",[],Pattern
Myrothamnus Flabellifolia Callus Culture Extract,Good,[],"['Plant Extracts', 'Antioxidant']","['Support', 'Actives']",[],Pattern
Polypodium Leucotomos Leaf Extract,Good,[],"['Plant Extracts', 'Antioxidant']","['Support', 'Actives']",[],Pattern
Citrus Aurantium Dulcis Fruit Water,Good,"['Hydration', 'Soothing']","['Humectant', 'Plant Extracts', 'Antioxidant']","['Support', 'Actives']",[],Pattern
Pyrus Communis Fruit Cell Culture Extract,Good,[],"['Plant Extracts', 'Antioxidant']","['Support', 'Actives']",[],Pattern
Krameria Triandra Root Extract,Good,[],"['Plant Extracts', 'Antioxidant']","['Support', 'Actives']",[],Pattern
Swertia Chirata Leaf Extract,Good,[],"['Plant Extracts', 'Antioxidant']","['Support', 'Actives']",[],Pattern
Nelumbo Nucifera Leaf Extract 8.7%,Good,[],"['Plant Extracts', 'Antioxidant']","['Support', 'Actives']",[],Pattern
Prunus Cerasus Flower Extract,Good,[],"['Plant Extracts', 'Antioxidant']","['Support', 'Actives']",[],Pattern
Cupressus Sempervirens Leaf/Stem Extract,Good,[],"['Plant Extracts', 'Antioxidant']","['Support', 'Actives']",[],Pattern
Tamarindus Indica Extract,Good,[],"['Plant Extracts', 'Antioxidant']","['Support', 'Actives']",[],Pattern
Boswellia Carterii Gum Extract,Good,[],"['Plant Extracts', 'Antioxidant']","['Support', 'Actives']",[],Pattern
Saururus Chinensis Extract,Good,[],"['Plant Extracts', 'Antioxidant']","['Support', 'Actives']",[],Pattern
Vitex Agnus Castus Extract,Good,[],"['Plant Extracts', 'Antioxidant']","['Support', 'Actives']",[],Pattern
Coral Extract,Good,[],"['Plant Extracts', 'Antioxidant']","['Support', 'Actives']",[],Pattern
Capsicum Annuum Fruit Extract,Good,[],"['Plant Extracts', 'Antioxidant']","['Support', 'Actives']",[],Pattern
Hydrogenated Sunflower Seed Extract,Good,[],"['Plant Extracts', 'Antioxidant']","['Support', 'Actives']",[],Pattern
Bellis Perennis Extract,Good,[],"['Plant Extracts', 'Antioxidant']","['Support', 'Actives']",[],Pattern
Vitis Vinifera Callus Culture Extract,Good,[],"['Plant Extracts', 'Antioxidant']","['Support', 'Actives']",[],Pattern
Zantedeschia Elliottiana Flower Extract,Good,[],"['Plant Extracts', 'Antioxidant']","['Support', 'Actives']",[],Pattern
Paphiopedilum Maudiae Flower Extract,Good,[],"['Plant Extracts', 'Antioxidant']","['Support', 'Actives']",[],Pattern
Argania Spinosa Sprout Cell Extract,Good,[],"['Plant Extracts', 'Antioxidant']","['Support', 'Actives']",[],Pattern
Salvia Miltiorrhiza Root Extract,Good,[],"['Plant Extracts', 'Antioxidant']","['Support', 'Actives']",[],Pattern
Centella Asiatica Extract 55%,Good,[],"['Plant Extracts', 'Antioxidant']","['Support', 'Actives']",[],Pattern
Agastache Rugosa Extract,Good,[],"['Plant Extracts', 'Antioxidant']","['Support', 'Actives']",[],Pattern
Cordyceps Sinensis Extract,Good,[],"['Plant Extracts', 'Antioxidant']","['Support', 'Actives']",[],Pattern
Passiflora Caerulea Flower Extract,Good,[],"['Plant Extracts', 'Antioxidant']","['Support', 'Actives']",[],Pattern
Cupressus Sempervirens Seed Extract,Good,[],"['Plant Extracts', 'Antioxidant']","['Support', 'Actives']",[],Pattern
Foeniculum Vulgare Seed Extract 8.59%,Good,[],"['Plant Extracts', 'Antioxidant']","['Support', 'Actives']",[],Pattern
Avena Sativa Kernel Extract 2%,Good,[],"['Plant Extracts', 'Antioxidant']","['Support', 'Actives']",[],Pattern
Ci 77163,Average,[],['Coloring Agent/Pigment'],['Sensory'],[],Pattern
Aloe Barbadensis Leaf Extract 90%,Good,[],"['Plant Extracts', 'Antioxidant']","['Support', 'Actives']",[],Pattern
Taraxacum Officinale Leaf Extract,Good,[],"['Plant Extracts', 'Antioxidant']","['Support', 'Actives']",[],Pattern
Lepidium Sativum Sprout Extract,Good,[],"['Plant Extracts', 'Antioxidant']","['Support', 'Actives']",[],Pattern
Molasses Extract,Good,[],"['Plant Extracts', 'Antioxidant']","['Support', 'Actives']",[],Pattern
Dioscorea Villosa Root Extract 63%,Good,[],"['Plant Extracts', 'Antioxidant']","['Support', 'Actives']",[],Pattern
Hippophae Rhamnoides Fruit Extract 68%,Good,[],"['Plant Extracts', 'Antioxidant']","['Support', 'Actives']",[],Pattern
Mangifera Indica Seed Butter,Good,['Hydration'],['Emollient'],['Support'],[],Pattern
Trametes Versicolor Extract,Good,[],"['Plant Extracts', 'Antioxidant']","['Support', 'Actives']",[],Pattern
Dipteryx Alata Seed Extract,Good,[],"['Plant Extracts', 'Antioxidant']","['Support', 'Actives']",[],Pattern
Aleurites Moluccanus Seed Oil,Good,['Hydration'],"['Emollient', 'Plant Extracts']",['Support'],[],Pattern
Plantago Major Seed Extract,Good,[],"['Plant Extracts', 'Antioxidant']","['Support', 'Actives']",[],Pattern
Picea Mariana Bark Extract,Good,[],"['Plant Extracts', 'Antioxidant']","['Support', 'Actives']",[],Pattern
Origanum Vulgare Flower/Leaf/Stem Extract,Good,[],"['Plant Extracts', 'Antioxidant']","['Support', 'Actives']",[],Pattern
Carthamus Tinctorius Flower Extract,Good,[],"['Plant Extracts', 'Antioxidant']","['Support', 'Actives']",[],Pattern
Borage Seed Oil Aminopropanediol Amides,Good,['Hydration'],"['Emollient', 'Plant Extracts']",['Support'],[],Pattern
Celosia Cristata Flower Extract,Good,[],"['Plant Extracts', 'Antioxidant']","['Support', 'Actives']",[],Pattern
Cucurbita Pepo Fruit Extract,Good,[],"['Plant Extracts', 'Antioxidant']","['Support', 'Actives']",[],Pattern
Phormium Tenax Leaf Water,Good,"['Hydration', 'Soothing']","['Humectant', 'Plant Extracts', 'Antioxidant']","['Support', 'Actives']",[],Pattern
Withania Somnifera Flower Extract,Good,[],"['Plant Extracts', 'Antioxidant']","['Support', 'Actives']",[],Pattern
Linum Usitatissimum Flower Extract,Good,[],"['Plant Extracts', 'Antioxidant']","['Support', 'Actives']",[],Pattern
Dioscorea Opposita Root Extract 0.1%,Good,[],"['Plant Extracts', 'Antioxidant']","['Support', 'Actives']",[],Pattern
Hydrolyzed Cottonseed Extract,Good,[],"['Plant Extracts', 'Antioxidant']","['Support', 'Actives']",[],Pattern
Hericium Erinaceum Extract,Good,[],"['Plant Extracts', 'Antioxidant']","['Support', 'Actives']",[],Pattern
Amethyst Extract,Good,[],"['Plant Extracts', 'Antioxidant']","['Support', 'Actives']",[],Pattern
Spiraea Ulmaria Flower Extract,Good,[],"['Plant Extracts', 'Antioxidant']","['Support', 'Actives']",[],Pattern
Triticum Vulgare Bran Extract,Good,[],"['Plant Extracts', 'Antioxidant']","['Support', 'Actives']",[],Pattern
Geranium Thunbergii Extract,Good,[],"['Plant Extracts', 'Antioxidant']","['Support', 'Actives']",[],Pattern
Symphytum Officinale Rhizome/Root Extract,Good,[],"['Plant Extracts', 'Antioxidant']","['Support', 'Actives']",[],Pattern
Ci 10020,Average,[],['Coloring Agent/Pigment'],['Sensory'],[],Pattern
Fomes Officinalis Extract,Good,[],"['Plant Extracts', 'Antioxidant']","['Support', 'Actives']",[],Pattern
Citrus Jabara Peel Extract,Good,[],"['Plant Extracts', 'Antioxidant']","['Support', 'Actives']",[],Pattern
Citrus Iyo Peel Oil,Bad,[],"['Fragrance: Synthetic and Natural', 'Irritant', 'Plant Extracts']","['Sensory', 'Risks', 'Support']",[],Pattern
Luffa Cylindrica Fruit Extract,Good,[],"['Plant Extracts', 'Antioxidant']","['Support', 'Actives']",[],Pattern
Sambucus Nigra Extract,Good,[],"['Plant Extracts', 'Antioxidant']","['Support', 'Actives']",[],Pattern
Camellia Sinensis Leaf Extract 81%,Good,[],"['Plant Extracts', 'Antioxidant']","['Support', 'Actives']",[],Pattern
Nymphaea Caerulea Flower Water,Good,"['Hydration', 'Soothing']","['Humectant', 'Plant Extracts', 'Antioxidant']","['Support', 'Actives']",[],Pattern
Acacia Concinna Fruit Extract,Good,[],"['Plant Extracts', 'Antioxidant']","['Support', 'Actives']",[],Pattern
Selenicereus Megalanthus Fruit Extract,Good,[],"['Plant Extracts', 'Antioxidant']","['Support', 'Actives']",[],Pattern
Ci 77510,Average,[],['Coloring Agent/Pigment'],['Sensory'],[],Pattern
Sargassum Fusiforme Extract,Good,[],"['Plant Extracts', 'Antioxidant']","['Support', 'Actives']",[],Pattern
Ci 77015,Average,[],['Coloring Agent/Pigment'],['Sensory'],[],Pattern
Citrus Sinensis Flower Water,Good,"['Hydration', 'Soothing']","['Humectant', 'Plant Extracts', 'Antioxidant']","['Support', 'Actives']",[],Pattern
Thymus Vulgaris Leaf Extract,Good,[],"['Plant Extracts', 'Antioxidant']","['Support', 'Actives']",[],Pattern
Asparagus Officinalis Stem Extract,Good,[],"['Plant Extracts', 'Antioxidant']","['Support', 'Actives']",[],Pattern
Althaea Rosea Root Extract,Good,[],"['Plant Extracts', 'Antioxidant']","['Support', 'Actives']",[],Pattern
Stephania Tetrandra Root Extract,Good,[],"['Plant Extracts', 'Antioxidant']","['Support', 'Actives']",[],Pattern
Camellia Sinensis Root Extract,Good,[],"['Plant Extracts', 'Antioxidant']","['Support', 'Actives']",[],Pattern
Cypripedium Pubescens Extract,Good,[],"['Plant Extracts', 'Antioxidant']","['Support', 'Actives']",[],Pattern
Solanum Lycopersicum Leaf Extract,Good,[],"['Plant Extracts', 'Antioxidant']","['Support', 'Actives']",[],Pattern
Rubus Villosus Fruit Extract,Good,[],"['Plant Extracts', 'Antioxidant']","['Support', 'Actives']",[],Pattern
Hydrolyzed Malt Extract,Good,[],"['Plant Extracts', 'Antioxidant']","['Support', 'Actives']",[],Pattern
Aloe Barbadensis Flower Extract,Good,[],"['Plant Extracts', 'Antioxidant']","['Support', 'Actives']",[],Pattern
Panax Ginseng Berry Extract,Good,[],"['Plant Extracts', 'Antioxidant']","['Support', 'Actives']",[],Pattern
Oenanthe Javanica Extract,Good,[],"['Plant Extracts', 'Antioxidant']","['Support', 'Actives']",[],Pattern
Lactobacillus/Ganoderma Lucidum Extract/Lentinus Edodes Extract Ferment Filtrate,Good,[],"['Plant Extracts', 'Antioxidant']","['Support', 'Actives']",[],Pattern
Laurus Nobilis Leaf Extract,Good,[],"['Plant Extracts', 'Antioxidant']","['Support', 'Actives']",[],Pattern
Citrus Aurantium Flower Oil,Bad,[],"['Fragrance: Synthetic and Natural', 'Irritant', 'Plant Extracts']","['Sensory', 'Risks', 'Support']",[],Pattern
Sophora Japonica Extract,Good,[],"['Plant Extracts', 'Antioxidant']","['Support', 'Actives']",[],Pattern
Globularia Alypum Leaf Extract,Good,[],"['Plant Extracts', 'Antioxidant']","['Support', 'Actives']",[],Pattern
Actinidia Chinensis Fruit Extract 2%,Good,[],"['Plant Extracts', 'Antioxidant']","['Support', 'Actives']",[],Pattern
Nuphar Luteum Root Extract,Good,[],"['Plant Extracts', 'Antioxidant']","['Support', 'Actives']",[],Pattern
Citrus Aurantium Sinensis Peel Extract,Good,[],"['Plant Extracts', 'Antioxidant']","['Support', 'Actives']",[],Pattern
Hydrolyzed Linseed Extract,Good,[],"['Plant Extracts', 'Antioxidant']","['Support', 'Actives']",[],Pattern
Plant Ash Extract,Good,[],"['Plant Extracts', 'Antioxidant']","['Support', 'Actives']",[],Pattern
Pinus Sylvestris Bark Extract,Good,[],"['Plant Extracts', 'Antioxidant']","['Support', 'Actives']",[],Pattern
Helichrysum Stoechas Extract,Good,[],"['Plant Extracts', 'Antioxidant']","['Support', 'Actives']",[],Pattern
Musa Sapientum Pulp Extract,Good,[],"['Plant Extracts', 'Antioxidant']","['Support', 'Actives']",[],Pattern
Dryopteris Crassirhizoma Extract,Good,[],"['Plant Extracts', 'Antioxidant']","['Support', 'Actives']",[],Pattern
Lens Esculenta Fruit Extract 9.67%,Good,[],"['Plant Extracts', 'Antioxidant']","['Support', 'Actives']",[],Pattern
Perilla Frutescens Sprout Extract,Good,[],"['Plant Extracts', 'Antioxidant']","['Support', 'Actives']",[],Pattern
Vitis Vinifera Flower Cell Extract,Good,[],"['Plant Extracts', 'Antioxidant']","['Support', 'Actives']",[],Pattern
Portulaca Oleracea Extract 1%,Good,[],"['Plant Extracts', 'Antioxidant']","['Support', 'Actives']",[],Pattern
Spilanthes Acmella Flower/Leaf/Stem Extract,Good,[],"['Plant Extracts', 'Antioxidant']","['Support', 'Actives']",[],Pattern
Mentha Piperita Flower/Leaf/Stem Extract,Good,[],"['Plant Extracts', 'Antioxidant']","['Support', 'Actives']",[],Pattern
Centella Asiatica Leaf Extract 55%,Good,[],"['Plant Extracts', 'Antioxidant']","['Support', 'Actives']",[],Pattern
Magnolia Kobus Branch/Flower/Leaf Extract,Good,[],"['Plant Extracts', 'Antioxidant']","['Support', 'Actives']",[],Pattern
Rosmarinus Officinalis Leaf Oil 0.1%,Bad,[],"['Fragrance: Synthetic and Natural', 'Irritant', 'Plant Extracts']","['Sensory', 'Risks', 'Support']",[],Pattern
Crataegus Cuneata Fruit Extract,Good,[],"['Plant Extracts', 'Antioxidant']","['Support', 'Actives']",[],Pattern
Brassica Oleracea Italica Sprout Extract,Good,[],"['Plant Extracts', 'Antioxidant']","['Support', 'Actives']",[],Pattern
Orthosiphon Stamineus Extract,Good,[],"['Plant Extracts', 'Antioxidant']","['Support', 'Actives']",[],Pattern
Eucalyptus Globulus Leaf Oil,Bad,[],"['Fragrance: Synthetic and Natural', 'Irritant', 'Plant Extracts']","['Sensory', 'Risks', 'Support']",[],Pattern
Artemisia Annua Extract 15%,Good,[],"['Plant Extracts', 'Antioxidant']","['Support', 'Actives']",[],Pattern
Sideritis Raeseri Flower/Leaf/Stem Extract,Good,[],"['Plant Extracts', 'Antioxidant']","['Support', 'Actives']",[],Pattern
Avena Sativa Kernel Extract 5.3%,Good,[],"['Plant Extracts', 'Antioxidant']","['Support', 'Actives']",[],Pattern
Macadamia Ternifolia Seed Oil,Good,['Hydration'],"['Emollient', 'Plant Extracts']",['Support'],[],Pattern
Lactuca Scariola Sativa Leaf Extract,Good,[],"['Plant Extracts', 'Antioxidant']","['Support', 'Actives']",[],Pattern
Rubus Fruticosus Fruit Water,Good,"['Hydration', 'Soothing']","['Humectant', 'Plant Extracts', 'Antioxidant']","['Support', 'Actives']",[],Pattern
Cyathea Medullaris Leaf Extract,Good,[],"['Plant Extracts', 'Antioxidant']","['Support', 'Actives']",[],Pattern
Calendula Officinalis Flower Water,Good,"['Hydration', 'Soothing']","['Humectant', 'Plant Extracts', 'Antioxidant']","['Support', 'Actives']",[],Pattern
Ferula Galbaniflua Gum Extract,Good,[],"['Plant Extracts', 'Antioxidant']","['Support', 'Actives']",[],Pattern
Gigartina Skottsbergii Extract,Good,[],"['Plant Extracts', 'Antioxidant']","['Support', 'Actives']",[],Pattern
Avena Sativa Kernel Extract 5%,Good,[],"['Plant Extracts', 'Antioxidant']","['Support', 'Actives']",[],Pattern
Citrus Limon Fruit Water,Good,"['Hydration', 'Soothing']","['Humectant', 'Plant Extracts', 'Antioxidant']","['Support', 'Actives']",[],Pattern
Hydrolyzed Adansonia Digitata Extract,Good,[],"['Plant Extracts', 'Antioxidant']","['Support', 'Actives']",[],Pattern
Mourera Fluviatilis Extract,Good,[],"['Plant Extracts', 'Antioxidant']","['Support', 'Actives']",[],Pattern
Eel Extract 1%,Good,[],"['Plant Extracts', 'Antioxidant']","['Support', 'Actives']",[],Pattern
Hordeum Vulgare Seed Extract,Good,[],"['Plant Extracts', 'Antioxidant']","['Support', 'Actives']",[],Pattern
Royal Jelly Extract,Good,[],"['Plant Extracts', 'Antioxidant']","['Support', 'Actives']",[],Pattern
Curcuma Longa Leaf Extract,Good,[],"['Plant Extracts', 'Antioxidant']","['Support', 'Actives']",[],Pattern
Aesculus Hippocastanum Extract,Good,[],"['Plant Extracts', 'Antioxidant']","['Support', 'Actives']",[],Pattern
Stevia Rebaudiana Leaf Extract,Good,[],"['Plant Extracts', 'Antioxidant']","['Support', 'Actives']",[],Pattern
Opuntia Ficus-Indica Extract,Good,[],"['Plant Extracts', 'Antioxidant']","['Support', 'Actives']",[],Pattern
Sorbus Torminalis Fruit Extract,Good,[],"['Plant Extracts', 'Antioxidant']","['Support', 'Actives']",[],Pattern
Orange Roughy Oil,Bad,[],"['Fragrance: Synthetic and Natural', 'Irritant', 'Plant Extracts']","['Sensory', 'Risks', 'Support']",[],Pattern
Cinnamal,Bad,[],"['Fragrance: Synthetic and Natural', 'Irritant']","['Sensory', 'Risks']",['EU list of 26 fragrance allergens requiring labeling'],EU 26
Opuntia Ficus-Indica Stem Extract 30%,Good,[],"['Plant Extracts', 'Antioxidant']","['Support', 'Actives']",[],Pattern
Silkworm Cocoon Extract,Good,[],"['Plant Extracts', 'Antioxidant']","['Support', 'Actives']",[],Pattern
Prunus Mume Fruit Water 61%,Good,"['Hydration', 'Soothing']","['Humectant', 'Plant Extracts', 'Antioxidant']","['Support', 'Actives']",[],Pattern
Citrus Aurantium Dulcis Flower Extract,Good,[],"['Plant Extracts', 'Antioxidant']","['Support', 'Actives']",[],Pattern
Oryza Sativa Seed Oil,Good,['Hydration'],"['Emollient', 'Plant Extracts']",['Support'],[],Pattern
Brassica Oleracea Capitata Leaf Water,Good,"['Hydration', 'Soothing']","['Humectant', 'Plant Extracts', 'Antioxidant']","['Support', 'Actives']",[],Pattern
Pinus Sylvestris Leaf Water,Good,"['Hydration', 'Soothing']","['Humectant', 'Plant Extracts', 'Antioxidant']","['Support', 'Actives']",[],Pattern
Iris Florentina Flower Extract,Good,[],"['Plant Extracts', 'Antioxidant']","['Support', 'Actives']",[],Pattern
Medicago Sativa Seed Extract,Good,[],"['Plant Extracts', 'Antioxidant']","['Support', 'Actives']",[],Pattern
Benzyl Cinnamate,Bad,[],"['Fragrance: Synthetic and Natural', 'Irritant']","['Sensory', 'Risks']",['EU list of 26 fragrance allergens requiring labeling'],EU 26
Scutellaria Baicalensis Root Extract 50%,Good,[],"['Plant Extracts', 'Antioxidant']","['Support', 'Actives']",[],Pattern
Syzygium Jambos Leaf Extract,Good,[],"['Plant Extracts', 'Antioxidant']","['Support', 'Actives']",[],Pattern
Sesamum Indicum Seed Extract,Good,[],"['Plant Extracts', 'Antioxidant']","['Support', 'Actives']",[],Pattern
Cyclopia Genistoides Leaf Extract,Good,[],"['Plant Extracts', 'Antioxidant']","['Support', 'Actives']",[],Pattern
Glycyrrhiza Glabra Leaf Extract,Good,[],"['Plant Extracts', 'Antioxidant']","['Support', 'Actives']",[],Pattern
Cnidium Monnieri Fruit Extract 0.17%,Good,[],"['Plant Extracts', 'Antioxidant']","['Support', 'Actives']",[],Pattern
Dipteryx Odorata Bean Extract,Good,[],"['Plant Extracts', 'Antioxidant']","['Support', 'Actives']",[],Pattern
Ci 77346,Average,[],['Coloring Agent/Pigment'],['Sensory'],[],Pattern
Eichhornia Crassipes Extract,Good,[],"['Plant Extracts', 'Antioxidant']","['Support', 'Actives']",[],Pattern
Manilkara Multinervis Leaf Extract,Good,[],"['Plant Extracts', 'Antioxidant']","['Support', 'Actives']",[],Pattern
Coconut Oil Ethyl Esters,Good,['Hydration'],"['Emollient', 'Plant Extracts']",['Support'],[],Pattern
Angelica Dahurica Root Extract,Good,[],"['Plant Extracts', 'Antioxidant']","['Support', 'Actives']",[],Pattern
Melaleuca Alternifolia Leaf Extract 9.7%,Good,[],"['Plant Extracts', 'Antioxidant']","['Support', 'Actives']",[],Pattern
Cryptomeria Japonica Leaf Extract,Good,[],"['Plant Extracts', 'Antioxidant']","['Support', 'Actives']",[],Pattern
Tremella Fuciformis Extract 1%,Good,[],"['Plant Extracts', 'Antioxidant']","['Support', 'Actives']",[],Pattern
Clitoria Ternatea Fruit Extract,Good,[],"['Plant Extracts', 'Antioxidant']","['Support', 'Actives']",[],Pattern
Butyrospermum Parkii Nut Extract,Good,[],"['Plant Extracts', 'Antioxidant']","['Support', 'Actives']",[],Pattern
Urtica Dioica Leaf Extract,Good,[],"['Plant Extracts', 'Antioxidant']","['Support', 'Actives']",[],Pattern
Aegle Marmelos Fruit Extract,Good,[],"['Plant Extracts', 'Antioxidant']","['Support', 'Actives']",[],Pattern
Ci 47000,Average,[],['Coloring Agent/Pigment'],['Sensory'],[],Pattern
Tilia Europaea Flower Extract,Good,[],"['Plant Extracts', 'Antioxidant']","['Support', 'Actives']",[],Pattern
Lotus Corniculatus Flower Extract,Good,[],"['Plant Extracts', 'Antioxidant']","['Support', 'Actives']",[],Pattern
Fouquieria Splendens Stem Extract,Good,[],"['Plant Extracts', 'Antioxidant']","['Support', 'Actives']",[],Pattern
Spondias Mombin Pulp Extract,Good,[],"['Plant Extracts', 'Antioxidant']","['Support', 'Actives']",[],Pattern
Platonia Insignis Seed Butter,Good,['Hydration'],['Emollient'],['Support'],[],Pattern
Fragaria Ananassa Fruit Extract,Good,[],"['Plant Extracts', 'Antioxidant']","['Support', 'Actives']",[],Pattern
Lactobacillus/Algae Extract Ferment,Good,[],"['Plant Extracts', 'Antioxidant']","['Support', 'Actives']",[],Pattern
Cupressus Sempervirens Leaf Extract,Good,[],"['Plant Extracts', 'Antioxidant']","['Support', 'Actives']",[],Pattern
Pinus Radiata Bark Extract,Good,[],"['Plant Extracts', 'Antioxidant']","['Support', 'Actives']",[],Pattern
Argania Spinosa Kernel Extract,Good,[],"['Plant Extracts', 'Antioxidant']","['Support', 'Actives']",[],Pattern
Sempervivum Tectorum Extract,Good,[],"['Plant Extracts', 'Antioxidant']","['Support', 'Actives']",[],Pattern
Trifolium Pratense Flower Extract,Good,[],"['Plant Extracts', 'Antioxidant']","['Support', 'Actives']",[],Pattern
Abies Alba Seed Oil,Good,['Hydration'],"['Emollient', 'Plant Extracts']",['Support'],[],Pattern
Fragaria Virginiana Seed Oil,Good,['Hydration'],"['Emollient', 'Plant Extracts']",['Support'],[],Pattern
Ceratonia Siliqua Seed Extract,Good,[],"['Plant Extracts', 'Antioxidant']","['Support', 'Actives']",[],Pattern
Polianthes Tuberosa Extract,Good,[],"['Plant Extracts', 'Antioxidant']","['Support', 'Actives']",[],Pattern
Malus Domestica Fruit Cell Culture Extract,Good,[],"['Plant Extracts', 'Antioxidant']","['Support', 'Actives']",[],Pattern
Bletilla Striata Root Extract,Good,[],"['Plant Extracts', 'Antioxidant']","['Support', 'Actives']",[],Pattern
Lactobacillus/Date Fruit Ferment Extract 0.5%,Good,[],"['Plant Extracts', 'Antioxidant']","['Support', 'Actives']",[],Pattern
Terminalia Chebula Extract,Good,[],"['Plant Extracts', 'Antioxidant']","['Support', 'Actives']",[],Pattern
Ci 15510,Average,[],['Coloring Agent/Pigment'],['Sensory'],[],Pattern
Pisum Sativum Seed Extract,Good,[],"['Plant Extracts', 'Antioxidant']","['Support', 'Actives']",[],Pattern
Phaseolus Angularis Seed Extract 9.67%,Good,[],"['Plant Extracts', 'Antioxidant']","['Support', 'Actives']",[],Pattern
Lentinus Edodes Mycelium Extract,Good,[],"['Plant Extracts', 'Antioxidant']","['Support', 'Actives']",[],Pattern
Bacopa Monnieri Extract,Good,[],"['Plant Extracts', 'Antioxidant']","['Support', 'Actives']",[],Pattern
Aloe Barbadensis Leaf Extract 18%,Good,[],"['Plant Extracts', 'Antioxidant']","['Support', 'Actives']",[],Pattern
Hydrolyzed Collagen Extract,Good,[],"['Plant Extracts', 'Antioxidant']","['Support', 'Actives']",[],Pattern
Actinidia Chinensis Seed Extract,Good,[],"['Plant Extracts', 'Antioxidant']","['Support', 'Actives']",[],Pattern
Ecklonia Cava Extract,Good,[],"['Plant Extracts', 'Antioxidant']","['Support', 'Actives']",[],Pattern
Vitis Vinifera Seed Extract 8.59%,Good,[],"['Plant Extracts', 'Antioxidant']","['Support', 'Actives']",[],Pattern
Shea Butter Glycerides,Good,['Hydration'],['Emollient'],['Support'],[],Pattern
Phoenix Dactylifera Fruit Extract,Good,[],"['Plant Extracts', 'Antioxidant']","['Support', 'Actives']",[],Pattern
Tuber Aestivum Extract,Good,[],"['Plant Extracts', 'Antioxidant']","['Support', 'Actives']",[],Pattern
Aloe Barbadensis Leaf Extract 72.21%,Good,[],"['Plant Extracts', 'Antioxidant']","['Support', 'Actives']",[],Pattern
Nelumbium Speciosum Seed Extract,Good,[],"['Plant Extracts', 'Antioxidant']","['Support', 'Actives']",[],Pattern
Eugenia Caryophyllus Flower Extract,Good,[],"['Plant Extracts', 'Antioxidant']","['Support', 'Actives']",[],Pattern
Saponaria Officinalis Root Extract,Good,[],"['Plant Extracts', 'Antioxidant']","['Support', 'Actives']",[],Pattern
Hibiscus Hamabo Extract,Good,[],"['Plant Extracts', 'Antioxidant']","['Support', 'Actives']",[],Pattern
Vitis Vinifera Skin Extract,Good,[],"['Plant Extracts', 'Antioxidant']","['Support', 'Actives']",[],Pattern
Capsicum Annuum Extract,Good,[],"['Plant Extracts', 'Antioxidant']","['Support', 'Actives']",[],Pattern
Lonicera Japonica Flower Extract 90%,Good,[],"['Plant Extracts', 'Antioxidant']","['Support', 'Actives']",[],Pattern
Lamium Album Extract,Good,[],"['Plant Extracts', 'Antioxidant']","['Support', 'Actives']",[],Pattern
Equisetum Giganteum Extract,Good,[],"['Plant Extracts', 'Antioxidant']","['Support', 'Actives']",[],Pattern
Papaver Somniferum Seed Oil,Good,['Hydration'],"['Emollient', 'Plant Extracts']",['Support'],[],Pattern
Usnea Barbata Extract,Good,[],"['Plant Extracts', 'Antioxidant']","['Support', 'Actives']",[],Pattern
Prunus Serotina Bark Extract,Good,[],"['Plant Extracts', 'Antioxidant']","['Support', 'Actives']",[],Pattern
Ci 40800,Average,[],['Coloring Agent/Pigment'],['Sensory'],[],Pattern
Passiflora Incarnata Seed Oil,Good,['Hydration'],"['Emollient', 'Plant Extracts']",['Support'],[],Pattern
Luffa Cylindrica Root Extract,Good,[],"['Plant Extracts', 'Antioxidant']","['Support', 'Actives']",[],Pattern
Viscum Album Leaf Extract,Good,[],"['Plant Extracts', 'Antioxidant']","['Support', 'Actives']",[],Pattern
Piper Methysticum Root Extract,Good,[],"['Plant Extracts', 'Antioxidant']","['Support', 'Actives']",[],Pattern
Quercus Mongolica Leaf Extract,Good,[],"['Plant Extracts', 'Antioxidant']","['Support', 'Actives']",[],Pattern
Cymbidium Grandiflorum Flower Extract,Good,[],"['Plant Extracts', 'Antioxidant']","['Support', 'Actives']",[],Pattern
Moringa Oleifera Leaf Water,Good,"['Hydration', 'Soothing']","['Humectant', 'Plant Extracts', 'Antioxidant']","['Support', 'Actives']",[],Pattern
Pelargonium Capitatum Leaf Extract,Good,[],"['Plant Extracts', 'Antioxidant']","['Support', 'Actives']",[],Pattern
Ficus Carica Fruit Extract,Good,[],"['Plant Extracts', 'Antioxidant']","['Support', 'Actives']",[],Pattern
Clematis Apiifolia Extract,Good,[],"['Plant Extracts', 'Antioxidant']","['Support', 'Actives']",[],Pattern
Rosmarinus Officinalis Leaf Water 2.9%,Good,"['Hydration', 'Soothing']","['Humectant', 'Plant Extracts', 'Antioxidant']","['Support', 'Actives']",[],Pattern
Carthamus Tinctorius Extract,Good,[],"['Plant Extracts', 'Antioxidant']","['Support', 'Actives']",[],Pattern
Peat Extract 20%,Good,[],"['Plant Extracts', 'Antioxidant']","['Support', 'Actives']",[],Pattern
Oldenlandia Diffusa Extract,Good,[],"['Plant Extracts', 'Antioxidant']","['Support', 'Actives']",[],Pattern
Citrus Aurantium Amara Fruit Extract,Good,[],"['Plant Extracts', 'Antioxidant']","['Support', 'Actives']",[],Pattern
Cassia Angustifolia Seed Extract,Good,[],"['Plant Extracts', 'Antioxidant']","['Support', 'Actives']",[],Pattern
Malpighia Punicifolia Fruit Extract,Good,[],"['Plant Extracts', 'Antioxidant']","['Support', 'Actives']",[],Pattern
Vitis Vinifera Leaf Extract,Good,[],"['Plant Extracts', 'Antioxidant']","['Support', 'Actives']",[],Pattern
Crepidiastrum Denticulatum Leaf/Stem Extract,Good,[],"['Plant Extracts', 'Antioxidant']","['Support', 'Actives']",[],Pattern
Santalum Album Wood Extract,Good,[],"['Plant Extracts', 'Antioxidant']","['Support', 'Actives']",[],Pattern
Ci 16035,Average,[],['Coloring Agent/Pigment'],['Sensory'],[],Pattern
Leontopodium Alpinum Extract 78%,Good,[],"['Plant Extracts', 'Antioxidant']","['Support', 'Actives']",[],Pattern
Citrus Aurantifolia Seed Oil,Good,['Hydration'],"['Emollient', 'Plant Extracts']",['Support'],[],Pattern
Vanilla Planifolia Flower Extract,Good,[],"['Plant Extracts', 'Antioxidant']","['Support', 'Actives']",[],Pattern
Mel Extract,Good,[],"['Plant Extracts', 'Antioxidant']","['Support', 'Actives']",[],Pattern
Agaricus Blazei Extract,Good,[],"['Plant Extracts', 'Antioxidant']","['Support', 'Actives']",[],Pattern
Pyrus Malus Leaf Extract,Good,[],"['Plant Extracts', 'Antioxidant']","['Support', 'Actives']",[],Pattern
Gymnema Sylvestre Leaf Extract,Good,[],"['Plant Extracts', 'Antioxidant']","['Support', 'Actives']",[],Pattern
Citrus Junos Fruit Water,Good,"['Hydration', 'Soothing']","['Humectant', 'Plant Extracts', 'Antioxidant']","['Support', 'Actives']",[],Pattern
Liriope Muscari Root Extract,Good,[],"['Plant Extracts', 'Antioxidant']","['Support', 'Actives']",[],Pattern
Althaea Officinalis Flower Extract,Good,[],"['Plant Extracts', 'Antioxidant']","['Support', 'Actives']",[],Pattern
Padina Pavonica Thallus Extract,Good,[],"['Plant Extracts', 'Antioxidant']","['Support', 'Actives']",[],Pattern
Cucumis Melo Seed Extract,Good,[],"['Plant Extracts', 'Antioxidant']","['Support', 'Actives']",[],Pattern
Phaeodactylum Tricornutum Extract,Good,[],"['Plant Extracts', 'Antioxidant']","['Support', 'Actives']",[],Pattern
Citrus Aurantium Bergamia Leaf Oil,Bad,[],"['Fragrance: Synthetic and Natural', 'Irritant', 'Plant Extracts']","['Sensory', 'Risks', 'Support']",[],Pattern
Aspergillus Ferment Extract Filtrate,Good,[],"['Plant Extracts', 'Antioxidant']","['Support', 'Actives']",[],Pattern
Pterocarpus Marsupium Wood Extract,Good,[],"['Plant Extracts', 'Antioxidant']","['Support', 'Actives']",[],Pattern
Artemisia Asiatica Extract,Good,[],"['Plant Extracts', 'Antioxidant']","['Support', 'Actives']",[],Pattern
Centella Asiatica Extract 74%,Good,[],"['Plant Extracts', 'Antioxidant']","['Support', 'Actives']",[],Pattern
Glycine Max Leaf Extract,Good,[],"['Plant Extracts', 'Antioxidant']","['Support', 'Actives']",[],Pattern
Salvia Sclarea Extract,Good,[],"['Plant Extracts', 'Antioxidant']","['Support', 'Actives']",[],Pattern
Macrocystis Pyrifera Extract,Good,[],"['Plant Extracts', 'Antioxidant']","['Support', 'Actives']",[],Pattern
Lavandula Angustifolia Herb Oil,Bad,[],"['Fragrance: Synthetic and Natural', 'Irritant', 'Plant Extracts']","['Sensory', 'Risks', 'Support']",[],Pattern
Pinus Densiflora Bark Extract,Good,[],"['Plant Extracts', 'Antioxidant']","['Support', 'Actives']",[],Pattern
Sambucus Nigra Flower Water,Good,"['Hydration', 'Soothing']","['Humectant', 'Plant Extracts', 'Antioxidant']","['Support', 'Actives']",[],Pattern
Houttuynia Cordata Extract 85%,Good,[],"['Plant Extracts', 'Antioxidant']","['Support', 'Actives']",[],Pattern
Allium Cepa Bulb Extract,Good,[],"['Plant Extracts', 'Antioxidant']","['Support', 'Actives']",[],Pattern
Pyrus Malus Fruit Water,Good,"['Hydration', 'Soothing']","['Humectant', 'Plant Extracts', 'Antioxidant']","['Support', 'Actives']",[],Pattern
Mentha Arvensis Leaf Extract,Good,[],"['Plant Extracts', 'Antioxidant']","['Support', 'Actives']",[],Pattern
Ci 45410,Average,[],['Coloring Agent/Pigment'],['Sensory'],[],Pattern
Melaleuca Alternifolia Leaf Water,Good,"['Hydration', 'Soothing']","['Humectant', 'Plant Extracts', 'Antioxidant']","['Support', 'Actives']",[],Pattern
Codonopsis Lanceolata Extract,Good,[],"['Plant Extracts', 'Antioxidant']","['Support', 'Actives']",[],Pattern
Opuntia Coccinellifera Flower Extract,Good,[],"['Plant Extracts', 'Antioxidant']","['Support', 'Actives']",[],Pattern
Moringa Oleifera Seed Extract,Good,[],"['Plant Extracts', 'Antioxidant']","['Support', 'Actives']",[],Pattern
Phellinus Linteus/Rice Ferment Extract,Good,[],"['Plant Extracts', 'Antioxidant']","['Support', 'Actives']",[],Pattern
Juglans Nigra Bark Extract,Good,[],"['Plant Extracts', 'Antioxidant']","['Support', 'Actives']",[],Pattern
Rosmarinus Officinalis Leaf Oil,Bad,[],"['Fragrance: Synthetic and Natural', 'Irritant', 'Plant Extracts']","['Sensory', 'Risks', 'Support']",[],Pattern
Citrus Nobilis Peel Oil 0.2%,Bad,[],"['Fragrance: Synthetic and Natural', 'Irritant', 'Plant Extracts']","['Sensory', 'Risks', 'Support']",[],Pattern
Citrus Medica Vulgaris Fruit Extract,Good,[],"['Plant Extracts', 'Antioxidant']","['Support', 'Actives']",[],Pattern
Rosa Canina Leaf Extract,Good,[],"['Plant Extracts', 'Antioxidant']","['Support', 'Actives']",[],Pattern
Asparagus Officinalis Root Extract,Good,[],"['Plant Extracts', 'Antioxidant']","['Support', 'Actives']",[],Pattern
Rosa Gallica Callus Extract,Good,[],"['Plant Extracts', 'Antioxidant']","['Support', 'Actives']",[],Pattern
Iris Ensata Extract,Good,[],"['Plant Extracts', 'Antioxidant']","['Support', 'Actives']",[],Pattern
Backhousia Citriodora Leaf Extract,Good,[],"['Plant Extracts', 'Antioxidant']","['Support', 'Actives']",[],Pattern
Opuntia Humifusa Stem Extract,Good,[],"['Plant Extracts', 'Antioxidant']","['Support', 'Actives']",[],Pattern
Artemisia Capillaris Extract 50%,Good,[],"['Plant Extracts', 'Antioxidant']","['Support', 'Actives']",[],Pattern
Hydrogenated Coconut Oil,Good,['Hydration'],"['Emollient', 'Plant Extracts']",['Support'],[],Pattern
Tuber Magnatum Extract,Good,[],"['Plant Extracts', 'Antioxidant']","['Support', 'Actives']",[],Pattern
Ipomoea Batatas Extract,Good,[],"['Plant Extracts', 'Antioxidant']","['Support', 'Actives']",[],Pattern
Malva Sylvestris Flower Extract,Good,[],"['Plant Extracts', 'Antioxidant']","['Support', 'Actives']",[],Pattern
Melia Azadirachta Extract,Good,[],"['Plant Extracts', 'Antioxidant']","['Support', 'Actives']",[],Pattern
Avena Sativa Straw Extract,Good,[],"['Plant Extracts', 'Antioxidant']","['Support', 'Actives']",[],Pattern
Lawsonia Inermis Flower/Fruit/Leaf Extract,Good,[],"['Plant Extracts', 'Antioxidant']","['Support', 'Actives']",[],Pattern
Tetraselmis Suecica Extract,Good,[],"['Plant Extracts', 'Antioxidant']","['Support', 'Actives']",[],Pattern
Lilium Longiflorum Flower Extract,Good,[],"['Plant Extracts', 'Antioxidant']","['Support', 'Actives']",[],Pattern
Hydrogenated Apricot Kernel Oil,Good,['Hydration'],"['Emollient', 'Plant Extracts']",['Support'],[],Pattern
Rubus Arcticus Callus Extract,Good,[],"['Plant Extracts', 'Antioxidant']","['Support', 'Actives']",[],Pattern
Rosmarinus Officinalis Stem Oil,Bad,[],"['Fragrance: Synthetic and Natural', 'Irritant', 'Plant Extracts']","['Sensory', 'Risks', 'Support']",[],Pattern
Aspergillus/Saccharomyces/Barley Seed Ferment Extract,Good,[],"['Plant Extracts', 'Antioxidant']","['Support', 'Actives']",[],Pattern
Prunus Armeniaca Fruit Water,Good,"['Hydration', 'Soothing']","['Humectant', 'Plant Extracts', 'Antioxidant']","['Support', 'Actives']",[],Pattern
Alcohol Denat.,Bad,[],"['Solvent', 'Irritant']","['Utility', 'Risks']",[],Manual
Jasminum Grandiflorum Flower Extract,Good,[],"['Plant Extracts', 'Antioxidant']","['Support', 'Actives']",[],Pattern
Lactobacillus/Leuconostoc/Coconut Fruit Extract Ferment Filtrate,Good,[],"['Plant Extracts', 'Antioxidant']","['Support', 'Actives']",[],Pattern
Solanum Virginianum Extract,Good,[],"['Plant Extracts', 'Antioxidant']","['Support', 'Actives']",[],Pattern
Lonicera Caprifolium Extract,Good,[],"['Plant Extracts', 'Antioxidant']","['Support', 'Actives']",[],Pattern
Acanthopanax Sessiliflorus Bark Extract,Good,[],"['Plant Extracts', 'Antioxidant']","['Support', 'Actives']",[],Pattern
Allium Fistulosum Bulb Extract,Good,[],"['Plant Extracts', 'Antioxidant']","['Support', 'Actives']",[],Pattern
Cyclopia Intermedia Leaf Extract,Good,[],"['Plant Extracts', 'Antioxidant']","['Support', 'Actives']",[],Pattern
Salvia Miltiorrhiza Flower/Leaf/Root Extract,Good,[],"['Plant Extracts', 'Antioxidant']","['Support', 'Actives']",[],Pattern
Citrus Junos Fruit Extract,Good,[],"['Plant Extracts', 'Antioxidant']","['Support', 'Actives']",[],Pattern
Gardenia Jasminoides Meristem Cell Culture Extract,Good,[],"['Plant Extracts', 'Antioxidant']","['Support', 'Actives']",[],Pattern
Malva Sylvestris Flower/Leaf Extract,Good,[],"['Plant Extracts', 'Antioxidant']","['Support', 'Actives']",[],Pattern
Rubus Idaeus Fruit Extract,Good,[],"['Plant Extracts', 'Antioxidant']","['Support', 'Actives']",[],Pattern
Cymbopogon Martini Herb Extract,Good,[],"['Plant Extracts', 'Antioxidant']","['Support', 'Actives']",[],Pattern
Fragaria Vesca Leaf Extract,Good,[],"['Plant Extracts', 'Antioxidant']","['Support', 'Actives']",[],Pattern
Citrus Aurantium Tachibana Peel Extract,Good,[],"['Plant Extracts', 'Antioxidant']","['Support', 'Actives']",[],Pattern
Quercus Acuta Branch/Leaf Extract,Good,[],"['Plant Extracts', 'Antioxidant']","['Support', 'Actives']",[],Pattern
Turnera Diffusa Leaf Extract,Good,[],"['Plant Extracts', 'Antioxidant']","['Support', 'Actives']",[],Pattern
Butyrospermum Parkii Butter 0.5%,Good,['Hydration'],['Emollient'],['Support'],[],Pattern
Theobroma Cacao Seed Extract,Good,[],"['Plant Extracts', 'Antioxidant']","['Support', 'Actives']",[],Pattern
Lilium Tigrinum Extract,Good,[],"['Plant Extracts', 'Antioxidant']","['Support', 'Actives']",[],Pattern
Salix Daphnoides Bud/Leaf/Stem Extract,Good,[],"['Plant Extracts', 'Antioxidant']","['Support', 'Actives']",[],Pattern
Cocos Nucifera Fruit Extract,Good,[],"['Plant Extracts', 'Antioxidant']","['Support', 'Actives']",[],Pattern
Lamium Album Flower/Leaf/Stem Extract,Good,[],"['Plant Extracts', 'Antioxidant']","['Support', 'Actives']",[],Pattern
Hibiscus Mutabilis Flower Extract,Good,[],"['Plant Extracts', 'Antioxidant']","['Support', 'Actives']",[],Pattern
Vitis Vinifera Vine Extract,Good,[],"['Plant Extracts', 'Antioxidant']","['Support', 'Actives']",[],Pattern
Vitis Vinifera Fruit Extract 89%,Good,[],"['Plant Extracts', 'Antioxidant']","['Support', 'Actives']",[],Pattern
Lapsana Communis Flower/Leaf/Stem Extract,Good,[],"['Plant Extracts', 'Antioxidant']","['Support', 'Actives']",[],Pattern
Eriobotrya Japonica Seed Extract,Good,[],"['Plant Extracts', 'Antioxidant']","['Support', 'Actives']",[],Pattern
Picrorhiza Kurrooa Rhizome/Root Extract,Good,[],"['Plant Extracts', 'Antioxidant']","['Support', 'Actives']",[],Pattern
Citrus Grandis Leaf Extract,Good,[],"['Plant Extracts', 'Antioxidant']","['Support', 'Actives']",[],Pattern
